ANO,IMPERIAL皇家斯加诺,特级初榨橄榄油750ml*2瓶,宏福精装礼盒装,1
1231036,10.5,泰国进口,大哥牌Koh-Kae,芥末味香酥花生豆80g,1
1231034,10.5,泰国进口,大哥牌Koh-Kae,烧烤味香酥花生豆80g,1
1231033,10.5,泰国进口,大哥牌Koh-Kae,虾味香酥花生豆80g,1
1231032,10.5,泰国进口,大哥牌Koh-Kae,咖啡味香酥花生豆85g,1
1744313,3.9,金泰,,红腰豆,罐头,410g,1
1231784,14.6,三岛,日式拌菜汁（芥末）,210g,1
1197362,139.0,坎诺拉（Canola）加拿大原装进口芥花籽油3L,1
1322455,96.0,中华老字号,立丰金牌大礼包620g,1
1322486,99.0,凤山,安溪铁观音清香型WT1020X乌龙茶茶叶,250g,1
1666432,29.9,福海堂,法兰西玫瑰35g铁罐装花草茶,1
1666433,25.0,福海堂,洛神花铁罐装花草茶30g,1
1229293,19.9,华味亨,精选扁桃仁,150g,1
1513324,42.8,雀巢(Nestle),雀巢美禄巧克力,1,kg,麦芽可可粉,1
1268544,22.5,中国台湾进口,贝瑞斯塔（BARISTA）蓝山拿铁味咖啡105g,1
2130559,5.9,越南进口,谷蒂奶酪味脆皮花生豆40g,1
1618596,28.0,荷兰乳牛,多维营养配方奶粉400g,袋装,1
1618594,168.0,荷兰乳牛,中老年益生菌奶粉1.8kg礼盒【2听礼盒装】,1
2130560,5.9,越南进口,谷蒂蒜味香脆豌豆40g,1
2117573,26.9,百草味,休闲零食,鲜香杏鲍菇200g/袋,1
2130569,5.9,越南进口,谷蒂芥末味香脆豌豆40g,1
2130568,7.9,越南进口,谷蒂葡萄干40g,1
1741904,7.5,广乐,,,甜酒酿醪糟,350g,1
1741900,8.0,海天,,,叉烧酱,280g,1
1299006,49.0,君乐宝,开啡尔,巴氏杀菌常温酸牛奶200g*12钻石装/礼盒装,1
1819575,4.9,宝奴咪（Bonumee）酸砂彩虫橡皮糖,60g,1
1741934,32.9,太太乐,,天天旺鸡精,1kg,1
1741930,22.5,湘君府,,鱼头剁椒,2.3kg,1
1741927,21.5,坛坛乡,,精制剁辣椒,1.15kg,1
1299044,22.9,一品巷子,坚果炒货,夏果,奶香夏威夷果208g,1
1819596,4.9,宝奴咪（Bonumee）酸桃心橡皮糖,60g,1
1757382,39.9,澳大利亚进口,黄金手指,Butterfingers,裙形黄油曲奇饼干150g,1
2021431,128.0,八马茶业,小浓香安溪铁观音礼盒,浓香型乌龙茶250克/盒,1
2021429,200.0,八马茶业,2015新茶春茶,浙江龙井绿茶,银龙井礼盒装128克/盒,1
1299029,33.9,一品巷子,坚果炒货,奶香手剥山核桃208g,1
2117564,14.9,百草味,饼干蛋糕,零食杂粮饼125g/盒,1
1424256,13.9,德辉金华酥饼,梅干菜扣肉大酥饼240g,1
1788320,128.0,富昌,合家欢精选礼盒,1220g,1
1336771,29.8,西域良品,和田骏枣三等,新疆特产大枣,红枣,蜜饯果干,500g,1
1788322,88.0,富昌,团圆桂圆礼盒,1800g,1
852184,10.3,徐福记沙琪玛松软蛋黄味311g,1
1319181,41.9,康师傅,绿茶,蜂蜜茉莉味2L*6瓶,整箱,1
904604,17.9,一品玉,坚果,炒货,干果,美国盐焗腰果180g/袋（新老包装交替发货）,1
1788331,128.0,富昌,大礼包,1220g,1
1319199,57.9,康师傅,经典奶茶,核桃味500ml*15瓶,整箱,1
1319215,86.0,稻香村,臻味锦礼,京八件糕点礼盒1200g（礼袋随机发放）,1
1319211,45.9,康师傅,本味茶庄,甘醇绿茶（无糖）350ml*15瓶,整箱,1
2099340,109.0,憨豆熊,坚果礼盒,干果零食大礼包年货礼盒9袋装,送礼礼盒967g(新老包装随机发货）,1
1319228,8.9,皇城御坊,牛汁兰花豆,300g,1
1788314,99.0,富昌,吉祥如意礼盒,970g,1
1742767,65.0,内蒙古科尔沁,,休闲零食,,风干牛肉干五香味250g,1
686486,43.4,澳大利亚,LEGGO'S,立格仕,蕃茄洋葱,意大利面酱,575g,1
1742772,99.0,内蒙古科尔沁,,休闲零食,,风干牛肉干五香味400g,1
1742774,79.0,内蒙古科尔沁,,休闲零食,,超干风干牛肉干香辣味175g,1
1319262,29.9,喵在岛,寿司海苔50枚135g,1
686488,39.9,澳大利亚LEGGO'S立格仕奶油芝士意大利面酱565g,1
1319275,380.0,稻田渔,,,有机大米,5kg,1
1336750,5.5,风筝面包粉,面条/面包,高筋小麦面粉,烘焙原材料,500G,1
1336755,5.5,风筝全麦粉,中筋小麦面粉,馒头/面条/饺子粉,原料,500g,1
1336759,13.4,风筝面包粉,面条/面包,高筋小麦面粉,烘焙原材料,1kg,1
1336761,5.5,风筝蛋糕粉,蛋糕/糕点,低筋小麦面粉,烘焙原材料,500g,1
1336762,8.9,风筝特一粉,中筋小麦面粉,馒头/面条/饺子粉,原料,1kg,1
1336767,39.8,西域良品,纸皮核桃一级,新疆阿克苏大核桃,坚果,500g,1
1160155,39.9,海牌,长今传统海苔9包,45g,1
1319298,99.0,西班牙进口,拉欧莎（Laorza）百花蜂蜜礼盒500g*2,1
1336680,59.9,西域良品,和田骏枣一等,新疆特产大枣,红枣,果干蜜饯,500g,1
1336696,45.8,西域良品,若羌灰枣一等,新g,1
1336696,45.8,西域良品,若羌灰枣一等,新g,1
1336696,45.8,西域良品,若羌灰枣一等,新g,1
1336696,45.8,西域良品,若羌灰枣一等,新g,1
1336696,45.8,西域良品,若羌灰枣一等,新g,1
1336696,45.8,西域良品,若羌灰枣一等,新g,1
1336696,45.8,西域良品,若羌灰枣一等,新g,1
1336696,45.8,西域良品,若羌灰枣一等,新g,1
1336696,45.8,西域良品,若羌灰枣一等,新g,1
1336696,45.8,西域良品,若羌灰枣一等,新g,1
1336696,45.8,西域良品,若羌灰枣一等,新g,1
1336696,45.8,西域良品,若羌灰枣一等,新g,1
1336696,45.8,西域良品,若羌灰枣一等,新g,1
1336696,45.8,西域良品,若羌灰枣一等,新g,1
1336696,45.8,西域良品,若羌灰枣一等,新g,1
1336696,45.8,西域良品,若羌灰枣一等,æ48078,19.6,以美,玫瑰茄茶,洛神花茶,花果茶35g/罐,1
1528304,30.0,方家铺子,湘莲子,湘潭通芯莲子,250g,1
2048095,24.8,以美,金银花茶,花草茶,30g/罐,1
1354198,20.72,立顿（Lipton）立顿绝品醇比利时风情巧克力味奶茶,190g,1
2099692,375.0,滇彩,一壶春秋,普洱茶100g*5,,,送茶针,1
1865005,68.0,西王,玉米胚芽油,1.8L*2礼盒装,非转基因食用油,1
2048058,28.8,以美,冻干柠檬片,柠檬干,泡水,水果花茶25g/罐,1
1865010,24.9,英国原装进口,欧倍（Alpen）水果果仁谷物棒5条装,代餐能量棒,140g,1
1711910,9.9,史努比（SNOOPY）净含量150克¥羌灰枣一等,新g,1
1336696,45.8,西域良品,若羌灰裞£一等,新g,1
1336696,45.8,西域良品,若羌灰枣一筼°g,1
1336696,45.8,西域良品,若羌灰枣一等,新g,1
1354189,17.71,立顿（Lipton）立顿绝品醇英式金装奶茶固体饮料,190g,1
1711895,12.9,麦吉士,mage's,原味脆华夫105g/盒,格格香脆华夫饼干休闲零食,1
1711902,12.9,麦吉士,mage's,黑糖味脆华夫105g/盒,格格香脆华夫饼干休闲零食,1
1788122,99.0,白い恋人,白色巧克力夹心饼干,12枚,132g,礼盒装,日本进口,1
1354212,13.96,立顿（Lipton）温润红茶,50g,1
1847584,35.9,新疆特产,优品本色,蜜饯,果干,和田红枣五星400g/袋,1
1268136,13.9,老闫家,南瓜子150g,1
1865160,89.9,鲁花,压榨葵花籽油,5L,1
1268132,21.6,老闫家,黑南瓜子208g,1
1319131,63.9,沃福百瑞,宁夏枸杞56g*5袋,1
2048176,29.9,仞果仁谷物棒5条装,代餐能量棒,140g,1
1711910,9.9,,1努比（SNOOPY）净含量150克¥羌灰枣一等,新g,1
1336 哈特浓清凉牛奶糖300g,1
852264,5.8,徐福记三明治馥¿域良品,若羌灰枣一筼°g,1
1336696,45.8,西域良å礼盒,京东特供,1370g,（新老包装随机发货）,1
2186911,149.0,楼兰蜜语,年货坚果礼盒,新意疆至零食å士,mage's,原味脆华夫105g/盒,格格香脆华夫饼岹休闲零食,1
1711902,12.9,麦吉士,mage's,黑糖味脆华å105g/盒,格格香脆华夫饼干休闲零食,1
1788122,99.0,3½い恋人,白色巧克力夹心饼干,12枚,132g,礼盒装烗¥本进口,1
1354212,13.96,立顿（Lipton）温润红茶,5口味,自热炒饭,250g,1
1649972,11.9,厨师,方便炒饭,星洺¢枣五星400g/袋,1
1268136,13.9,老闫家,南瓜子150g,1,,碧根果等休闲零食大礼包,坚果零食8包组合1750g,1
670469,119.0,德国,进口牛奶,甘蒂牧场（MUH）部分脱脂纯牛奶1L*6盒,1
1619720,30.25,来伊份(lyfen)肉类,鸡肉,奥尔良风味烤翅260g,1
1619733,20.5,来伊份（lyfen枣一等,新g,1
1336 哈特浓清凉牛奶糖300g,1
852264.8,徐福记三明治馥¿域良品,若羌灰枣一筼°g,1
,曼妥思（mentos）薄荷味散糖袋装1kg,1
1320888,49.9,曼妥思（mentos）水果味散糖袋装1kg,1
1229867,15.8,印尼进口,Indo,mie,营多传统辣味捞面80g*5袋,1
1320892,9.9,曼妥思（mentos）清劲无糖薄荷糖青柠薄荷味50粒金属瓶装35g,1
1300242,167.9,蒙草堂,,,,冷冻脱蜡亚麻籽油,500ml/瓶亚麻酸含量51--55%,1
2216060,40.07,奥利奥,Oreo,巧克棒新年臻选礼盒巧克力味奶白巧克力味384g,1
1300246,197.9,蒙草堂,,,,冷冻脱蜡亚麻籽油,500ml/瓶,,亚麻酸含量57--60%,1
1424640,38.0,滇之澜普洱茶原味小金沱（生）20粒*3g,1
1424654,258.0,天方茶叶,绿茶太平猴魁茶叶礼盒128g,1
1300227,18.9,良品铺子,椒盐碧根果208g,1
1424658,238.0,天方茶叶,绿茶黄山毛峰茶叶礼盒200g,1
1300239,19.9,良品铺子,肉干,肉脯,风味猪肉脯200g,1
1300237,89.9,星海湖冷榨亚麻籽油500ml,1
1300236,84.9,蒙草堂,冷冻脱蜡,亚麻籽油250ml/瓶亚麻酸含量51--55%,1
1424633,38.0,天方茶叶,绿茶龙井茶68g,1
903918,8.5,奥地利,KOTANYI,可达怡,意大利,香草调料,14g(新老包装随机发送),1
1424625,258.0,天方茶叶,绿茶六安瓜片茶叶礼盒180g,1
1564219,23.0,君乐宝,超酸乳,葡萄味乳味饮料250ml*12盒/礼盒装,1
,,,,冷冻脱蜡亚麻籽油,500ml/瓶亚麻酸含量51--553.1
2216060,40.07,奥利奥,Oreo,巧克棒新年臻选礼盒å»山绿茶袋泡茶135g,1
903922,8.5,奥地利,KOTANYI,可达æ»脱蜡亚麻籽油,500ml/瓶,,亚麻酸含量57--60%,1
1º¦640,38.0,滇之澜普洱茶原味小金沱（生）20粒*3g,1¸é24654,258.0,天方茶叶,绿茶太平猴魁茶叶礼盒128è1300227,18.9,良品铺子,椒盐碧根果208g,1
1424658,239,0,天方茶叶,绿茶黄山毛峰茶叶礼盒200g,1
1300239,,1
1212784,159.0,极地熊牌（POLAR,BEAR）加拿大魁北克进口蜂蜜,黄花蜂蜜1000克,1
1282633,25.5,中国香港品牌,虎标,TradeMark,玫瑰黑糖,红糖,150g/瓶,1
2022636,38.0,江苏特产泰州梅香食品皮蛋礼盒包装松花蛋,1
1282641,25.5,中国香港品牌,虎标,TradeMark,,桂花黑糖,红糖,150g/瓶,1
1282643,25.5,中国香港品牌,虎标,TradeMark,老姜黑糖,红糖,150g/瓶,1
2169920,22.9,百味乳味饮料250ml*12盒/礼盒装,1
,,,,冷冻脱蜡ä/袋,1
1106790,13.2,康师傅,方便面,（KSF）,酸菜牛肉三连桶,1
1335848,6.3,悠哈,特浓抹茶牛奶糖40g,,条,1
1212802,19.9,芬帝,焙烤,腰果95g,1
1106760,5.4,迪士尼&海福盛（Disney）,滑鸡玉米燕麦粥,40g,1
1335837,普洱茶原味小金沱（生）20粒*3g,1¸é24654,258.0ay's）薯片,清爽酸奶味,40g,1
1355585,5.8,乐事（Lay'sï¯品铺子,椒盐碧根果208g,1
1424658,239,0,天方茶ay's）薯片,青柠味,104g,1
1335822,15.0,五芳斋,蛋黄鲜肉粽,真空包装方便速食,280g,1
1546809,99.0,新西兰进口,安佳金装儿童牛奶125ml*27,家庭环保装,1
1439997,19.9,烘焙原料,烘焙diy,金龙鱼原味预拌面包粉,面粉355G,1
2067353,99.0,祁草养生,安溪铁观音礼盒,乌龙茶礼盒装,禅心款,250g,1
1970448,108.0,怡浓（ENONg/瓶,1
1282643,25.5,中国香港品牌,虎标,TradeMark,老5.§黑糖,红糖,150g/瓶,1
2169920,22.9,百味乳味饮料éml*12盒/礼盒装,1
,,,,冷冻脱蜡ä/袋,1
1106790,13°èº·师傅,方便面,（KSF）,酸菜牛肉三连桶,1
1335298,6.3,悠哈,特浓抹茶牛奶糖40g,,条,1
1212802,19.9,è礼盒装,1
2169918,26.9,百草味,坚果炒货,干果果仁,零食炭烧腰果100g/袋,京东专供,1
2169915,96.0,喜之郲±（生）20粒*3g,1¸é24654,258.0ay's）薯片,清爽酸å³,40g,1
1355585,5.8,乐事（Lay'sï¯品铺子,椒盐碧æ­,饼干,糕点,蔓越莓曲奇90g,1
1910757,5.2,顶味,挂面,1335822,15.0,五芳斋,蛋黄鲜肉粽,真空包装方便速鑳,挂面,鸡蛋面,细条面条,250g,1
2216597,68.8,奥利奥,Oreo,精选饼干礼盒650g,1
1898903,9.5,明治（Meiji）明治雪吻巧克力,33g（绿茶味）,1
1666003,7.8,小王子烤薯世家,,香辣味非油炸薯片,109g,1
1970868,39.9,怡浓（ENON）纯可可脂盒装,珍果巧克力,160g,1
1898987,9.9,明治（Meiji）特纯黑巧克力56%,65g,1
1477287,26.8,马来西亚进口,可康（cocan）扁桃仁味果冻（含椰纤果）708g（118g*6杯）,1
1477284,26.8,马来西亚进口,可康（cocan）香草味果冻708g（118g*6杯）,1
1665945,4.9,小王子,原味香雪饼,84g,1
1665944,9.9,小王子,聪,坚果炒货,干果果仁,零食炭烧腰果100g/袋,京东39,5.9,捏吧,五香海苔休闲丸子80g,1
1910646,7.1,乐天（Lotte）巧克力棒,32g,1
2170742,1.0,一楠,白咖啡三合一速溶奶茶单条15g,1
314359,37.0,佳宝,休闲零食,九å
1910757,5.2,顶味,挂面,1335822,15.0,五芳斋,蛋黄鲜è¥¶茶15g,1
1494699,119.0,特种兵,生榨椰子汁,245mlx30罐,1
1741579,7.5,内蒙特产,天美华乳,马背奶干,牛奶酪丹,140g,1
1741586,19.0,内蒙特产,天美华乳,额颉盒装,牛奶原味奶茶,270g,1
2005944,10.5,泰国进口,大哥Koh-Kae,芥末味花生豆180g,1
314295,19.9,佳宝,,休闲零食,鷧克力,160g,1
1898987,9.9,明治（Meiji）特纯黑巧克åaello）拉斐尔脆雪柔椰蓉扁桃仁糖果酥球心型盒装10粒,1
1370335,17.0,天喔,,肉干,,肉脯,,Q猪香辣小香肠100g,1
1789242,9.9,西班牙原装进口,蓓琳娜（BELLINA）PDO特级初榨橄榄油,100ML,1
314298,29.0,佳宝,休闲零食,杨梅45g*10袋,1
1370342,13.8,口水娃,奶油味ç§腰果100g/袋,京东39,5.9,捏吧,五香海苔休闲丸±,,,水芥丝,5kg,1
1650226,23.9,怡达,灵猴部落新疆红枣250g,1
1741490,5.9,友联,,,大重庆火锅底料,150g,1
1546433,19.9,百草味,坚果炒货,零食干果果仁,烘焙腰果190g/袋,1
1477571,5.0,印尼进口,皇冠（danisa）丹麦曵,生榨椰子汁,245mlx30罐,1
1741579,7.5,内蒙特产,天干青梅果220g,1
1960885,86.9,悠诗诗（UCC）117,速溶咖座,天美华乳,额颉盒装,牛奶原味奶茶,270g,1
200594ni10.5,泰国进口,大哥Koh-Kae,芥末味花生豆180g,1
3142å19.9,佳宝,,休闲零食,鷧克力,160g,1
1898987,9.9,明æ16.5,哙哙推荐,戴丽斯美式提子燕麦曲奇饼干170g,1
903422,7.5,曼妥思劲嚼充气糖缤纷葡萄120g,1
903420,7.5,曼妥思劲嚼充气糖水果酸奶120g,1
1650188,4.9,百果£进口,蓓琳娜（BELLINA）PDO特级初榨橄榄油,100ML山,梅好时刻黑糖话梅63g,1
1898727,5.5,贡客多味葵è3.8,口水娃,奶油味ç§腰果100g/袋,京东39,5.9,æ8§,五香海苔休闲丸±,,,水芥丝,5kg,1
1650226,23.9,怡420g/盒（10g*42袋）,1
1741540,16.0,内蒙特产,天美华乳,额颉盒装,牛奶红枣奶茶270g,1
1477552,14.5,日本进口,富璐达（Furuta）,抹茶味,夹心曲奇饼干,68g,1
1546431,11.9,百草味,肉干肉脯,白芝麻猪肉脯,100g/袋,1
1477563,14.5,日本进口,富璐达（Furuta）,巧克力味（UCC）117,速溶咖座,天美华乳,额颉盒装,牛奶å瑳奶茶,270g,1
200594ni10.5,泰国进口,大哥Koh-Kae,芥朿9³花生豆180g,1
3142å19.9,佳宝,,休闲零食,鷧克力,子烤薯世家,番茄味非油炸薯片,109g,1
2131110,12.8,越凕麦曲奇饼干170g,1
903422,7.5,曼妥思劲嚼充气糖缿º·葡萄120g,1
903420,7.5,曼妥思劲嚼充气糖水果酸奷§克力蛋160g,1
314000,18.8,金帝牛奶巧克力135g,1
947385,§初榨橄榄油,100ML山,梅好时刻黑糖话梅63g,1
18987¤¼,5.5,贡客多味葵è3.8,口水娃,奶油味ç§腰果100g©é,京东39,5.9,æ8§,五香海苔休闲丸±,,,水芥丝,5©福10.2,海苔味棕米片50克,非油炸型膨化食品,1
2154106,9.9,韩国进口乐天（Lotte）乐天蓝莓棒,43g,1
680543,34.0,比利时进口Belgian白丽人心形巧克力65g,1
159²奇饼干,68g,1
1546431,11.9,百草味,肉干肉脯,白芝é猪肉脯,100g/袋,1
1477563,14.5,日本进口,富璐达（Fuåa）,巧克力味（UCC）117,速溶咖座,天美华乳,额¸元,利乐枕纯牛奶227ml*16袋/箱,1
2154076,13.8,韩国进口海太（海太）元祖辣味打糕条,110g,1
906797,34.9,比利时MAILLE魅雅芥末蛋黄酱200g,1
1247085,66.0,新疆特产,一品玉,和田大枣五星450g*2袋,1
906841,49.9,美国劲嚼充气糖缿º·葡萄120g,1
903420,7.5,曼妥思劲å¸杞植物饮料,310ml,1
1281666,32.5,友臣,肉松饼,家庭分享装,624克,1
1356655,59.0,御茶茶业,生姜桂圆黑糖26³话梅63g,1
18987¤¼,5.5,贡客多味葵è3.8,口水娃,奒,整箱装,1
1356644,89.0,女童軍,生姜黑糖200g,台湾进å¸¸±,,,水芥丝,5©福10.2,海苔味棕米片50克,非油ç型膨化食品,1
2154106,9.9,韩国进口乐天（Lotte）ä3,18.5,意大利ANNALISA安娜丽莎小蕃茄400g,1
2153994,9.9,韩国进口乐天（Lotte）乐天黑DARK巧克力棒,46g,1
1肉干肉脯,白芝é猪肉脯,100g/袋,1
1477563,14.5,日æ1
906902,40.9,新加坡CHEE,SENG志成芝麻香油375ml,1
906896,32.2,新加坡,CHNG,KEE'S,庄记,海南鸡饭配料酱,240ml,1
1281600,298.0,廿一客（21cake）Cappuccino,卡布其诺,乳脂奶油蛋糕,新鲜鲜奶生日蛋糕,2磅,1
1281609,750.0,å247085,66.0,新疆特产,一品玉,和田大枣五星450g*,颋,1
906841,49.9,美国劲嚼充气糖缿º·葡萄120g,1
908.0,廿一客（21cake）Fruit,Pocket,花格,水果蛋糕,乳脂奶油鲜奶蛋糕新鲜生日蛋糕,2磅,1
1281612,458.0,廿一客（21cake）Bailey’s,Love,Triangle,百利甜情人,鲜奶乳脂奶油蛋糕,情人生日蛋糕,3磅,1
2154196,33.5,景田,纯净水360ml,*24瓶,整箱,1
1281639,198.0,廿一客（2£米片50克,非油ç型膨化食品,1
2154106,9.9,韩国迧口乐天（Lotte）ä3,18.5,意大利ANNALISA安娜丽莎小1599483,6.9,阿甘正馔,A'GAN,美姿混合果仁坚果休闲零食非油炸无添加,35g*1袋,1
1044718,36.9,康师傅,冰糖雪梨250ml,*24盒箱装,1
1029163,128.0,果园老农,坚果炒货蜜饯礼盒,零食大礼包年货干果礼盒,阖家欢乐,礼盒2.134kg,1
1435072,6.5,口水娃,坚果炒货,蟹黄味瓜子仁150g/袋,1
784892,108.0,西班牙Abaco皇家爱宝康牋糕,2磅,1
1281609,750.0,å247085,66.0,新疆特产,一品隉,和田大枣五星450g*,颋,1
906841,49.9,美国劲嚼充ç³缿º·葡萄120g,1
908.0,廿一客（21cake）Fruit,Pocket/瓶,1
1479761,57.25,吴裕泰,茶叶,皖香红茶,125g/袋,1
1297220,336.0,马来西亚进口蜂蜜,婆罗皇（RAJABORNEO）马占相思树蜂蜜（圆瓶孕童蜜）500g/瓶,1
1262273,90.0,好时（Hershey’s）一花一世界喜糖盒,26只装,1
1616696,32.9,康师傅,水蜜桃250ml*24包,整箱,1
1599096,16.5,马来西亚进口,莎顿（southern）得利多什锦果（蜜饯）,60g,1
1479754,568.0,传奇会茶叶,安溪铁观音清香乌龙茶叶500克精美礼盒装,1
1599080,16.5,马来西亚进口,莎顿（southern）蔓越莓（蜜饯）,60g,1
2015550,218.0,熙记,,景迈山古树原料,普洱茶,生茶,秋茶,坤字礼盒357g,1
1651075,79.9,自然农法,东北大米,五常,五常稻花香5kg,1
1297279,69.0,茗波（mingBO）碧螺春罐装,150g,1
1297273,89.0,茗波（mingBO）碧螺春罐装,250g,1
1297275,89.0,茗波（mingBO）一级,龙井茶,250g,1
12972美国劲嚼充ç³缿º·葡萄120g,1
908.0,廿一客（21c
1ke）Fruit,Pocket/瓶,1
1479761,57.25,吴裕泰,茶叶,皖é64,19.0,贡苑,昆仑雪菊,花草茶 50g,1
1297266,398.0,贡蚇（RAJABORNEO）马占相思树蜂蜜（圆瓶孕童蜜）5,26.0,茗波（mingBO）三级,龙井茶罐,80g,1
1297280,30.0,茳盒,26只装,1
1616696,32.9,康师傅,水蜜桃250ml*24包,­,整箱,1
1599096,16.5,马来西亚进口,莎顿（southernï¾利多什锦果（蜜饯）,60g,1
1479754,568.0,传奇会艍叶,安溪铁观音清香乌龙茶叶500克精美礼盒装,1º,100g,1
1297298,29.0,贡苑,苦瓜片茶花草茶,160g,1
1297296,298.0,梅龙虎,雨前西湖龙井礼盒,250g,1
1894393,25.2,桂格（QUAKER）高纤燕麦乳麦香原味（利乐）250毫升,6联包,1
1297312,39.0,贡苑,甘草片,甘草茶,花草茶 400g,1
1297314,15.0,贡苑,黄山云雾绿茶,150g,1
1297319,25.0,贡苑,柠檬片,柠檬干,花草茶 180g,1
1297320,8.5,贡苑,清凉菊花茶,胎菊花,八宝茶120g,1
1297322,19.9,贡苑,陈皮干,陈皮茶,花草茶 250g,1
1297324,11.9,贡è´裕泰,茶叶,皖é64,19.0,贡苑,昆仑雪菊,花草è«瑰花茶,花草茶200g,1
1297331,19.9,贡苑,苏州碧螺春ç圆瓶孕童蜜）5,26.0,茗波（mingBO）三级,龙井è ½,80g,1
1297280,30.0,茳盒,26只装,1
1616696,32.9,康师å,水蜜桃250ml*24包,­,整箱,1
1599096,16.5,马来西亚辙井茶叶礼盒装,200g,1
1297346,15.0,贡苑,浓香茉莉花茶,150g,1
1297359,180.0,中茶海堤茶叶海堤茶语铁观é0克精美礼盒装,1º,100g,1
1297298,29.0,贡苑,苦瓜ç´特斯花果茶,进口茶叶,8品果粒组合装15g（内含8å,250g,1
1894393,25.2,桂格（QUAKER）高纤燕麦乳麦é原味（利乐）250毫升,6联包,1
1297312,39.0,贡苑,甘罉片,甘草茶,花草茶 400g,1
1297314,15.0,贡苑,黄山ä·¾绿茶,150g,1
1297319,25.0,贡苑,柠檬片,柠檬干,花荰¶ 180g,1
1297320,8.5,贡苑,清凉菊花茶,胎菊花,八å䌶120g,1
1297322,19.9,贡苑,陈皮干,陈皮茶,花草茶 2¶叶,蓝莓乳酪50g铁罐装,1
1789973,156.0,八马茶叶,武夷山红茶金骏眉,醇韵系150g,1
1113386,25.5,香港进口,NISSIN,日清,合味道,鸡肉杯面,75g*3杯,1
1113372,26.5,香港进口,NISSIN,出前一丁,高品质即食面,五香牛肉味,100g*5包,1
1809788,0.99,喜之郎,优乐美,u.loveit,巧克力味奶茶,22g/包,1
1296505,32.5,贝乐牌（BELLA,PARMA）罗勒意粉酱,(瓶装)350g,（意大利进口）,1
1296508,4.9,金锣,火腿肠,奥尔良风味鸡肉香肠,25g*9支,1
1296503,89.9,长寿花,压榨一级花生油4L（新老包装随机发货）,1
1651348,15.9,MIXX,椰香饼干椰奶味,450g,1
1541241,59.0,盼盼,梅尼耶干蛋糕,454g铁罐礼盒,,奶香å312,39.0,贡苑,甘罉片,甘草茶,花草茶 400g,1
1297316015.0,贡苑,黄山ä·¾绿茶,150g,1
1297319,25.0,贡苑,柠/杯,1
1809857,9.9,喜之郎,优乐美,u.loveit,原味奶茶190g/盒,1
1946396,5.5,重庆特产,渝兄,怪味花生150g/袋,1
18皮茶,花草茶 2¶叶,蓝莓乳酪50g铁罐装,1
1789973,11
.0,八马茶叶,武夷山红茶金骏眉,醇韵系150g,1
1113,è,25.5,香港进口,NISSIN,日清,合味道,鸡肉杯面,75ç¯,1
1113372,26.5,香港进口,NISSIN,出前一丁,高品èit,原味奶茶80g/杯,1
1809798,3.2,喜之郎,优乐美,u.lov¼乐美,u.loveit,巧克力味奶茶,22g/包,1
1296505,32.5,,u.loveit,香芋味奶茶80g/杯,1
1809800,3.2,喜之郎,优乐ç©进口）,1
1296508,4.9,金锣,火腿肠,奥尔良风味鉹¡肉香肠,25g*9支,1
1296503,89.9,长寿花,压榨一级è00g*3包）,1
1541363,15.9,熊来了,蜜饯果干,新疆葡萄妙饼干椰奶味,450g,1
1541241,59.0,盼盼,梅尼耶干è913,19.8,新加坡,KOKA,可口,方便面,鸡汤味快熟面,85g¶,花草茶 400g,1
1297316015.0,贡苑,黄山ä·¾绿茶,IV0g,1
1297319,25.0,贡苑,柠/杯,1
1809857,9.9,喜之郎,优ä,u.loveit,原味奶茶190g/盒,1
1946396,5.5,重庆特产,0M¸兄,怪味花生150g/袋,1
18皮茶,花草茶 2¶叶,蓝è1
1325498,25.9,皇城御坊,烤腰果,216g,1
1581279,29.9,果园老农,蜜饯,果干,整粒无核西梅260g,1
1581274,29.9,果园老农,坚果,炒货,干果,盐焗腰果190g,1
1325484,31.9£,NISSIN,出前一丁,高品èit,原味奶茶80g/杯,1
18099,8,3.2,喜之郎,优乐美,u.lov¼乐美,u.loveit,巧克力å神农新疆大枣二级骏枣500g*3袋,1
1325478,78.0,沃福1
1809800,3.2,喜之郎,优乐ç©进口）,1
1296508,4.9,釡è火腿肠,奥尔良风味鉹¡肉香肠,25g*9支,1
1296503,8º.9,长寿花,压榨一级è00g*3包）,1
1541363,15.9,熊æ21.0,西域王新疆大枣三级骏枣500g/袋,1
1325466,169.41,59.0,盼盼,梅尼耶干è913,19.8,新加坡,KOKA,可叛奴卡蜂蜜500g,1
1325464,99.0,新西兰原装进口,亚当æ.0,贡苑,黄山ä·¾绿茶,IV0g,1
1297319,25.0,贡苑,柠¤§¯,1
1809857,9.9,喜之郎,优ä,u.loveit,原味奶茶190绿帝,福建特产牡蛎干海鲜干货,海蛎干158g/袋,1
1740565,13.8,雪海梅乡,,蜜饯果干,,美国西梅,,140g,1
1933187,11.0,绿帝,福建连江特产,海产干货,海带200g/袋,1
1740553,13.8,雪海梅乡,,蜜饯果干,,盐津葡萄,,220g,1
焗腰果190g,1
1325484,31.9£,NISSIN,出前一丁,高品èç,原味奶茶80g/杯,1
18099,8,3.2,喜之郎,优乐美,u.lol,乐美,u.loveit,巧克力å神农新疆大枣二级骏æ1281423,298.0,廿一客（21cake）Jerry,杰瑞,巧克力蛋糕,新鲜生日蛋糕个性含酒,2磅,1
1281421,458.0,廿一客香肠,25g*9支,1
1296503,8º.9,长寿花,压榨一级è0*3包）,1
1541363,15.9,熊æ21.0,西域王新疆大枣三çª枣500g/袋,1
1325466,169.41,59.0,盼盼,梅尼耶干è913,19.8,新加坡,KOKA,可叛奴卡蜂蜜500g,1
1325464,99.0,新è³55g,1
1325516,13.9,马来西亚进口,贝鲁斯(Byblos)薯片原味55g,1
1325504,39.9,德国进口（HAHNE）亨利营养谷物麦片,1000g,盒,1
1281383,750.0,廿一客（21cake）Cool&Hot,冻慕斯与焗芝士,芝士乳酪奶酪蛋糕,鲜奶生日蛋糕,个性,5磅,1
1281388,298.0,廿一客（21cake）Minty,White,清境,慕斯蛋糕,新鲜水果生日蛋糕,青柠薄荷,2磅,1
1281390,458.0,廿一客（21cake）Cool&Hot,冻慕斯与焗芝士,芝士乳酪奶酪蛋糕,鲜奶生日蛋糕,个性,3磅,1
1686216,6.5,日清,方便面,合味道,BIG杯,海鲜风味,108g,杯装,1
1616333,99.0,粒粒珍,磨皮去芯无芯白莲子,礼盒装,520克,1
1281401,750.0,廿一客（21cake）Minty,White,清境,慕斯蛋糕,新鲜水果生日蛋糕,青柠薄荷,5磅,1
1933152,25.0,绿帝,南北干货,山西特产,黄花菜150g/袋,1
2069567,30.7,海欣,休闲零食,鳕鱼脆500g/袋,烧烤味,1
2069563,26.3,海欣,休闲零食,鱼豆腐500g/袋,蟹香味,1
1933173,39.0,绿帝,福建海产干货,,海鲜干贁斯(Byblos)薯片原味55g,1
1325504,39.9,德国进口（HAH特产,紫菜80g/袋,1
1862782,7.9,三元,果之养(原味）风å21cake）Cool&Hot,冻慕斯与焗芝士,芝士乳酪奶酪糕,鲜奶生日蛋糕,个性,5磅,1
1281388,298.0,廿一客³尔（Newel）新西兰进口蜂蜜,麦卢卡蜂蜜UMF5+250g/瓶,1
785203,13.5,德国进口Fresh清爽薄荷片（薄荷味）7&Hot,冻慕斯与焗芝士,芝士乳酪奶酪蛋糕,鲜奶生è糕,个性,3磅,1
1686216,6.5,日清,方便面,合味道,油,500ml,1
1128348022,68.0,,印象堂茶叶,2015新茶春茶,正宗雨前龙井绿茶口碑茶250g,手工礼盒装,1
785195,11.9,德国进口,Fresh清爽薄荷片（草莓+薄荷味）7g,,1
750229,49.9,新加坡进口Camel骆驼牌原味腰果150g,1
1296838,39.0,绿箭限量版收纳铁盒,1
1740732,228.0,百瑞源,黑果枸杞,58g/盒,1
1296847,169.0,西班牙,Abaco皇家爱宝康特级初榨橄榄油750ml*2礼盒,（新老包装随机发放）,1
750211,45.0,新加坡进口Camel骆驼牌混合水æ½进口（HAH特产,紫菜80g/袋,1
1862782,7.9,三元,果话梅,,120g,1
2153910,24.9,壳壳果,坚果零食,东北红松子,开口松子180g,1
2055871,10.9,韩国进口海太（海å88,298.0,廿一客³尔（Newel）新西兰进口蜂蜜,麦¿¢卡蜂蜜UMF5+250g/瓶,1
785203,13.5,德国进口Fresh清ç康师傅,蛋酥卷,精品礼盒,700g,1
1298008,88.0,蓓琳娜,奶酪蛋糕,鲜奶生è糕,个性,3磅,1
1686216,6.5,日帅,方便面,合味道,油,500ml,1
1128348022,68.0,,印象堳¶叶,2015新茶春茶,正宗雨前龙井绿茶口碑茶250g,港式奶茶,800g,香浓奶茶,1
1721687,128.0,Mings铭氏,红袈草莓+薄荷味）7g,,1
750229,49.9,新加坡进口Camel骆8.©¼牌原味腰果150g,1
1296838,39.0,绿箭限量版收纳é4,1
1740732,228.0,百瑞源,黑果枸杞,58g/盒,1
1296847,32.0,西班牙,Abaco皇家爱宝康特级初榨橄榄油750ml*2味19.6g,1
1540612,9.9,加州原野,黑糖枣300g,1
2086761,17.9,咔咔莎（KARSA）土耳其进口,椰蓉黑巧克力味饼干,1
1862782,7.9,三元,果话梅,,120g,1
2153910,24.9,壳壳高油酸,有机葵花籽油500ml,1
1326754,28.9,新疆特产,农博汇,绿葡萄干390g,1
1326761,42.9,新疆特产,农博汇,和田玉枣一级490g,1
1326766,28.8,新疆特产,农博汇,红葡萄干,390g,1
2086740,5.9,咔咔莎（KARSA）土耳其进口,草莓牛奶味夹心饼干72g,1
2086721,5.9,咔咔莎（KARSA）土耳其进口,巧克力牛奶味夹心饼干72g,1
1540662,9.9,加州原野,山楂条350g,1
1931322,109.0,美国进口,可口可乐,Coca,Cola,樱桃味/箱,355mlx12,1
1298139,14.9,蘇格格,吧噔吧噔,恋恋抹茶味320g,1
1298135,14.9,蘇格格,经典原味320g,1
2055723,17.9,乐天56%桶巧克力86g,1
1702213,11.8,喜相逢,多味混合装手工半糖牛轧ç¸杞,58g/盒,1
1296847,32.0,西班牙,Abaco皇家爱宝康1
¹级初榨橄榄油750ml*2味19.6g,1
1540612,9.9,加州原é,15.9,李锦记,薄盐醇味鲜500ml,1
1298068,238.0,舒达源,天然苏打水,400ml*24瓶,整箱,1
1877516,5.9,明治（Meijiï0g,1
2153910,24.9,壳壳高油酸,有机葵花籽油500ml,2片装330g,1
1298262,8.9,良品铺子,香辣卤藕,精选洪湖,42.9,新疆特产,农博汇,和田玉枣一级490g,1
132676铺子,红枣,果脯,无核脆冬枣35g,,1
1540936,9.9,加州å莎（KARSA）土耳其进口,草莓牛奶味夹心饼干71
1280926,18.0,盼盼,梅尼耶干蛋糕,奶香味,240g,1
1999344,4.5,乐天(Lotte)小熊饼可可+白巧克力味49g,1
1280927,29.9,泰国进口,东园（TONG,GAEDEN),超值分享装（混吮±,355mlx12,1
1298139,14.9,蘇格格,吧噔吧噔,恋恋抹è8,9.9,良品铺子,休闲,零食,话梅味西瓜子105g,,1
1540931,39.0,加州原野碧根果仁160g,1
1298264,8.9,良品铺子,休闲,零食,花生米,多味花生,148g,,1
1999351,4.5,乐天(Lotte)小熊饼巧克力味49g,1
1342289,15.9,麦斯威尔ï612,9.9,加州原é,15.9,李锦记,薄盐醇味鲜500ml,1*21298068,238.0,舒达源,天然苏打水,400ml*24瓶,整箱,¤§1877516,5.9,明治（Meijiï0g,1
2153910,24.9,壳壳高油4.,有机葵花籽油500ml,2片装330g,1
1298262,8.9,良品铺）玉米片早餐谷物,150g,原装进口,膳食纤维,全玉ç枣一级490g,1
132676铺子,红枣,果脯,无核脆冬油,5L,1
1540921,17.9,加州原野,加州厚西梅200g,1
1540923,8.9,加州原野,精选腰果70g,1
1540925,29.9,加州原野,和田枣500g,1
1078177,32.9,西王,玉米胚芽油,1.8L,1
1078176,85.9,西王,玉米胚芽油,5L,1
1540914,7.9,加州原野,酸梅肉100g,1
1540919,13.2,加州原野,琥珀桃仁90g,1
1格格,吧噔吧噔,恋恋抹è8,9.9,良品铺子,休闲,雊 £,话梅味西瓜子105g,,1
1540931,39.0,加州原野碧根½螜仁160g,1
1298264,8.9,良品铺子,休闲,零食,花生ç0¤味花生,148g,,1
1999351,4.5,乐天(Lotte)小熊饼巧克34味49g,1
1342289,15.9,麦斯威尔ï612,9.9,加州原é,1¼9,李锦记,薄盐醇味鲜500ml,1*21298068,238.0,舒达源,©©然苏打水,400ml*24瓶,整箱,¤§1877516,5.9,明治（Meij马茶业,安溪原产地铁观音,清香型礼盒装茶叶,抢新一号乌龙茶250克/盒,1
362130,29.9,澳大利亚Masterfood每食富香蒜碎50g,1
1862170,21.9,德芙Dove车厘子莓黑巧克力（袋装）100g,1
1931539,39.9,马来西亚进口麦片,比纳Bilap,即食燕麦片1kg,1
1931540,36.9,马来西亚进口麦片,比纳Bilap,原粒大麦片1kg,1
1721522,20.8,喜相逢,麦片巧克力,500g,1
1721516,26.9,好时贝客诗石榴味1
1540914,7.9,加州原野,酸梅肉100g,1
1540919,13.2,加å原野,琥珀桃仁90g,1
1格格,吧噔吧噔,恋恋抹è8,6g）,1
1341473,98.0,贵天下,都匀毛尖小铁盒,一级绿è39.0,加州原野碧根½螜仁160g,1
1298264,8.9,良品铺å1
1962760,9.8,Mellower麦隆挂耳咖啡随行杯无糖纯黑咖啡粉杯装,明亮水果,10克/杯（新老包装随机发è2,9.9,加州原é,1¼9,李锦记,薄盐醇味鲜500ml,1*21°æ68,238.0,舒达源,©©然苏打水,400ml*24瓶,整箱,¤§1872496,15.9,憨豆熊,,坚果,巴旦木120g,1
1540164,89.0,Mings铭礼盒装茶叶,抢新一号乌龙茶250克/盒,1
362130,29.,è³大利亚Masterfood每食富香蒜碎50g,1
1862170,21.9,å茶叶,60g,1
1280143,19.8,台湾进口,EDOpack,榴莲酥,(烘,马来西亚进口麦片,比纳Bilap,即食燕麦片1kg,1
1¦¥540,36.9,马来西亚进口麦片,比纳Bilap,原粒大麦片版,（压片糖果）42g,1
859500,4.3,旺旺仙贝52g,1
2102567,47.9,光明,莫斯利安,巴氏杀菌常温酸牛奶350g*6盒,1
2102561,29.9,土耳其进口,曼妥思（mentos）无糖清凉糖,惊心薄荷味,村上隆限量版,42g,1
1124272,12.9,内蒙特产,天美华乳,额颉牛奶贝盒装,80g（巧克力味）,1
1124263,9.9,内蒙特产,天美华乳,额颉牛奶奶啡随行杯无糖纯黑咖啡粉杯装,明亮水果,10克/æ¹³,额颉牛奶奶疙瘩80g（原奶味）,1
1124271,12.9,内蒙特产,天美华乳,额颉牛奶贝盒装80g（原奶味）,1
859537,6.5,旺旺煎餅原味20片100g,1
859534,2.5,旺旺旺仔牛奶糖红豆牛乳42g,1
859535,2.5,旺旺旺仔牛奶糖茶奶42g,1
1262926,158.0,贝蒂斯,BETIS,西班牙特级初榨橄50g,1
1862170,21.9,å茶叶,60g,1
1280143,19.8,台湾进åushi,肉类零食,原汁猪肉脯50g,1
1341670,59.0,雀巢（Nestle）浓臻交响即溶咖啡,675g,层次丰富的浓醇享åilap,原粒大麦片版,（压片糖果）42g,1
859500,4.,木糖醇曲奇515g,1
1509646,3.39,韩国进口X-5三进花生夹心巧克力棒单根36g,1
1509642,36.9,韩国进口,乐天（Lotte）阿尔法,木糖醇口香糖,原味,86g,1
1540252,79.9,七河源,原香米,东北大米,10kg,1
1540248,89.9,七河æ装,80g（巧克力味）,1
1124263,9.9,内蒙特产,天£,乐天（Lotte）阿尔法,木糖醇口香糖,芦荟味,86g,1
1280425,59.0,西班牙原装进口,,索伦托,soriento百花è¼,1
1124271,12.9,内蒙特产,天美华乳,额颉牛奶贝西姆（MAXIM'S)什锦水果太妃糖,100g,1
1557901,17.9,怡å
859534,2.5,旺旺旺仔牛奶糖红豆牛乳42g,1
859535,2.包原味2000g整箱装,(新老包装随机发放),1
1687113,18.9,盐津铺子,冰糖杨梅,225g,果肉清甜,甜酸适口,肉厚核小,1
1540394,49.9,金龙鱼,黄金产地长粒香大米5kg,1
2152791,39.0,姐妹厨房,鸡肉松,160g,1
1466214,59.0,æ±次丰富的浓醇享åilap,原粒大麦片版,（压片¤·果）42g,1
859500,4.,木糖醇曲奇515g,1
1509646,3.39,韈KEWPIE）,沙拉汁,200ml,1
1877322,5.5,格力高,奇蒂巧克å.9,韩国进口,乐天（Lotte）阿尔法,木糖醇口香脖,原味,86g,1
1540252,79.9,七河源,原香米,东北大米五星,红枣,400g,和田大枣,1
1540598,6.5,加州原野,黑ç263,9.9,内蒙特产,天£,乐天（Lotte）阿尔法,木ç口香糖,芦荟味,86g,1
1280425,59.0,西班牙原装进å¥¼干抹茶慕斯味48g,1
1687181,25.9,盐津铺子,鱼豆腐é¾华乳,额颉牛奶贝西姆（MAXIM'S)什锦水果太妳,³,100g,1
1557901,17.9,怡å
859534,2.5,旺旺旺仔牛奶çº¢豆牛乳42g,1
859535,2.包原味2000g整箱装,(新老包è¡布奇诺）,1
560852,118.0,稻香村京八件铁盒装礼盒肉清甜,甜酸适口,肉厚核小,1
1540394,49.9,金龙鱼,³¨金产地长粒香大米5kg,1
2152791,39.0,姐妹厨房,鸡è¼干提拉米苏味48g,1
1877350,4.5,格力高,可珑柔心香脆卷注心饼干,65g,1
1540551,14.9,加州原野,蜂蜜青梅2¥515g,1
1509646,3.39,韈KEWPIE）,沙拉汁,200ml,1
1877322,085,格力高,奇蒂巧克å.9,韩国进口,乐天（Lotte）é.0,老四川,休闲零食,香辣牛肉干48g,1
1326394,35.8,中华老字号,老四川,麻辣牛肉208g,1
1326388,8.9,中华老号字,老四川,休闲零食,香辣牛肉干60g,1
1540537,1otte）阿尔法,木ç口香糖,芦荟味,86g,1
1280425,5380,18.9,中华老字号,老四川,五香牛肉干105g,1
1356971,津铺子,鱼豆腐é¾华乳,额颉牛奶贝西姆（MA52M'S)什锦水果太妳,³,100g,1
1557901,17.9,怡å
859534,1
1540526,13.9,果园老农,坚果,炒货,干果,巴旦木,美国´箱装,(新老包è¡布奇诺）,1
560852,118.0,稻香村片,40g,,1
1968805,36.9,富昌,精选,野生榛蘑,100g,山珍菌菇,1
1968809,16.0,富昌,龙口粉丝,800g,1
1877280,7.5,格力高,慕思百奇牛奶芒果味装饰饼干,48g,1
1877281,7.5,格力高,慕思百奇浓郁抹茶味装饰饼干,48g,1
196881州原野,蜂蜜青梅2¥515g,1
1509646,3.39,韈KEWPIE）,æ,格力高,奇蒂牛奶抹茶味装饰饼干,70g,1
1877298,5.6,格力高,百奇巧克力味装饰饼干,60g,1
1878572,13.8,明治（Meiji）雪吻巧克力草莓味,62g,1
1384729,21.8,瀛厚德,北京特产,艾窝窝500g/袋,1
908966,16.9,中国台湾Royal,Family皇族芒果酥184g,1
1384752,21.8,瀛厚德,北京味,86g,1
1280425,5380,18.9,中华老字号,老四川,五éamily皇族麻薯Q饼原味144g,1
908971,18.9,中国台湾Royal,奶贝西姆（MA52M'S)什锦水果太妳,³,100g,1
15579¹¾1,17.9,怡å
859534,1
1540526,13.9,果园老农,坚果,炒å干果,巴旦木,美国´箱装,(新老包è¡布奇诺）.5,中国台湾Royal,Family皇族水果馅饼凤梨90g,1
138475,野生榛蘑,100g,山珍菌菇,1
1968809,16.0,富昌,龙å3.5,中国台湾Royal,Family皇族水果馅饼苹果90g,1
9089装饰饼干,48g,1
1877281,7.5,格力高,慕思百奇浓郁æ
1878627,11.9,明治（Meiji）澳洲坚果夹心巧克力,58g,1
1497362,6.9,北京特产,稻香村,蜜麻花,原味,128g,1
1497366,6.9,北京特产,稻香村,蜜麻花,,果仁味,128g,1
°饼干,60g,1
1878572,13.8,明治（Meiji）雪吻巧克力è¹味,62g,1
1384729,21.8,瀛厚德,北京特产,艾窝窝500g¡,1
908966,16.9,中国台湾Royal,Family皇族芒果酥184g,£）,1
1497357,6.9,北京特产,稻香村,蜜麻花,桂花味,128g,1
1967564,6.9,姐妹厨房,糖熏,翅尖,50g,藤椒味,1
1878606,12.8,明治（Meiji）巴旦木夹心巧克力,80g,1
1707288,49.9,麻辣多拿,休闲零食,麻辣鸭脖子,210gx2袋,1
667276,79.0,新疆特产,天山果源新疆和田四星大æ新老包è¡布奇诺）.5,中国台湾Royal,Family皇æ»¿豆,500g*3袋,1
2182360,96.0,达利园和其正凉茶480ML*24,1968809,16.0,富昌,龙å3.5,中国台湾Royal,Family皇族æ果馅饼苹果90g,1
9089装饰饼干,48g,1
1877281,7.5,格åg«,慕思百奇浓郁æ
1878627,11.9,明治（Meiji）澳洲盒装,新西兰进口,1
1323730,138.0,新西兰原装进口,纽蜂王,塔姆蜂蜜【16+】250g,1
1323721,158.0,新西兰原装进口,纽蜂王,麦卢卡蜂蜜【5+】250g,1
1878731,9.9,明æ¼雪吻巧克力è¹味,62g,1
1384729,21.8,瀛厚德,匟装进口,纽蜂王,森林树蜜500g,1
1707132,149.0,香满园,盘锦生态珍珠米25kg,1
1497196,27.9,康师傅,3+2,苏打夹心分享装,香浓奶油味,555g,1
1965266,84.9,明治（Meij尖,50g,藤椒味,1
1878606,12.8,明治（Meiji）巴旦木å心巧克力,80g,1
1707288,49.9,麻辣多拿,休闲零食,麻£茶,300g,1
1063907,35.0,Orion,好丽友,巧克力派24枚,816g/盒（新老包装随机发送）,1
1965237,89.0,日本进口,åyal,Family皇æ»¿豆,500g*3袋,1
2182360,96.0,达利园和å43,39.9,绿箭口香糖,原味薄荷味100片袋装*2,1
1653054,4.7,顶牛,辣条,素牛筋208g,1
1707029,118.0,熙记,1412批
1877281,7.5,格åg«,慕思百奇浓郁æ
1878627,11.9,æ饼干121g,1
1707206,200.0,柏联普洱,普洱茶叶（熟茶勵兰原装进口,纽蜂王,塔姆蜂蜜【16+】250g,1
1323·苔10小包20g,1
1279900,15.8,马来西亚进口,喜薇麦乐,圆形棉花糖(香草味)100g,1
1823469,39.9,金爸爸（PappaRich）0反式脂肪香浓三合一即溶白咖啡1000g,1
8741707132,149.0,香满园,盘锦生态珍珠米25kg,1
1497196,2薯片75g,1
874204,10.9,马来西亚进口Mister,Potato薯片先ç266,84.9,明治（Meij尖,50g,藤椒味,1
1878606,12.8,明´ 饮料,青柠味,600ml,*4瓶,连包,1
1707147,25.5,奥地利,Lo¤拿,休闲零食,麻£茶,300g,1
1063907,35.0,Orion,好丽å3巧克力派24枚,816g/盒（新老包装随机发送）,1
19è37,89.0,日本进口,åyal,Family皇æ»¿豆,500g*3袋,1
21±家粒粒装威化,榛子味200g,1
1295206,13.9,金锣,火腿肠,肉粒多鸡肉香肠,40g*8支,1
1295200,8.9,金锣,火腿肠,椰果香甜王,30g*8支,1
1295203,12.9,金锣,火腿肠,特级金锣王中王,38g*10支,1
1279075,5.7,正林多味葵花子158g,1
1279086,18.9,正林腰果90g,1
1279083,18.9,正林扁桃仁90g,1
1279089,99.0,传奇会红茶,武夷金骏眉茶叶100g*3简装,1
1843611,338.0,老记大红袍,,乌龙茶叶礼盒,武夷山岩茶京东专供192g,1
1447441,5.9,妙脆角,玉米妙脆角,甜辣双番味,65g,1
2134055,21.1,淘豆（TAODOï 米25kg,1
1497196,2薯片75g,1
874204,10.9,马来西亚进,妙脆薯香脆薯条,醇香原味,40g,1
1860982,15.9,红膳果æ³,1
1878606,12.8,明´ 饮料,青柠味,600ml,*4瓶,连包,1.91707147,25.5,奥地利,Lo¤拿,休闲零食,麻£茶,300g,1
19,好想你360g原味红枣粉畅销多年,1
1447427,5.9,妙脀包装随机发送）,1
19è37,89.0,日本进口,åyal,¦mily皇æ»¿豆,500g*3袋,1
21±家粒粒装威化,榛子味17.9,壳壳果,,山核桃仁小核桃仁40g,1
1447430,5.2,妙脆角,妙脆薯香脆薯条,浓香番茄味,40g,1
1447431,5.9,妙脆角,土豆妙脆角,番茄牛腩味,65g,1
1723334,1.2,江南每食,小鱼仔鱼干,竹篓鱼15g野山椒味,1
172333林腰果90g,1
1279083,18.9,正林扁桃仁90g,1
1279089,9912,传奇会红茶,武夷金骏眉茶叶100g*3简装,1
184361£æ8.0,老记大红袍,,乌龙茶叶礼盒,武夷山岩茶ä»素饮料,280ML单瓶装,1
1861062,14.5,马来西亚进口,EGO,麦时香脆麦片巧克力（牛奶味）468g,1
1861061,14.5,马来西亚进口,EGO,麦时香脆麦片巧克力（巧克力味）468g,1
2087249,7.6,韩国进口海太,鸡蛋饼干45明´ 饮料,青柠味,600ml,*4瓶,连包,1.91707147,25.5,奥å71,29.9,河北特产,大午扒鸡,500g/袋,1
2087267,26.9,韩国进口乐天（Lotte）苹果酱,曲奇,230g,1
1524039,9.9,發,1
19è37,89.0,日本进口,åyal,¦mily皇æ»¿豆,500g莉安妮野生蓝莓113g,1
1524047,4.9,百世兴,,喀嘣夺命花生60克,1
1498063,26.9,楼兰蜜语,坚果休闲,零食生腰果200g,1
1524040,25.9,百世兴,,卤花生1000克,1
1861007,21.8,果园老农,蜜饯,果脯,无核西梅,145g,1
1861004,13.5,果园老农,蜜饯,果脯,东南亚椰脆,70g/袋,1
1860993,168.0,好想你,年货礼盒,300g红枣脆片精品礼盒,1
1860997,11.8,好想你96g红枣粉,线上专供,1
1948634,39.0,香草盒子,巴基斯坦进口玫瑰花瓣茶25g,1
1498017,11.9,楼兰蜜语香酥蒜香鹰嘴豆225g,1
1498029,16.9,楼兰蜜语坚果炒货开口榛子225g,1
1948626,159.0,中茶白茶老树白茶饼357g,1
1861012,19.9,果园老农,蜜饯,果脯,山楂片,440g,1
1279112,49.0,圣牧,巴氏杀菌常温4瓶,连包,1.91707147,25.5,奥å71,29.9,河北特产,大午«伯伯,红枣,新疆四星红枣和田大枣,250g,1
1279118,99果酱,曲奇,230g,1
1524039,9.9,發,1
19è37,89.0,日本è£,åyal,¦mily皇æ»¿豆,500g莉安妮野生蓝莓113g,1
14047,4.9,百世兴,,喀嘣夺命花生60克,1
1498063,26.9,楯,葡萄干,无核白葡萄干,250g,1
1497992,39.9,楼兰蜜语å´,,卤花生1000克,1
1861007,21.8,果园老农,蜜饯,果è,无核西梅,145g,1
1861004,13.5,果园老农,蜜饯,果脯,8,马来西亚进口,喜薇麦乐,蝴蝶形棉花糖(香草味)1300g红枣脆片精品礼盒,1
1860997,11.8,好想你96g红æ开心果200g,1
1340880,23.9,楼兰蜜语,坚果干果零食,东北松子开口红松子200g,1
1263729,14.5,趣多多,趣多多硬趣,原味（285g+95g）,1
2087075,169.0,新西兰进口,蜜纽康（Manuka,Health）野地森林蜂蜜,455g,1
2134429,49.3,桂格燕麦片家庭装(醇香麦片紫薯高纤540g+即食麦片1kg),1
2151749,42.9,洽洽,坚果炒货,东北开口松子200g*2，共400g/袋,1
1878462,12.8,明治（Meiji）澳洲坚果夹心黑巧克力,58g,1
1931249,19.9,泰国进口糖果,奥达orta,榴莲糖120g,1
1482259,108.4,莱家威化榛子+巧克力+香草+柠檬+卡布奇诺超值套装,1
319412,35.0,瑞士Lindt瑞士莲特级排装85%可可黑巧克力100g,1
1878482,13.8,明治（Meiji）雪吻巧克力卡布奇诺,71g,1
996881,64.0,瑞士进口,Toblerone瑞士三角牛奶巧克力含蜂蜜及巴旦木糖（单粒装）200g,1
1463061,12.8,韩国原装进口,manna,海苔,芥辣味,16g(2gX8),1
146305,1
1860997,11.8,好想你96g红æ开心果200g,1
1340880,279,楼兰蜜语,坚果干果零食,东北松子开口红松子2100g,1
1948387,11.9,悠伴泰国芒果干108g,1
1234393,33.9,泰å1
2087075,169.0,新西兰进口,蜜纽康（Manuka,Healthï,1
1359812,42.0,域邦,乔木普洱茶,方形小砖茶（生茶）,铁盒100g,1
1324611,55.0,慈蜂堂蜂蜜,益母草蜂è,洽洽,坚果炒货,东北开口松子200g*2，共400g/袋¤§
1878462,12.8,明治（Meiji）澳洲坚果夹心黑巧克å¼58g,1
1931249,19.9,泰国进口糖果,奥达orta,榴莲糖12口,东园（TONG,GAEDEN),鱼皮青豆50g,1
1171699,25.6,韩国¡布奇诺超值套装,1
319412,35.0,瑞士Lindt瑞士莲特87§排装85%可可黑巧克力100g,1
1878482,13.8,明治（Mei茼雪吻巧克力卡布奇诺,71g,1
996881,64.0,瑞士进口,½blerone瑞士三角牛奶巧克力含蜂蜜及巴旦木糖（英国川宁柠檬绿茶50g,1
787637,39.9,波兰进口,Twinings,芥辣味,16g(2gX8),1
146305,1
1860997,11.8,好想你96gå食开心果200g,1
1340880,279,楼兰蜜语,坚果干果零糟,东北松子开口红松子2100g,1
1948387,11.9,悠伴泰å果干108g,1
1234393,33.9,泰å1
2087075,169.0,新西兰è¡花黑糖250g,1
1385738,42.8,中国台湾进口,维奕,原味é±茶,方形小砖茶（生茶）,铁盒100g,1
1324611,55.0,蜂堂蜂蜜,益母草蜂è,洽洽,坚果炒货,东北开½ £松子200g*2，共400g/袋¤§
1878462,12.8,明治（Meiji）北椴树雪蜜1100g,（550g*2瓶）,1
1324589,59.0,慈蜂堂蜂果,奥达orta,榴莲糖12口,东园（TONG,GAEDEN),鱼皮ä50g,1
1171699,25.6,韩国¡布奇诺超值套装,1
319412,3,3.8,月亮街,豌豆,香辣味,88g,1
1248059,2.5,月亮街,兰花豆,香辣味,60g（新老包装随机发放）,1
857924,59.0,96881,64.0,瑞士进口,½blerone瑞士三角牛奶巧克力å«蜂蜜及巴旦木糖（英国川宁柠檬绿茶50g,1
787,AKAI,BOHSHI,红帽子紫色什锦饼干礼盒95g,1
1706482,14.9,巴拿米(PANAMI),抹茶蜜豆西饼,170g,1
1706468,29.9,巴拿米（PANAMI）巴黎风情礼盒,220g,1
1706478,14.9,巴拿米（PANAMI）阳光香橙西饼,170g,1
1141137,35.8,天地粮人,精品,红小豆,1250g（量贩装,杂粮）,1
1706474,22.9,巴拿米（PANAMI）抹茶西饼,300g,1
1706452,22.9,巴æ盒100g,1
1324611,55.0,蜂堂蜂蜜,益母草蜂è,æ²®人,有机,燕麦米,1250g（量贩装,杂粮）,1
1265587,11.99,西域美农,芒果干120g（新老包装随机发放）,1
1860151,49.9,福临门,原装进口,柬埔寨吴哥情香米园（TONG,GAEDEN),鱼皮ä50g,1
1171699,25.6,韩国¡布卣光堂北海道牛奶糖45g,,1
1278720,19.9,东江清水,糖醋
1248059,2.5,月亮街,兰花豆,香辣味,60g（新老包装机发放）,1
857924,59.0,96881,64.0,瑞士进口,½blerone兞士三角牛奶巧克力å«蜂蜜及巴旦木糖（英国啡宁柠檬绿茶50g,1
787,AKAI,BOHSHI,红帽子紫色什锦é干礼盒95g,1
1706482,14.9,巴拿米(PANAMI),抹茶蜜豆襩,荞麦宽面,五连包,1
1324840,49.9,可康（cocan）多口味果汁糖1000g,马来西亚进口,1
1948700,9.0,绿帝,五谷杂粮粥,腊八粥,八宝粥350g/袋,1
1324845,19.5,嘉云糖,香橙味糖果200g,德国进口,1
1324846,8.9,可利斯（CORIS）草莓味口哨糖22g,日本进口,1
1324834,19.5,嘉云糖,绿罐薄荷味糖果200g,德国进口,1
1324835,11.9,可康（cocan）咸柠檬味糖150g,马来西亚进口,1
1436000,老包装随机发放）,1
1860151,49.9,福临门,原装进叕£,柬埔寨吴哥情香米园（TONG,GAEDEN),鱼皮ä50g,力味牛奶硬糖散装1kg,1
1436003,9.9,曼妥思清劲无ç20,19.9,东江清水,糖醋
1248059,2.5,月亮街,兰花è香草味糖果200g,德国进口,1
1324852,19.5,嘉云糖,冰ç64.0,瑞士进口,½blerone兞士三角牛奶巧克力å潜蜜及巴旦木糖（英国啡宁柠檬绿茶50g,1
787,AK¶æOHSHI,红帽子紫色什锦é干礼盒95g,1
1706482,14.9,180g,1
1964084,28.3,禾煜,新疆红枣和田骏枣,400g,1
1964091,15.0,禾煜,东北黑木耳,80g,1
1615653,38.9,达利园,好吃点,果仁饼990g,年货礼盒,1
1964064,30.8,禾煜,福å50g/袋,1
1324845,19.5,嘉云糖,香橙味糖果200g,德国¾口,1
1324846,8.9,可利斯（CORIS）草莓味口哨糖22g615674,5.8,三辉麦风,双层软面包,165g/袋,1
1615669,12.8,,德国进口,1
1324835,11.9,可康（cocan）咸柠檬味糗¥150g,马来西亚进口,1
1436000,老包装随机发放）,¢860151,49.9,福临门,原装进叕£,柬埔寨吴哥情香米进口,DAN.D.PAK,丹帝精品混合坚果,原味,454g,1
1615618,8.4,好吃点夹心饼干芒果味218g,1
1615619,28.4,好吃点杏仁酥饼600g,1
926518,18.8,泰国进口Manora玛努拉香酥芥末木薯片（中文版）90g,1
1615642,8.2,达利园,å£«三角牛奶巧克力å潜蜜及巴旦木糖（英国茯茶,湖南安化黑茶,金花茯砖茶,318g,1
1296151,88.0,菲律宾原装进口,椰来香（SUPERCOCO）纯鲜冷榨椰子æ£和田骏枣,400g,1
1964091,15.0,禾煜,东北黑木耳,婴幼儿）,1L装,1
1296153,128.0,菲律宾原装进口,椰来香橙味糖果200g,德国¾口,1
1324846,8.9,可利斯（CORIS）草莓味口哨糖22g615674,5.8,三辉麦风,双层软面å©进口）,1
1296130,168.0,菲律宾原装进口,椰冠（coco,165g/袋,1
1615669,12.8,,德国进口,1
1324835,11.9,可å¡特产真正老陆稿荐年货熟食肉类礼盒全家宴圆满2430g/盒(新老包装随机发货),1
1860311,1.5,劲仔,休闲零食,小鱼,香辣味15g/袋,1
1860312,1.6,劲仔,休闲é,原味,454g,1
1615618,8.4,好吃点夹心饼干芒果味2¼g,1
1615619,28.4,好吃点杏仁酥饼600g,1
926518,18.8,泰岹½进口Manora玛努拉香酥芥末木薯片（中文版）90´幼儿）,1L*12瓶,整箱,1
1295586,3.9,口水娃,多味花生,巴旦木糖（英国茯茶,湖南安化黑茶,金花茯砖辶,318g,1
1296151,88.0,菲律宾原装进口,椰来香（SUPER0gOCO）纯鲜冷榨椰子æ£和田骏枣,400g,1
1964091,15.非转基因）,1
1295562,1.3,口水娃,兰花豆,五香味,30g,1
1295564,3.9,口水娃,兰花豆,烤肉味,86g,1
1295566,1.3,口水娃,多味花生,酱汁牛肉味,30g,1
502710,83.6,融氏纯玉米胚芽油5L+300ML（物理压榨非转基因）,1
502712,54.0,融氏金色葵园葵花籽油2.8L,1
1295555,1.3,口水å1
1324835,11.9,可å¡特产真正老陆稿荐年货熟é±,酱汁牛肉味,30g,1
1295557,1.3,口水娃,多味花生,香辣味,30g,1
1295577,1.3,口水娃,口水鱼小鱼干,野山椒味,15g,1
1295583,3.5,口水娃,锅巴,烤肉味,86g,1
129556夹心饼干芒果味2¼g,1
1615619,28.4,好吃点杏仁酥饰´娃,兰花豆,五香味,86g,1
1295574,19.9,口水娃,口水鱼喯片（中文版）90´幼儿）,1L*12瓶,整箱,1
1295586,3£,口水娃,多味花生,巴旦木糖（英国茯茶,湖南化黑茶,金花茯砖辶,318g,1
1296151,88.0,菲律宾原装»£¿口,椰来香（SUPER0gOCO）纯鲜冷榨椰子æ£和田£代,东北大米,5kg,1
502720,99.0,融氏橄榄玉米胚芽油,兰花豆,五香味,30g,1
1295564,3.9,口水娃,兰花豆,ç,30g,1
502710,83.6,融氏纯玉米胚芽油5L+300ML（物理压榨非转基因）,1
502712,54.0,融氏金色葵园葵花籽6,49.9,丹麦原装进口杰克布森（Jacobsens）黑巧克力²¹2.8L,1
1295555,1.3,口水å1
1324835,11.9,可å¡特产煋布森（Jacobsens）什锦麦片蔓越莓曲奇饼干150g,1
1894652,14.9,巴拿米（PANAMI）巴拿米燕麦五谷西饼170g£水鱼小鱼干,野山椒味,15g,1
1295583,3.5,口水娃,锅å烤肉味,86g,1
129556夹心饼干芒果味2¼g,1
1615619,2巧心柔巧克力味热加工糕点,80g,1
1894641,8.5,格力高,9.9,口水娃,口水鱼喯片（中文版）90´幼儿）,1L*1¿域,红马奶子葡萄干,226g/袋,1
1030840,19.8,彩虹糖（原果味）礼盒装200g,,1
1599823,368.0,得尔乐有机油è,88.0,菲律宾原装»£¿口,椰来香（SUPER0gOCO）纯鲜大唐西域,小银杏,50g/袋,1
1203967,21.9,台湾进口,COODY,°橄榄玉米胚芽油,兰花豆,五香味,30g,1
1295564,3.UA油5L+300ML（物理压榨非转基因）,1
502712,54.0,融æ¼盒装,1
1374636,4.3,大唐西域,薄皮椒盐巴旦木,50g/袇色葵园葵花籽6,49.9,丹麦原装进口杰克布森（J0,熙记,1504批次,普洱茶熟茶,357g,1
1324250,99.0,哙哙æ1.9,可å¡特产煋布森（Jacobsens）什锦麦片蔓è£250g,1
1374620,3.2,大唐西域,圣女果,50g/袋,1
1700844,199.0,中粮中茶,老白茶,CT8609白茶饼350g,1
1278111,9.9,ç3,3.5,口水娃,锅å烤肉味,86g,1
129556夹心饼干芒尜味2¼g,1
1615619,2巧心柔巧克力味热加工糕点,80g,注心威化饼干）330g,1
643275,19.8,韩国进口,EDO,pack,å¼90´幼儿）,1L*1¿域,红马奶子葡萄干,226g/袋,1
103­,840,19.8,彩虹糖（原果味）礼盒装200g,,1
1599823,36±¼0,得尔乐有机油è,88.0,菲律宾原装»£¿口,椰来é³¡饭调料,16.5g,1
1278258,36.45,永谷园,永谷园成人拌é.9,台湾进口,COODY,°橄榄玉米胚芽油,兰花豆,ä°·优,高纤维燕麦饼干（经典口味）,280g,包(新老包,1
502712,54.0,融æ¼盒装,1
1374636,4.3,大唐西域,薄ç¯可酱注心饼干,150g,盒,1
1706526,16.0,老茂生,小花生饼干400g,1
1706516,3.0,老茂生,椰蓉酥饼干125g,1
1706515,3.0,老茂生,大黄油饼干130g,1
943446,39.9,美汁源æ¼什锦麦片蔓è£250g,1
1374620,3.2,大唐西域,圣呡果,50g/袋,1
1700844,199.0,中粮中茶,老白茶,CT8609白å¥¼350g,1
1278111,9.9,ç3,3.5,口水娃,锅å烤肉味,86g,360g,四连包,1
1278224,17.8,大汉口,热干面,麻辣味,408g,四连包,1
1278222,17.8,大汉口,热干面,沙县拌面,400g,四连包,1
2212562,9.9,北京特产,稻香村,黑糖蜜麻花103g,1
943412,80.9,怡泉汤力水330ML*24罐,整箱装,1
943407,43.9,可口可乐（Coca-Cola）,健怡（Light）,汽水,3原装»£¿口,椰来é³¡饭调料,16.5g,1
1278258,36.45,永è,10.9,火宫殿,长沙臭豆腐干子,泡椒味128g,1
1278273,1芽油,兰花豆,ä°·优,高纤维燕麦饼干（经典口å）,280g,包(新老包,1
502712,54.0,融æ¼盒装,1
13746361.3,口水娃,口水鱼小鱼干,麻辣味,15g,1
1358957,10.0,火宫殿,休闲零食,香辣五香干,豆干150g,1
1358975,43.0,火宫殿,卤味,酱板鸭280g,1
1894732,14.9,巴拿米,香浓焦糖西饼,150g,1
612444,49.9,正林腰果227g,1
1951276,49.8,好时巧珍珠牛奶巧克力140g*2（碗装）,1
2073838,54.白茶,CT8609白å¥¼350g,1
1278111,9.9,ç3,3.5,口水娃,«量,80g,1
1577151,10.9,徐福记,醇浓沙琪玛（牛奶味）192g/袋,1
1629664,149.0,波兰原装进口牛奶耶莉雅（Mi¦村,黑糖蜜麻花103g,1
943412,80.9,怡泉汤力水330ML*£Q丝绵蛋糕2000克整箱装,1
1768409,95.8,伊藤园（ITOENï½,整箱装,1
943407,43.9,可口可乐（Coca-Cola）,健米卷（燕麦牛奶味）135g/袋,1
1538081,80.0,特种兵,生榨椰子汁,1L×6瓶,1
2073815,52.0,比利时进口,Galler,ä味128g,1
1278273,1芽油,兰花豆,ä°·优,高纤维燕å¥¼干（经典口å）,280g,包(新老包,1
502712,54.0,載æ¼盒装,1
13746361.3,口水娃,口水鱼小鱼干,麻辣味15g,1
1358957,10.0,火宫殿,休闲零食,香辣五香干,豆35²150g,1
1358975,43.0,火宫殿,卤味,酱板鸭280g,1
1894732³,情侣版,170g,1
1453974,79.0,佰可轩,,BetterSun,浓情星际棒棒糖,雪花版,170g,1
1308928,14.8,德辉金华酥饼,海装）,1
2073838,54.白茶,CT8609白å¥¼350g,1
1278111,9.9µ情星际棒棒糖,170g,1
2013105,19.9,良品铺子,肉干,肉萪玛（牛奶味）192g/袋,1
1629664,149.0,波兰原装进å牛奶耶莉雅（Mi¦村,黑糖蜜麻花103g,1
943412,80.9,æ¼黑糖味）192g/袋,1
1577165,14.9,徐福记,厚切凤梨é8,伊藤园（ITOENï½,整箱装,1
943407,43.9,可口可䎟味猪肉脯,独立小包装87g,1
1313105,13.8,悠哈（UHA）特浓草莓牛奶糖,120g,1
1360913,39.9,德国进口,亨利（时进口,Galler,ä味128g,1
1278273,1芽油,兰花豆,äï¼,高纤维燕å¥¼干（经典口å）,280g,包(新老匛口,壹佰乐（ege,bal）百花蜂蜜,礼盒装460g*2瓶,1
1313鱼干,麻辣味15g,1
1358957,10.0,火宫殿,休闲零食,é辣五香干,豆35²150g,1
1358975,43.0,火宫殿,卤味,酱æ0¸­280g,1
1894732³,情侣版,170g,1
1453974,79.0,佰可轩,,B00g,1
1360906,62.9,土耳其进口,壹佰乐（ege,bal)天然百辉金华酥饼,海装）,1
2073838,54.白茶,CT8609白å¥¼¸­0g,1
1278111,9.9µ情星际棒棒糖,170g,1
2013105,19.9,良å铺子,肉干,肉萪玛（牛奶味）192g/袋,1
1629664,149.,波兰原装进å牛奶耶莉雅（Mi¦村,黑糖蜜麻花10¨利（HAHNE）,5种谷物营养麦片,1000g,1
1656791,35.0,哙å®°,厚切凤梨é8,伊藤园（ITOENï½,整箱装,1
9434老包装随机发货）,1
1656780,18.8,哙哙推荐,纯真恋ä,悠哈（UHA）特浓草莓牛奶糖,120g,1
1360913,39.9,徉,1
1205107,5.2,雾岭山,山楂片,开味生肖,独立小包装,120g,1
1017650,26.5,马来西亚进口,Delio,,德利欧,威化饼干,牛奶味,384g,1
1309177,24.9,统一,绿茶,250ml*24盒/磅460g*2瓶,1
1313鱼干,麻辣味15g,1
1358957,10.0,火宫¥¶¿,休闲零食,é辣五香干,豆35²150g,1
1358975,43.0,火å殿,卤味,酱æ0¸­280g,1
1894732³,情侣版,170g,1
1453974田间,,,,东北黑木耳,,,,180g/袋,1
1224292,7.3,味好美ïge,bal)天然百辉金华酥饼,海装）,1
2073838,54.白味,黑糖饼干400g,1
1224302,7.3,味好美（McCormicK),多味é3105,19.9,良å铺子,肉干,肉萪玛（牛奶味）192g/73,1
1629664,149.,波兰原装进å牛奶耶莉雅（Mi¦村,仑糖蜜麻花10¨利（HAHNE）,5种谷物营养麦片,1000g,é1656791,35.0,哙å®°,厚切凤梨é8,伊藤园（ITOENï夹心太妃糖经典原味41.8g,1
2028080,9.9,伯爵BORGES西珙推荐,纯真恋ä,悠哈（UHA）特浓草莓牛奶糖,12å1
1360913,39.9,徉,1
1205107,5.2,雾岭山,山楂片,开味å,独立小包装,120g,1
1017650,26.5,马来西亚进口,De®¢（21cake）Cool&Hot,冻慕斯与焗芝士,芝士乳酪奶酪蛋糕,鲜奶生日蛋糕,个性,1磅 1
1500047,49.9,汉珍蜜坊,蜂蜜,汉珍雪蜜,天然东北黑蜂椴树蜜 500g,1
1293461,32.8,韩国进口,韩福10.2,蜂蜜柠檬柚子茶580g,1
722版,170g,1
1453974田间,,,,东北黑木耳,,,,180g/袋,1
10,4292,7.3,味好美ïge,bal)天然百辉金华酥饼,海装ï2,1
2073838,54.白味,黑糖饼干400g,1
1224302,7.3,味好³礼盒,浓香炭焙型,赛珍珠1000烟条装乌龙茶133克/ç¼牛奶味）192g/73,1
1629664,149.,波兰原装进åç奶耶莉雅（Mi¦村,仑糖蜜麻花10¨利（HAHNE）,5ç谷物营养麦片,1000g,é1656791,35.0,哙å®°,厚切凤§,é8,伊藤园（ITOENï夹心太妃糖经典原味41.8g,1
½028080,9.9,伯爵BORGES西珙推荐,纯真恋ä,悠哈（U调味酱,225g/罐,1
1274338,198.0,廿一客（21cake）Pine,Stone,Cowboy,松仁淡奶,鲜奶蛋糕,乳脂奶油,新鲜果仁生日蛋糕,1磅,1
2028045,198.0,八马茶业,,清香型铁观音茶叶礼盒,安溪原产乌龙茶,私享清韵500克,1
1274337,198.0,廿一客（21cake）A,Picture,of,Durian,Grey,榴莲飘飘,乳脂奶油鲜奶巧克力生日蛋糕,水果榴莲新鲜蛋糕,1磅,1
1274343,198.0,廿一客（21cake）Fruit,Pocket,花格,水果蛋糕,乳脂奶油鲜奶蛋糕新鲜生日蛋ç¶百辉金华酥饼,海装ï2,1
2073838,54.白味,黑糖0ml/瓶,1
2028151,29.0,比利时进口,Guylian吉利莲,魅炫原味巧克力立袋装128g,1
1594669,138.0,宁安堡,野生黑果枸杞60g,1
2028137,49.9,来伊份(lyfen),美味牛肉干,黑胡椒牛肉片LY250G,1
2028141,36.0,来伊份(lyfen),杭州ä,35.0,哙å®°,厚切凤§,é8,伊藤园（ITOENï夹心太溪原产铁观音茶叶,金牡丹150乌龙茶叶300g礼盒装,1
1308881,15.8,十月初五,迷你鸡仔饼,迷你鸡仔饼（¸客（21cake）Pine,Stone,Cowboy,松仁淡奶,鲜奶蛋糕,¶油小蛋卷(盒装),120g,1
1032927,14.2,泰国进口,Nanaco哈©¬茶业,,清香型铁观音茶叶礼盒,安溪原产乌龙è£松子,坚果零食东北特产非油炸无添加35g*1袋,1
1308892,22.0,十月初五,紫菜素肉凤凰卷,紫菜素肉凤凰卷（盒装）,150g,1
1752757,120.0,婺牌花草茶,菊花订（21cake）Fruit,Pocket,花格,水果蛋糕,乳脂奶油鲊±茶叶,皇菊20包*0.4克,1
1308870,25.0,十月初五,粒粒杏仁饼,粒粒杏仁饼（盒装）,300g,1
1308875,21.6,十月初五,腰果曲奇饼,腰果曲奇饼（盒装）,190g,1
1308873,13.3,十月初五,鲍鱼酥,鲍鱼酥（盒装）,240g,1
1308878,17.0,十月初五,一口粒粒杏仁饼,一口粒粒杏仁饼（盒装）,155g,1
1308913,14.5,十月初五,椰蓉酥,椰蓉酥（盒装）,156g,1
1752708,218.0,茶人岭,一级正山小种红茶茗雅茶礼盒360g,1
1469103,12.8,嘉士利,,巧克»饼,迷你鸡仔饼（¸客（21cake）Pine,Stone,Cowboy,杏仁条,麦酥杏仁条（盒装）,200g,1
1308921,16.5,十月å,泰国进口,Nanaco哈©¬茶业,,清香型铁观音茶叶ç,安溪原产乌龙è£松子,坚果零食东北特产非æ清香型安溪铁观音乌龙茶配紫砂陶茶具乌龙茶礼盒112g,1
1032936,14.2,泰国进口,,Nanaco荔枝味果冻420g,1©º牌花草茶,菊花订（21cake）Fruit,Pocket,花格,水枼糕,乳脂奶油鲊±茶叶,皇菊20包*0.4克,1
1308870,25.焙巧克力（大袋）,105g,日本进口,1
1308903,9.0,十月初五,芝麻饼,芝麻饼（便利装）,62g,1
1308905,17.0,十月初五,迷你粒粒杏仁饼,迷你粒粒杏仁饼（盒装¼盒装）,240g,1
1308878,17.0,十月初五,一口粒粒杏ä饼,一口粒粒杏仁饼（盒装）,155g,1
1308913,14.5,十圈初五,椰蓉酥,椰蓉酥（盒装）,156g,1
1752708,218.å¶人岭,一级正山小种红茶茗雅茶礼盒360g,1
1469,,,Nanaco荔枝味果冻,240g,1
1308909,65.5,十月初五六福çPine,Stone,Cowboy,杏仁条,麦酥杏仁条（盒装）,2子味果冻240g,1
2028161,79.0,比利时进口,Guylian吉利莲浓黑巧克力礼盒250g,1
1032934,9.9,泰国进口,,Nanaco三合一果冻（芒果味，哈密瓜味，草莓味）240g,1
1308831,21.9,淘大,进口,黑胡椒味调味酱,225g/罐,1
1anaco荔枝味果冻420g,1©º牌花草茶,菊花订（21cake９åuit,Pocket,花格,水枼糕,乳脂奶油鲊±茶叶,皇花蜂蜜,500g,（新西兰进口）,1
1293391,118.0,康利（Honeyland）纯正蜂蜜,500g,（新西兰进口）,1
1293386,118装）,62g,1
1308905,17.0,十月初五,迷你粒粒杏仁饼口）,1
1293384,138.0,康利（Honeyland）蓝花蜂蜜,500g,（月初五,一口粒粒杏ä饼,一口粒粒杏仁饼（盒è）,155g,1
1308913,14.5,十圈初五,椰蓉酥,椰蓉酥（¯条,番茄味,40g,1
1778766,7.3,伊利,桶装红枣风味发酶茗雅茶礼盒360g,1
1469,,,Nanaco荔枝味果冻,240g,1
1³8909,65.5,十月初五六福çPine,Stone,Cowboy,杏仁条,º¦¦酥杏仁条（盒装）,2子味果冻240g,1
2028161,79.0, 利时进口,Guylian吉利莲浓黑巧克力礼盒250g,1
10¶34,9.9,泰国进口,,Nanaco三合一果冻（芒果味，哈原瓜味，草莓味）240g,1
1308831,21.9,淘大,进口,黑胡º¢咖喱调味酱,230g/罐,1
1308835,115.0,美国进口,BigCal比格家,,烧烤巴旦木分享装170g*2袋,1
1468726,11.8,维维嚼益嚼soyjoy,户外运用食品,,水果大豆营养棒3支装,1
1468729,10.9,康师傅,3+2夹心卷,三联包,55gX3盒,1
1656157,19.9,中国台湾,宝乐友（Baby,fren）加钙牛奶º,迷你粒粒杏仁饼口）,1
1293384,138.0,康利（Hone65nd）蓝花蜂蜜,500g,（月初五,一口粒粒杏ä饼,一³小巧字母脆米心牛奶巧克力（盒装）143g,1
1814078,46.8,徽记,巴西手剥松子125g,休闲零食,坚果炒货,1
1814073,12.8,好巴食,香辣金针菇,独立小包装零食2o荔枝味果冻,240g,1
1³8909,65.5,十月初五六福çPétone,Cowboy,杏仁条,º¦¦酥杏仁条（盒装）,2子味æ加钙南瓜蔬菜饼干75g,1
1814067,1399.0,润思茶叶,太平猴魁茶叶礼盒350g,1
1814063,12.8,好巴食,香辣土豆片,独立小包装零食258g,,1
1752365,118.0,华祥苑,沁馨红茶武夷小种红茶叶150g礼盒装,1
1594984,5.9,捏吧,15.0,美国进口,BigCal比格家,,烧烤巴旦木分享装1¡司诺（Klassno）卡布奇诺金牌咖啡,150g,1
1656094,17.,水果大豆营养棒3支装,1
1468729,10.9,康师傅,3+2夹39卷,三联包,55gX3盒,1
1656157,19.9,中国台湾,宝乐友,马来西亚进口,卡司诺（Klassno）金牌冷冻干燥速溶咖啡,100g,1
1399922,109.0,波兰进口,莫娜,MONA,全脂纯牛奶1L*12盒,1
1814092,12.2,好巴食,豆腐干,麻辣味零食,独立小包装180g,1
1814081,34.8,徽记,原色开心果盐焗味225g,休闲零食,坚果炒货,1
1752390,79.0,华祥菇,独立小包装零食2o荔枝味果冻,240g,1
1³8909,68g精装,1
1814084,6.5,好巴食,豆腐鱼,独立小包装零食80g,,1
1656101,26.8,马来西亚进口,咖客嗞（Kracks）薯片酸奶洋葱味,160g,1
1656096,26.8,马来西亚进口,咖客.8,好巴食,香辣土豆片,独立小包装零食258g,,1
175º进口,咖客嗞（Kracks）薯片芝士味,160g,1
1779687,36.9,金龙鱼,营养混合型杂粮680g,山药+小米（内含三å¤巴旦木分享装1¡司诺（Klassno）卡布奇诺金ç231,69.0,新加坡进口Camel骆驼牌蜂蜜夏威夷果130g,1
880233,55.0,新加坡进口Camel骆驼牌原味开心果130g,1
中国台湾,宝乐友,马来西亚进口,卡司诺（Klassno6*金牌冷冻干燥速溶咖啡,100g,1
1399922,109.0,波兰è6.9,嘉士利,,芝麻香薄趣,80g/盒,1
1981648,19.0,巧罗（C,豆腐干,麻辣味零食,独立小包装180g,1
1814081,34.8羽记,原色开心果盐焗味225g,休闲零食,坚果炒货,18g,1
1569550,160.0,端午礼品,河北特产,白洋淀,双黄咸鸭蛋礼盒,115g×12枚,1
1656219,18.9,马来西亚,愤怒的小鸟（Angry,Birds）海盐薯片160g,1
1656213,38.0,中国台湾,宝乐友（Baby,fren）巧克力动物型饼干155g,1
1468908,8.5,内蒙古特产,奶酪广通塔拉原味奶酥,150g,1
1468909,9.9,越南进口,燕皇椰子糖可可口味200g,1
1468899,9.3,内蒙古特产,奶酪,广通塔拉草莓奶酥,88g,1
1468895,8.5,内蒙古特产,奶酪广通塔拉,酸奶味奶no）卡布奇诺金ç231,69.0,新加坡进口Camel骆驼ç224,19.9,中国台湾,宝乐友（Baby,fren）加钙字母饼幏£,卡司诺（Klassno6*金牌冷冻干燥速溶咖啡,100g,1
1523681,45.9,福临门,葵花籽油,4L,1
1523701,45.9,福临门,甾醇玉米油,4L,1
1523697,39.9,福临门,葵花籽原香食用调和油,5L,1
1084330,12.9,韩国进口,Lotte,,乐天,宾é£180g,1
1814081,34.8羽记,原色开心果盐焗味225g,ä²零食,坚果炒货,18g,1
1569550,160.0,端午礼品,河北,310ml*12罐,整箱装,1
1933800,24.9,万多福（Wonderful）ç©¬来西亚,愤怒的小鸟（Angry,Birds）海盐薯片160,1,1
1656213,38.0,中国台湾,宝乐友（Baby,fren）巧克心动物型饼干155g,1
1468908,8.5,内蒙古特产,奶酪广é¡黄油味面包干129g,1
1752169,258.0,宏馨红茶,金骏眉茶叶,武夷山金骏眉高档瓷罐礼盒装250g,1
1468481,1塔拉草莓奶酥,88g,1
1468895,8.5,内蒙古特产,奶酼繿通塔拉,酸奶味奶no）卡布奇诺金ç231,69.0,新å²律宾进口,7D芒果汁,200ml,1
1829811,7.9,英国进口,哈得斯（Welsh）薯片-芥末牛肉味,40g,1
1499432,19.9,好丽友（Orion）布朗尼巧克力蛋糕,80g,1
800946,49.0,Mings铭氏咖啡,黑袋,炭烧研磨咖啡粉454g,1
1468591,7.9,西班牙进口,公鸡（GALLO）,扁身意大利面,250g,1
800940,49.0,Mings铭氏咖啡,黑袋,巴西风味研磨咖啡粉454g,1
1468555,11.9,西班牙进口,公鸡（GALLO）,三色心形意大利面,250g,1
1638447,26.0,新疆和田特产,禾田昌和田若羌灰枣银星级500g,1
1638446,36.0,新疆和田特产,禾田昌和田若羌灰枣黄金级500g,1
1468547,59.0,完辋（Baby,fren）巧克心动物型饼干155g,1
1468908,8.5,丽友（Orion）NA芝士奶酪饼干67g,1
1499410,9.9,好丽友（Orion）巧克力夹心条44g,1
1468566,11.9,西班牙进口,公鸡（GALLO）,三色郁金香形意大利面,250g,1
14686内蒙古特产,奶酼繿通塔拉,酸奶味奶no）卡布奇³110g,1
1779268,39.9,张飞,麻辣牛蹄筋88g,麻辣零食,四川特产小吃,1
1468645,12.9,德国进口,嘉云牌,柠檬味ç0g,1
1499432,19.9,好丽友（Orion）布朗尼巧克力蛋果果冻480g,1
1842058,32.8,三特（sante）香蕉全谷类干吃脆麦片,350g,波兰进口,1
1468657,12.9,德国进口,嘉云牌（嘉云糖）香橙味糖果50g,1
