sku_id,价格,商品名称
﻿9637,9800.0,西门子（SIEMENS）TE501803CN原装进口全自动咖啡机(黑色)1
902994,599.0,美的（Midea）微波炉微电脑下拉门智能隐藏式EG7XCGW6-NA1
1136193,149.0,利仁（Liven）电饼铛煎烤机薄饼铛LRT-313F1
1445127,299.0,苏泊尔（SUPOR）电蒸锅ZN28YK8071
1585672,109.0,华迅仕（Fxunshi）MD-401家用不锈钢烤面包机多士炉早餐机黑色1
1585668,129.0,华迅仕（Fxunshi）MD-401家用不锈钢烤面包机多士炉早餐机红黑色1
1231103,299.0,澳柯玛（AUCMA）AMB-201家用全自动馒头面包一体机1
342345,1498.0,虎牌（tiger）JBA-S10C电饭煲国内3L1
986904,199.0,小熊（Bear）电蒸锅DZG-240GA不锈钢多功能锅4L1
1010109,1390.0,意大利德龙（Delonghi）胶囊咖啡机Genio星夜银EDG466.S1
1010111,1690.0,意大利德龙（Delonghi）胶囊咖啡机Melody星夜银EDG626.S1
1101131,219.0,小熊（Bear）DDZ-125TB电炖锅电炖盅一锅四胆双层外壳2.5L1
1982314,799.0,格兰仕（Galanz）G90F25CN3L-C2(G1)25升900瓦快速加热智能微波炉/快波炉京东微联APP控制1
1308786,488.0,九阳（Joyoung）豆浆机全钢免滤多功能豆浆机DJ13B-C668SG（可预约）1
252693,169.0,格兰仕（Galanz)KA3055悬浮式多功能电饼铛1
1231104,659.0,虎牌（Tiger）JBA-B10C电饭煲国内3L1
420695,299.0,北美电器（ACA）AB-P10F小清新面包机全自动家用1
1321721,298.0,飞利浦（PHILIPS）HD4826/92烤面包机1
1352517,299.0,奔腾（POVOS）CG2138超薄技术电磁炉第五代滑动触摸1
497583,988.0,韩国福库（CUCKOO）多功能电烤盘CCG-101M(黑色)1
273198,529.0,依立（Yili)KSC48-I紫砂电炖锅4.8L1
660577,79.0,华迅仕（Fxunshi）MD-208A美式咖啡机自动保温1
849839,388.0,灿坤（EUPA）TSK-2742G多功能铁板烧（大理石不粘烤盘）1
1204672,159.0,利仁（Liven）分体式多功能电火锅HG-F4303（枣红色）1
1162131,199.0,美的（Midea）WDE12F43多功能双层无网智能保温豆浆机1
1399909,499.0,九阳（Joyoung）DJ13B-D79SG植物奶牛双预约多功能豆浆机双预约系统（可预约温度和时间）1
1204660,99.0,利仁（Liven）HG-F4283分体=式多功能电火锅（枣红色）1
1204658,339.0,利仁（Liven）电饼铛一键可拆洗“带圈”电脑版LR-A434A（煎烤机）1
1162136,89.0,苏泊尔（SUPOR）电水壶电热水壶SWF15E06A-1801
1109124,799.0,亨博（hengbo）HB-680电热烧烤炉家用无烟烤肉机铁板牛排电烤炉杜邦不粘大烤盘电饼铛可商用1
1204592,99.0,九阳（Joyoung）DFH-8K601多功能电饭盒保温电热电子饭盒（双层不锈钢内胆）1
1010200,199.0,灿坤（EUPA）TSK-8219YG鸳鸯电火锅1
1732812,699.0,格兰仕（Galanz）G80F23YCN3L-C3(R0)微波炉1
1041370,14999.0,飞利浦（PHILIPS）HD8856/05全自动浓缩咖啡机带有集成式储奶容器1
1041369,19987.0,飞利浦（PHILIPS）HD8854/15全自动浓缩咖啡机带有集成式储奶容器1
854174,199.0,天际(TONZE)DGD–23GWG电炖锅电炖盅2.3L1锅4胆1
1300962,299.0,小熊（Bear）养生壶YSH-A18D1玻璃电水壶喷泉淋浴1.5L1
1259387,339.0,美的（Midea）面包机烘焙品质多功能液晶屏大容量ESC20001
481296,539.0,意大利德龙（Delonghi）KG49家用电动咖啡豆磨豆机可调节研磨粗细1
481480,69.0,灿坤（eupa)TSK-1948A多功能茗茶咖啡机(红色)1
948243,1199.0,摩飞（Morphyrichards）MR1322-D英国全自动家用多功能面包机1
1629709,1599.0,九阳（Joyoung）DJ13B-D86SG破壁免滤多功能豆浆机免滤系列1
730989,199.0,天际(TONZE)DDG-W340MT电炖锅煲汤锅4L1
730990,69.0,天际(TONZE)DZG-W405E煮蛋器蒸蛋器5个蛋1
730992,159.0,天际(TONZE)ZZG-W520T电炖锅煮粥锅2L1
1214660,99.0,华迅仕（Fxunshi）MD-802手摇磨豆机1
2098731,299.0,飞利浦（PHILIPS）HD7435/20咖啡机玻璃壶黑色和金属色1
839705,139.0,小熊（Bear）DFH-S263多功能蒸煮电热饭盒加热保温饭盒2L1
729211,209.0,飞利浦（Philips）HD9312/00保温电水壶双层防烫不锈钢内胆1
1292632,1988.0,虎牌（Tiger）JAY-A55C迷你型电饭煲1
1162551,119.0,小熊（Bear）DRG-C1203电煮锅彩钢双层多功能电火锅电热锅1
1292631,868.0,虎牌（Tiger）PCA-T08C不锈钢电水壶1
1353426,399.0,小熊（Bear）YZJ-A02D1原汁机慢速榨汁机果汁机1
1353423,299.0,小熊（Bear）DDZ-A35G1电炖锅电炖盅一锅五胆双层外壳3.5L1
513635,2399.0,北美电器（ACA）AB-PN6810全自动面包机彩钢自动投果料撒酵母1
1003109,299.0,飞利浦（PHILIPS）HD9910/20Airfryer空气炸锅煎鱼盘附件1
1003111,499.0,飞利浦（PHILIPS）HD2068/03豆浆机1
1169947,399.0,九阳（Joyoung）DJ12B-D61SG植物奶牛全钢多功能豆浆机（孕婴辅食）1
1169948,699.0,九阳（Joyoung）DJ13B-D82SG全钢多功能豆浆机免滤系列（孕婴辅食）1
1452674,199.0,荣事达（Royalstar）养生壶煎药壶1.8L玻璃电水壶20大功能YSH1819中药壶煮茶1
1232194,499.0,飞利浦（PHILIPS）CA6500/61打奶器奶泡器1119.0小熊（Bear）DRG-C1203电煮锅彩钢双层多功能电火锅电热锅1
1292631AB-SN6513N,不锈钢面包机,全自动家用1
641791,39.0,北美电器）YZJ-A02D1原汁机慢速榨汁机果汁机1
1353423,299.0,小熊（Bear）DDZ-A35G1电炖锅ç（Bear）DDZ-A35G1电炖锅电炖盅一锅五胆双层外壳¾®¼ACA）AB-PN6810全自动面包机彩钢自动投果料撒酵母1
1003109,299.0,飞利浦（PH431
1003109,299.0,飞利浦（PHILIPS）HD9910/20Airfryer空气燤紫砂碗1
1344918,169.0,小熊（Bear）JDQ-C04T1双筒煎蛋器可拆底鸡蛋杯早餐蛋卷机1
1284622,399.0,苏泊尔（SUPOR）电饼铛JC32A822-130火红点1
183502,1588.0,虎牌（tiger）JAG-A10C电饭煲国内3L1
677718,99.0,美的（Midea）å­婴辅食）1
1452674,199.0,荣事达（Royalstar）养生ou§功能YSH1819中药壶煮茶1
1232194,499.0,飞利浦（PHILIPS）CA6500/61打奶器奶泡å5）CA6500/61打奶器奶泡器1119.0小熊（Bear）DRG-C12èµ火锅电热锅1
1292631AB-SN6513N,不锈钢面包机,全自动家用1
641791,39.0,北美ç239.0小熊（Bear）电蒸锅DZG-B80A1不锈钢多功能锅8L9.0小熊（Bear）DDZ-A35G1电炖锅ç（Bear）DDZ-A35G1电炖锅电炖盅一锅五胆浔µ炖锅电炖盅一锅五胆双层外壳¾®¼ACA）AB-PN6810æ料撒酵母1
1003109,299.0,飞利浦（PH431
1003109,299.0,飞利浦（PHILIPS）HD9910/å£利浦（PHILIPS）HD9910/20Airfryer空气燤紫砂碗1
13Royalstar）养生壶煎药壶1.8L玻璃电水壶20大功能YSH18Q,1,
2073515,1498.0,美的（Midea）空气炸锅面包机套装1
1223119,199.0,九阳（Joyoung）JK-2828K01多功能电饼铛家用煎烤机双面悬浮烙饼机1
1108249,219.0,荣事达（Royalstar）养生壶煎药壶YSH15P中药壶煮茶1
1240444,398.0,格兰仕（Galanz）MB15001全自动面包机可预约12种菜单1
885961,499.0,汉美驰（HamiltonBeach）49981-CN精英式咖啡机免滤纸滴漏式牒¢面包机全自动家用1
641791,39.0,北美ç239.0小熊（Bear）电蒸锅DZG-B80A1不锥¼ear）DDZ-A35G1电炖锅电炖盅一锅五胆浔µ炖锅电炖盅一锅五胆双层外壳¾®¼ACA）AB-PN6810æ料撒酵母1
1003109,299.0,飞利浦（PH43161199.0松下（Panasonic）SD-P103面包机1
949412,58.0,荣事达（Royalstar）RBC-15M母婴白瓷电炖锅1
1188078,179.0,荣事达（Royalstar）养çIPS）HD9910/20Airfryer空气燤紫砂碗1
13Royalstar）108.0,依立（Yili),LLB06-ABB煲紫砂电炖锅0.6L1
1500480,499.0,九阳（Joyoung）豆浆机多功能免滤豆浆机DJ13B-C662SG（婴儿辅食、豆花ï面悬浮烙饼机1
1108249,219.0,荣事达（Royalstar）养生壶煎药壶YSH15P中药壶ghi）ICM14011.W滴滤式咖啡机咖啡壶咖啡浓度调节1
20º,可预约,12种菜单1
885961,499.0,汉美驰（HamiltonBeach）49981-CN精英式咖啡机Hh）49981-CN精英式咖啡机免滤纸滴漏式牒¢面包机＾ç239.0小熊（Bear）电蒸锅DZG-B80A1不锥¼ear）DDZ-A35G1电炖锅电炖盅一锅五ç1电炖锅电炖盅一锅五胆浔µ炖锅电炖盅一锅五SL0æ料撒酵母1
1003109,299.0,飞利浦（PH43161199.0松下（Panasonic）SD-P103面±¤下（Panasonic）SD-P103面包机1
949412,58.0,荣事达（L1
600191,79.0,天际(TONZE)DDG-W330N电炖锅煲汤锅3L1
1207139,299.0,汉美驰（HamiltonBea910/20Airfryer空气燤紫砂碗1
13Royalstar）108.0,依立ï利仁（Liven）,LRT-330A电饼铛花开吉祥1
1260790,499.0,九阳（Joyoung）豆浆机免滤全钢多功能DJ13B-C656SG（双层全钢杯体）1
1605352,379.0,美的（Midea）HC13N61生磨免滤多功能豆浆机1
1260786,199.0,利仁（Liven）分体多功能电火锅HG-F422LA1
522367,188.0,九阳（Joyoung）JYZS-M3525紫砂锅3.5L电炖锅多功能紫砂煲（炖盅煲粥）1
1260780,199.0,利仁（Liven）电火锅HG-F422BA（分体不锈钢多功能火锅）1
279570,1699.0,松下（Panasonic）SD-P205面包机1
1477639,1680.0,摩飞（Morphyrichards）家用办公室泵压滴漏意式美式二合一咖啡机MR46251
113844316,1199.0,松下（Panasonic）SD-P103面±¤下（Panasonic）SD-P103面包机1
949412,58.ZE)DZG-40AD电蒸锅电热锅双层4L,1
600192,88.0,天际(TONZE)DD锅3L1
1207139,299.0,汉美驰（HamiltonBea910/20Airfryer空气燤紫砂碗1
13Royalstar）甔燤紫砂碗,1,
13Royalstar）108.0,依立ï利仁（Liven）¨æ260790,499.0九阳（Joyoung）豆浆机免滤全钢多功能DJ13B-C656SG（双层全钢杯䒸DJ13B-C656SG（双层全钢杯体）1
1605352,379.0,美的（®锅（不锈钢）1
740227,399.0,飞利浦（Philips）豆浆机多功能无网粉碎HD2072/011
1076740,4999.0,飞利浦（PHILIPS）HD8762/07Saeco全自动咖²（炖盅煲粥）1
1260780,199.0,利仁（Liven）电火锅HG-F422BA（分体不锈钢多劼1
1319505,299.0,利仁（Liven）LR-J3002可拆洗悬浮式多å
1477639,1680.0,摩飞（Morphyrichards）家用办公室泵压滴漏意式美式二合一咖喧胆鸳鸯电火锅1
1237848,299.0,美的（Midea）豆浆机多功能双磨运作WHC12X411
1213867,720.0,意大利德龙（Delonghi）CTO2003.VGR家用多士炉吐司机烤面包机不锈钢防尘盖（绿）1
740183,369.0,飞利浦（Philips）豆浆机多功能无网粉碎HD2061/011
1019638,139.0,现代（HYUNDAI）养生壶多功能钢化玻璃触摸煎药电水壶1.8L粉红BD-YS18011
931283,699.0,九阳（Joyoung）DJ11B-D616SG倍浓植物奶牛全钢小奶牛多功能豆浆机1
1443618,499.0,松下（Panasonic）NN-GM333W微波çhilips）豆浆机多功能无网粉碎HD2072/011
1076740,4999.0,飞利浦（PHILIPS）HD8762¨0飞利浦（PHILIPS）HD8762/07Saeco全自动咖²（炖盅煲OR）空气炸锅AF10G01-1281
973495,159.0,荣事达（Royalstar）RD-700T全自动豆浆机全é利仁（Liven）LR-J3002可拆洗悬浮式多å
1477639,16）CQE-A11C,多功能料理锅1
1252539,599.0,天际(TONZE)DGZN18-18QWG电炖锅电炖盅云智能1锅1
1237848,299.0,美的（Midea）豆浆机多功能双磨迸©¤§利德龙（Delonghi）CTO2003.VGR家用多士炉吐司机烤面包机不锈钢防尘盖（炉¢包机不锈钢防尘盖（绿）1
740183,369.0,飞利浦ï£粉碎HD2061/011
1019638,139.0,现代（HYUNDAI）养生壶多功能钢化玻璃触摸煎药甉电水壶三层保温时尚炫彩进口温控电热水壶W12E03A1ï16SG倍浓植物奶牛全钢小奶牛多功能豆浆机1
1443618,499.0,松下（Panasonic）N²618499.0松下（Panasonic）NN-GM333W微波çhilips）豆º11
1076740,4999.0,飞利浦（PHILIPS）HD8762¨0飞利浦（PHILIPS）HD8762/07Saeco全自动èLIPS）HD8762/07Saeco全自动咖²（炖盅煲OR）空气炸YHG-150C4L韩式多用锅电火锅炒菜煲汤锅1
1221871,1198.0,格兰仕（Galanz）HCV-83201n）LR-J3002可拆洗悬浮式多å
1477639,16）CQE-A11C,多
1221865,269.0,格兰仕（Galanz）L1电磁炉整版触控智能电脑型黑晶面板1
755004,109.0,美乐家（melitta）便携式咖啡过滤器及陶瓷杯套装（红色）1
779158,299.0,美的（Midea）W12PCS505E一锅双胆多功能电脑版智能电压力锅5L（24小时预约）1
539068,158.0,北欧欧慕（nathome）咖啡机滴漏式咖啡煮茶机NKF6002黑色1
799065,168.0,依立（Yili）DZ55D18紫砂隔水电炖盅1.8L1
799069,469.0,天际(TONZE)DGD-18EG电炖锅电炖盅1.8L1锅4胆1
739422,69.0,奥克斯（AUX）电饭煲3L电饭锅WDF30-10B1
622971,268.0,美的（Midea）MG25NF-ARF电烤箱25升发酵功è2¨0飞利浦（PHILIPS）HD8762/07Saeco全自动èLIPS）HD8762/07Saeco全自动咖²（炖ç¶炉电磁炉远红外炉DTL21B11
1389358,59.0,龙力(LONGLI)¯拆洗悬浮式多å
1477639,16）CQE-A11C,多
1221865,269.0,格兰仕（Galanz）L1电磁炉整版触控智能电脑型黑晶面板1
755004,109.0,美乐）DGJ0701AK紫砂电炖锅0.7L1
1398265,1299.0,韩国福库（CUCKOO）多功能高压电饭煲CRP-G1088MR5L（红色）1
158007,299.0,格兰仕（Galanz）微波炉P70D20TP-C6（WO）20L1
1803670,790.0,德龙（Delonghi）奶泡机EMF2.W1
1099655,399.0（24小时预约）,1
539068,158.0,北欧欧慕（nathome）å31SG（密闭低音研磨）1
1221973,169.0,科顺（KESUN）HM502手持多功能电动料理机打蛋器和面机烘培首选搅拌机坐式两用机1
17奥克斯（AUX）电饭煲3L电饭锅WDF30-10B,1,
622971,268.0,美的（Midea）MG25NF-ARF电升900W，食品级不锈钢内胆1
1319051,699.0,飞利浦（PHILIPS）手持式料理机搅拌机无极变速多配件HR1672/941
999879,399.0,尚朋堂（尚朋堂）YS-RC4037FE智能全塑电饭煲新品特价1
1168455,1C,多
1221865,269.0,格兰仕（Galanz）L1电磁炉整版触控智能电脑型黑晶面板
1389502,89.0,柏翠（petrus）面包机专用配件冰淇淋功能内桶ZP-0201
966143,269.0,九阳（Joyoung）JYK-50P02电热水瓶5L家用烧水壶不锈钢三段保温电水壶1
250189,499.0,依立（Yili)DZ08A25紫砂隔水炖盅2.5L1
250191,599.0,依立（Yili）DZ08A35紫砂隔水电炖盅3.5L1
250182,99.0,依立（Yili)KSC25-2紫砂电炖锅1
733141,1299.0,飞利浦（Philips）HD7751/00自动磨豆一体式咖啡壶1
1363941,299.0,美的（Midea）料理搅æ面机烘培首选搅拌机坐式两用机1
17奥克斯苏泊尔（supor）CYYB40YA10-90,电压力锅,4L一锅双胆！1
1657909,199.0,苏泊尔（SUPOR）CYYB40YA10C-90电压力锅1
1183278,179.0,海尔（Haier）电磁炉六大烹饪八档火力C21-H1202（送双锅刀具四件套）1
1043043,1180.0,海氏（H37FE智能全塑电饭煲新品特价1
1168455,1C,多
122186½磁炉整版触控,智能电脑型,黑晶面板
1389502,89.0,柏翠（petrus）面包机专用é536.0奔腾（POVOS）LE605四位数码显示电压力锅九大JYK-50P02电热水瓶5L家用烧水壶不锈钢三段保温电水壶1
250189,499.0,依立（Yil°´焗功能1
305262,899.0,松下（Panasonic）NC-PS35咖啡机1
878487,699.0,松下（Panasonic）NT-DP1-W面包机多士炉1
912913,199.0,美的易酷客（EasyCooker）YN161B迷你电饭煲1
965162,98.0,荣事达（Royal¡壶1
1363941,299.0,美的（Midea）料理搅æ面机烘培首选搅拌机坐式两用机力锅高压锅CYSB50FC818-100鲜呼吸球釜内胆1
888600,1980.锅双胆！,1
1657909,199.0,苏泊尔（SUPOR）CYYB40YA10C-90电压力锅1
1183278,179.0,æ电压力锅1
1183278,179.0,海尔（Haier）电磁炉六大ç9刀具四件套）1
1043043,1180.0,海氏（H37FE智能全塑电饭煲新品特价1
116845åµ饭煲,新品特价,1
1168455,1C,多
122186½磁炉整版触¸菱（Donlim）,BM-1230,家用全自动不锈钢面包机1
1346782,49.0,东菱（Donlim）厨房电子秤烘培电子秤DL-X011
1432347,179.0,荣事达（Royalstar）养生壶煎药壶1.5L玻璃电水壶YSH15191
1797623,998.0,美的（Midea）微波炉M3-L239B银色&电烤箱T1-L101B组合套装1
608815,269.0,美的（Midea）豆浆机多功能智能保温X12M521
1595429,149.0,美的（Midea）电水壶无缝内胆全钢电热水壶WHJ1702b（烧水壶)1
1884122,149.0,奥克斯（AUX）电饭煲4L多功能智能预约电饭锅FY-J40P11
1181987,890.0,意大利德龙（SB50FC818-100鲜呼吸球釜内胆1
888600,1980.锅双胆！,水1
2194386,119.0,九阳（Joyoung）电水壶智能保温双层全钢1.7L电热水壶K17-FW221
183278,179.0,海尔（Haier）电磁炉六大ç9刀具四件咢¹价1
1168455,1C,多
122186½磁炉整版触¸菱（Donlim）,BM-1230,家用全自动不锈钢面包机1
1346782,49.0,东菱（Donlim）厨房电子秤烘培＝¢包机1
1346782,49.0,东菱（Donlim）厨房电子秤烘培电子秤DL-X011
1432347,179.¦唵子秤,DL-X011
1432347,179.0,荣事达（Royalstar）养生å5191
1797623,998.0,美的（Midea）微波炉M3-L239B银色&电烤箱T1-L101B组合套装1
600䃤箱T1-L101B组合套装,1,
608815,269.0,美的（Midea）豆æ
1595429,149.0,美的（Midea）电水壶无缝内胆全钢电热水壶WHJ1702b（烧水壶)1
1水壶WHJ1702b（烧水壶),1,
1884122,149.0,奥克斯（AUX）çC活水电水壶1.5L玻璃电热水壶1
375819,199.0,小熊(Bear）SNJ-5311多功能米酒酸奶机(不锈钢内胆)1000ml（紫色）1
375830,109.0,小熊(能保温双层全钢1.7L电热水壶K17-FW221
183278,179.0,海尔（Haier）电磁炉六大ç-°（Haier）电磁炉六大ç9刀具四件咢¹价1
116845煮蛋器,蒸蛋器,5个蛋不锈钢蒸碗1
1043683,2180.0,惠人（HUROM）HU-400BK-PLUS原汁机低速榨汁机1
523602,16900.0,意大利德龙（Delonghi）ESAM4500.S全自动咖啡机自动打奶泡整机欧洲原装进口1
647257,99.0,美的（Midea）电饭煲3L/3升迷你小容量自动电饭锅YJ308J1
647260,109.0,美的（Midea）电饭煲4L/4升自动电饭锅YJ408J1
523597,199.0,意大利德龙(DeLonghi)全自动咖啡机除垢剂（100ml*2）1
1855820,399.0,苏泊尔（SUPOR）MG20Z08全自动家用面包机自动投料58分钟快速模式1
1749714,169.0,奔腾（POVOS)电磁炉280度爆炒电磁灶C20-PH96T（送汤锅）1
1168051,499.0,美的（Midea）T3-L323B电烤箱32L炉灯热风对流上下独立控温1
480909,499.0,美的（Midea）FS40154L/4升三维立体加热智能电饭煲1
481009,749.0,德国博朗（Braun）WK300电热水壶自动断电烧开水壶防烫煮水壶（白色）1
1160302,2980.0,海氏（Hauswirt）HM790和面机高端专业厨师机家用揉面机1
1230261,19999.0,西门子（SIEM
523602,16900.0,意大利德龙（Delonghi）ESAM4500.S全自å54239.0小熊（Bear）MBJ-120AB全自动面包机20项智能菜单1000g1
1370971,938.0,柇迷你小容量自动电饭锅YJ308J1
647260,109.0,美的ï顺（KESUN)MC701料理机绞肉机碎菜机1
1494336,199.0,小熊（Bear）KFJ-A12Z1美式¨咖啡机除垢剂（100ml*2）1
1855820,399.0,苏泊尔（Enaiter）EB-FCK48A4L简爱系列可预约电脑版多功能智能电饭煲1
1043581,699.0,美的（Midea）电饭煲4L/4升气动涡轮IH电磁加热多功能智能电饭锅FS40881
983913,99.0,荣事达（Royalstar）DY-20B全自动豆芽机培育芽苗机1
1001379,89.0,荣事达（Royalstar）电水壶6升大容量家用商用JY60C21
1122148,79.0,志高（CHIGO）ZD18A-822G81.8L电水壶电热水壶1
1035839,129.0,美的（Midea）电水壶双层保温彩钢水壶进口温控电热水壶H215E4b(烧水壶)1
631845,88.0,长帝（changdi）TB1212升家用快捷加热烧烤电烤箱1
1152668,499.0,美的（Midea）HST210面包机20项智能菜单1000g1
1370971,938.0,柇迷你小容量自动电饭锅YJ308J1§殹量自动电饭锅YJ308J1
647260,109.0,美的ï顺（KE9.0小熊（Bear)JDQ-C3011电煎锅煎蛋器（黄色）1
127239,79.0,利仁（Liven）BC-11è¤垢剂（100ml*2）1
1855820,399.0,苏泊尔（Enaiter电脑版多功能智能电饭煲1
1043581,699.0,美的（Midea）电饭煲4L/4升气动涡1）电饭煲4L/4升气动涡轮IH电磁加热多功能智能ç£事达（Royalstar）DY-20B全自动豆芽机培育芽苗机1
1001379,89.0,荣事达（Royal¢ä0137989.0荣事达（Royalstar）电水壶6升大容量家ç高（CHIGO）ZD18A-822G81.8L电水壶电热水壶1
1035839,129.0,美的（Midea）电水åI3500W无包边德国米技炉电陶炉（北京、上海、æ1
631845,88.0,长帝（changdi）TB1212升家用快捷加热烧烤电烤箱1
1152668,499.0,1
391724,199.0,奔腾（POVOS）电饭煲方形电脑智能预约电饭锅PFFN3003T(3L/3升)1
1199992,129.0,奔腾（POVOS）电水壶食品级304不锈钢快速¨电饭锅YJ308J1
647260,109.0,美的ï顺（KE9.0小熈Haier）电磁炉彩板纤薄智能触摸面板C21-B2126（赠汤锅+炒锅）1
1308565,199.0,海（100ml*2）1
1855820,399.0,苏泊尔（Enaiter电脑版H2699.0美的（Midea）电饭煲4L/4升气动涡1）电饭煲4L/4升气动涡轮IH电磁å9.0小熊（Bear）MBJ-120AA面包机全自动自动撒果料全钢1
391736,1790.0,韩国福库（CUCKOO)多功能高压电饭煲CCRP-G1052FG5L（金色）1
1328042,299.0,苏泊尔（SUPOR）电炖锅DG40YC8071
1328041,199.0,苏泊尔（supor）豆浆机DJ13B-W41GE1
1090627,499.0,美的（Midea）M1-L236A红色微波炉大容量平板1
1182712,299.0,飞利浦（Philips）电饭煲电饭锅智能预约4LHD3148/211
1328030,199.0,苏泊尔（SUPOR）榨汁机料理机4合1功能ZS43-2501
1220850,139.0,九阳家用多功能电火锅不粘电炒锅韩式电煮锅JK-45H021
964748,169.0,美的易酷客（EasyCooker）EB-YN201B迷你电饭煲1
964737,499.0,飞利浦（PHILIPS）HD2079/01豆浆机1
1167640,599.0,美的（Midea）电饭煲4L/4升IH电磁加热触摸操控智能电饭锅FS40891
1167634,499.0,美的（Midea）T3-L324B电烤箱32L炉灯旋转烤叉热风对流上下独立控温1
662421,599.0,美的（Midea）EG7KCGW2-NW微波炉微电脑光波炉烘焙烧烤1
1161131,88.0,美的（Midea）电水壶双层隔热无缝全钢电热水壶WH415E2g（烧水壶)1
930143,288.0,依立（yili）TB57C10紫砂电炖锅1.0L1
515272,139.0,北欧欧慕（nathome）电水壶保温不锈钢热水壶NSH0801薄荷蓝1
964810,159.0,利仁（Liven）DHG-40FH电火锅红色1
964813,2280.0,惠人（HUROM）HU-780WH原汁机低速榨汁机1
1277651,159.0,北美电器（ACA）AHB-235C手持搅拌器婴儿辅食料理机打蛋器1
868522,499.0,富鲜（FoodSaver）169.0美的易酷客（EasyCooker）EB-YN201B迷你电饭煲1
964737,499.0,飞利浦（PHILIP¼DKX-230UB电烤箱旋转烤叉发酵解冻30L1
740858,498.0,4L/4升IH电磁加热触摸操控智能电饭锅FS40891
1167634,499.0,美的（Mideaïi
1167634,499.0,美的（Midea）T3-L324B电烤箱32L炉灯³¢¬立控温1
662421,599.0,美的（Midea）EG7KCGW2-NW微波炉微电脑光波炉烘焙烧烒¢微电脑光波炉烘焙烧烤1
1161131,88.0,美的（Mideaï电热水壶WH415E2g（烧水壶)1
930143,288.0,依立（yili）TB57C10紫砂电炖锅1.0L1°´壶NSH0801薄荷蓝1
964810,159.0,利仁（Liven）DHG-40FH电火锅红色1
964813,2280.0,惠人（HUROM）HU-780WH原汁机低速榨汁机1
1277651,159功能高压锅5L,HD2103/031
1502512,99.0,荣事达（Royalstar）YSH32A养生煎药壶养生壶中药壶电药锅煎药器1
1766481,109.0,美的（Midea）电饭煲3L/3升迷你豪华自动电饭锅MB-WYJ3011
7999001B迷你电饭煲,1,
964737,499.0,飞利浦（PHILIP¼DKX-230UB电烤箱旋转烤叉发酵觅çµ烤箱旋转烤叉发酵解冻30L1
740858,498.0,4L/4升²电饭锅电饭煲3L1
1230742,219.0,飞利浦（Philips）电饭煲电饭锅智能预约3LHD3147/211
799923,398.0,天际(TONZE)DGD-40F电炖锅煲汤锅4L1
137KCGW2-NW,微波炉,微电脑光波炉烘焙烧烒¢微电脑光波炉烘焙烧烤1
1161131,8¨（ACA）ATO-BCRF32,32L多功能专业家用烘焙电烤箱1
287212,79.0,美的（Midea）电水壶全钢水壶优质温控大功率电热水壶12S03E1M(烧水壶)1
306347,998.0,德国博朗（Braun）KF560美式咖啡机家用全自动滴漏式泡茶煮咖啡1
939694,299.0,飞利浦（PHILIPS）HR1823/70榨汁机1
1230703,1999.0,苏泊尔（SUPOR）电压力锅高压锅CYSB50FHµ药锅煎药器1
1766481,109.0,美的（Midea）电饭煲3L/3升迷你豪华自动电饭é¯用两件套1
1230705,159.0,苏泊尔（Supor）电火锅H30FK81-1361
112566,99.0,格兰仕(Galanz)多用电热锅CFK-120AG（火锅，蒸，煮，炖，炒Ｌ烤叉发酵解冻30L1
740858,498.0,4L/4升²电饭锅电éC806-261
376581,339.0,美的（Midea)SYH28-21多功能不锈钢电蒸锅1
497923,339.0,格兰仕（Galanz）微波炉P70D2OTL-D4(白色)1
1199784,99.0,北欧欧慕（nathome）NHJ02BP电动红酒开瓶器8秒自动开瓶适用于各种瓶口1
1405820,799.0,海氏（Hauswirt）和面机厨师机家用电动打蛋器HM质温控大功率电热水壶12S03E1M(烧水壶)1
306347,998.0,德国博朗（Braun）KF560ç«端下拉门、智能变频微波炉1
1580963,438.0,格兰仕（Galanz）P70F20CN3P-SR(W0)20L智能微波炉微电脑、平板1
1149619,229.0,奔腾（POVOS)狏泊尔（SUPOR）电压力锅高压锅CYSB50FHµ药锅煎荅)1
1044480,179.0,天际(TONZE)DGD40-40CWD电炖锅煲汤锅4L1
1254700,289.0,依立（yili）Mag
1230705,159.0,苏泊尔（Supor）电火锅H30FK81-1361
11256µ脑汤粥煲,电脑隔水炖,1
1166958,109.0,小熊(Bear)JDQ-A01A1鸡蛋杯早餐蛋卷机热狗机煎蛋煮蛋器1
136564,119.0,苏泊尔（SUPOR）电火锅HFK26E-1301
944828,49.9,立客（LIKE）GD-135D（LK-SB006）双层保温电热水壶1.5L1
1365381,129.0,小熊（Bear）DFH-C13D1智能电热饭盒预¨8秒自动开瓶适用于各种瓶口1
1405820,799.0,海氏（Hauswirt）和面机厨师有新一代空气能电烤箱1
1409631,269.0,小熊（Bear）FSJ-A05B1家用大容量粉碎机药材五谷杂粮磨粉机研磨机1
1220073,49.9,荣事达（Royalstar）RD-Q607双层煮蛋器自动断电蒸蛋器不锈钢å微电脑、平板1
1149619,229.0,奔腾（POVOS)狏泊尔（SUPOR）电压力锅高压锅
654490,459.0,灿坤（EUPA）TSK-1827RA泵浦式高压咖啡机（红色）1
944852,239.0,美的（Midea）WBZS22A白瓷电炖锅1
325276,99.0,SKGS2001A-200电热水壶2.0L1
1105199,229.0,苏泊尔（SUPOR）电饭煲电饭锅CFXB30FC18-601
966956,890.0,祈和（KPS）KS-995商用多功能沙冰搅拌机1
1122622,499.0,美的（Midea）M1-L236A黑色微波炉23升微电è135D（LK-SB006）双层保温电热水壶1.5L1
1365381,129.0,小熊（Bear）DFH-C13D1智è小熊（Bear）DFH-C13D1智能电热饭盒预¨8秒自动å20799.0海氏（Hauswirt）和面机厨师有新一代空气能电烤箱1
1409631,269.0,小ç½电烤箱1
1409631,269.0,小熊（Bear）FSJ-A05B1家用大åª动咖啡机1
2015452,1899.0,松下（Panasonic）SR-ANM181-KWIFI链接IH电磁加热智能电饭煲5L/5升京东微联APP控制1
876343,2499.0,松下（Panasonic）NN-DS581M蒸汽变频烤箱微波炉一体机1
1379151,119.0,美的（Midea）T1-L101B电烤箱10L1
195264,699.0,灿坤(EUPA)TSK-1819A高压泵浦式咖啡机1
1334425,599.0,荣事达（Royalstar）RZ-558B超级马力破壁机电脑板破壁料理机全营养调理机榨汁机婴儿辅食搅拌机1
1334430,1S-995,商用多功能沙冰搅拌机1
1122622,499.0,美的（Midea）M1-L236A黑色微波炉¨豆浆机家用免滤多功能米糊机双层彩钢防烫1
1334510,119.0,澳柯玛（AUCMA）ADK-1350H23不锈钢自动上水电水壶茶具套装1
1247110,30.FH-C13D1,智能电热饭盒预¨8秒自动å20799.0海氏ï°一代空气能电烤箱1
1409631,269.0,小ç½电烤箱1
1409631,269.0,小熊（Bear）FSJ-128.0威的（Vitaland）VL-3006A全自动家用刨冰机碎冰朼SR-ANM181-KWIFI链接IH电磁加热智能电饭煲5L/5升京东微联APP控制1
876343,249¿果汁机,1
1174788,139.0,天际(TONZE)DGD40-40ZWD电炖锅紫砂é机1
1379151,119.0,美的（Midea）T1-L101B电烤箱10L1
195264,699.0,灿坤(EUPA)TSK-181.0志高（CHIGO）YBW50-90A6(GZ-2)5L智能双胆电压力锅1
1139853,119.0,九阳（Joyoung）JK-30K09多功能电饼铛家用煎烤机双面悬浮烙饼机1
1174794,155.0,天际(TONZE)DGD30-30ZWD电炖锅紫砂锅3L1
1044750,168.0,乐扣乐扣（lock&lock）ELEM-200W自动煎蛋器煮蛋器鸡蛋杯1
1139857,199.0,九阳（Joyoung）JYF-40FS69多功能电饭煲4L智能电饭锅（24小时预约）1
524677,389.0,苏泊尔（SUPOR）电压力锅高压锅CYSB50FD9-1001
998492,399.0,小熊（Bear）KFJ-202AA咖啡机意式蒸汽可打奶泡240ml1
990722,249.0,忠臣（loyola）LC-EA3S超大炉盘电陶炉无电磁炉辐射1
665510,238.0,志高(chigo)ZH-389(A）电陶炉替代电磁炉1
1061647,1699.0,美的（Midea）电饭煲多功能IH电磁加热4L/4升FZ40851
960148,195.0,东菱（Donlim）DL-T06(A)家用全自动不锈钢面包机1
12µ烤箱10L,,1
195264,699.0,灿坤(EUPA)TSK-181.0志高（CHIGO）YBW50-90A6(GZ-2)5L智能双è½电饼铛家用煎烤机双面悬浮烙饼机1
1174794,155.0,天际(TONZE)DGD30-30ZWD电炖锅紫砂锅3L1
1044750,168.0,乐扣乐扣（lock&lock）ELEM-200W載©际(TONZE)DGD30-30ZWD电炖锅紫砂锅3L1
1044750,168.0,乐æ动煎蛋器煮蛋器鸡蛋杯1
1139857,199.0,九阳（Joyoung）JYF-40FS69多功能电饭煲4¢约）1
742053,179.0,利仁（Liven）LRT-310A电饼铛香槟金1
424614,1890.0,韩国福库（CUCKOO）CRP-J0851FP多功能高压电饭煲3.5L(粉色)1
42ear）KFJ-202AA,咖啡机,意式蒸汽可打奶泡240ml1
990,CRP-HJ0853FR,3.5L（红色）1
1334673,118.0,科立泰（QLT）QLT-T1218H保温电水壶1.8L1
424606,3680.0,韩国福库（CUCKOO）IH多功能高压电饭煲CRP-HJ0853FG3.5L（金色）1
929765,699.0,格兰仕（Galanz)CP18001电磁多功能锅1
929762L-T06(A)家用全自动不锈钢面包机,1,
12µ烤箱10L,,1
195饿高（CHIGO）YBW50-90A6(GZ-2),5L,智能双è½电饼铛家用煎烤机双面悬浮烙饼机¹煎烤机双面悬浮烙饼机1
1174794,155.0,天际(TONZE)DG电饭煲京东微联APP控制1
386072,178.0,东菱（Donlim）XB-8002早餐机多士炉烤面包机煎蛋煮蛋器1
1479894,299.0,北美电器（ACA）AB-BC320星光版全自动面包机石锅饭功能1
533295,149.0,康佳KDJ-ZN8002全自动豆浆机1
1479875,149.0,小熊（Bear）SNJ-A10K5微电脑酸奶机陶瓷八分杯1
1434932,499.0,苏泊尔（SUPOR）电饭煲电饭锅CFXB40FC28-75全景视窗球釜内胆1
1209096,129.0,九阳（Joyoung）JYL-C51V多功能料理机家用婴儿辅食果汁机（可榨汁绞肉干磨搅拌）1
1386622,19999.0,飞利浦（PHILIPS）HD8966/05Saeco全自动意式咖啡机1
788916,329.0,忠臣（LOYOLA）LO-3OE30升微电子智能电烤箱带转叉1
277101,299.0,科顺（KESUN）SG500多功能料理机搅拌机1
1060986,179.0,九阳（Joyoung）JYZ-D52营养专业榨汁机红色果汁机大口径进料汁渣分离营养果蔬免切割1
1255179,79.0,利仁（Liven）电饼铛大礼包六件套8.0东菱（Donlim）XB-8002早餐机多士炉烤面包机煎蛋煮蛋器1
1479894,299.0,131
1140624,169.0,dostyleEK201玻璃电水壶1.7L1
921140,79.­功能,1
533295,149.0,康佳KDJ-ZN8002全自动豆浆机1
1479875,149.0,小熊（Bear）SN1
479875,149.0,小熊（Bear）SNJ-A10K5微电脑酸奶机陶炉电陶炉红色1
837398,10.8,美乐家（melitta）1X2醇香咖啡滤纸（40片装）1
140胆,1,
1209096,129.0,九阳（Joyoung）JYL-C51V多功能料理æ9.0飞利浦（PHILIPS）咖啡机咖啡壶滴漏式HD7457/201
1070829,5399.0,美乐家（melitt）HD8966/05Saeco全自动意式咖啡机1
788916,329.0,忠臣
1790005,339.0,利仁（Liven）KL-J4300家用烧烤炉无烟韩式电烤盘不粘烤肉锅1
1140623,149.0,九阳（Joyoung）电磁炉C21-SK805家用简便操作电磁炉（赠汤锅）1
1185349,599.0,摩飞（Morphyrichards）MR4658意式蒸汽咖啡机/咖啡壶可打奶泡1
1021099,69.0,格来德（Grelide）WWK-D1701K保温1.7L电水壶1
1185351,999.0,汉美驰（HamiltonBeach）49980-CN单杯/咖啡壶双模式咖啡机1
1029814,468.0,摩飞（Morphyrichards）MR7255英国不锈钢电热水壶月光黄1
567561,289.0,苏泊尔（supor）电饭煲CFXB1°熊（Bear）SNJ-A10K5微电脑酸奶机陶炉电陶炉ç7itta）1X2醇香咖啡滤纸（40片装）1
140胆,1,
1209096,129.0,九阳（Joyoung）JYL-C5汤锅+精铁炒锅）1
1045083,59.0,德尔（Deer）DR0802PH手持打蛋器电动搅拌机（紫色）1
1255266,699.0,澳柯玛（AUCMA）AMB-106家用全自co全自动意式咖啡机1
788916,329.0,忠臣
1790005,339.0,17RA泵压式蒸汽咖啡机1
1868409,199.0,柏翠（petrus）多功能家用面包机PE61881
1148951,899.0,贝尔斯顿（Bestday）LLJ-205J破壁料理机破壞（Morphyrichards）MR4658意式蒸汽咖啡机/咖啡壶可打奶泡1
1021099,69.0,格杊打奶泡1
1021099,69.0,格来德（Grelide）WWK-D1701K保æIRUSHI）NS-YSH18C-XJ微电脑多功能电饭煲日本标准1.8L/国内标准5L不锈钢棕色1
646221,499.0,美的（Midea）WT2102电磁炉1
646222,499.0,美的（Midea）MY-12LS503E一手开易拆洗智能电脑版电压力锅5L1
594178,149.0,灿坤（eupa)TSK-2131MF点心机1
646212,179.0,美的（Midea）WSYH26A不锈钢多功能电蒸锅两层大容量1
646214,118.0,美的（Midea）JHN30F电饼铛多功能双面加热家用煎烤机1
1148973,2599.0,NUC原汁机榨汁机搅拌机NF-1701
769689,199.0,格兰仕(Galanz)CH21203D平板触摸屏双配电磁炉1
990687,79.0,格来德（Grelide）WWK-D15131.5L电水壶1（petrus）多功能家用面包机PE61881
1148951,899.0,贝尔斯顿（Bestday）LLJ-205J破奥克斯（AUX）F3001EA-1超大容量不锈钢外壳3L电脑版电饭煲1
646192,299.0,美的（Midea）SYS28-22不锈钢多功能两层电蒸锅智能可预约可拆洗1
646193,219.0,美的（Midea）WSYH28A不锈钢多功能电蒸锅两层大容量1
837589,14.8,美乐家（melitta）1X4醇香咖啡滤纸（4（Midea）WT2102电磁炉1
646222,499.0,美的（Midea）°´能电脑版电压力锅5L1
594178,149.0,灿坤（eupa)TSK-2131MF点心机1
646212,179.0,美çDM-215P纯水果制作冰淇淋机/雪糕机-红色1
875680,1990,
646214,118.0,美的（Midea）JHN30F电饼铛多功能双面加热家用煎烤机1
1148973,）KMM770,家用厨师机多功能料理搅拌机揉面机快逻(Galanz)CH21203D平板触摸屏双配电磁炉1
990687,79.0,格来德（Grelide）WWK-D1513¤ ¼来德（Grelide）WWK-D15131.5L电水壶1（petrus）多劏1
1158093,399.0,摩飞（Morphyrichards）MR1148电蒸锅多功能电蒸笼1
1581285,659.0,荣事达（Royalstar）商用电饭锅电饭煲25升大容量CFXB2501
1677316,1399.0,松下（Panasonic）SR-ANY181-PIH电磁加热电饭煲1
1677317,1099.0,松下（Panasonic）SR-ANY151-PIH电磁加热电饭煲1
1220304,199.0,九阳（Joyoung）豆浆机多功能无网易清洗DJ12B-A101
1220305,549.0,九阳（Joyoung）JYZ-V5立式原汁机低速榨汁机家用婴儿果汁机（汁渣分离)1
1158110,258.0,乐扣乐扣（LOCK&LOCK）ELDM-215G纯水果制作冰淇淋机/雪糕机-绿色1
1078768,339.0,美的（Midea）WCS5035多功能家用智能电压力锅5L（双胆24小时预约可开盖烹饪）1
819898,99.0,格来德（Grelide）WWK-3602S3.6L电水壶1
197944,1299.0,韩国福库（CU99068779.0格来德（Grelide）WWK-D1513¤ ¼来德（Grelide）WWK-D15131.5L电水壶1（pY25L微电脑智能双胆电压力锅1
2078392,499.0,松下（Pµ蒸锅多功能电蒸笼1
1581285,659.0,荣事达（Royalstar）商用电饭锅电饭煲25åç商用电饭锅电饭煲25升大容量CFXB2501
1677316,1399¤,IH电磁加热电饭煲1
1677317,1099.0,松下（Panasonic）SR-ANY151-PIH电磁加热电饭ç-ANY151-PIH电磁加热电饭煲1
1220304,199.0,九阳（Joyo000不锈钢电水壶1升全钢、防干烧1
1365525,68.0,龙力LONGLILL-100GC自动断电不锈钢电水壶1L全钢、防干烧1
1488095,150.0,奥克斯（AUX）CX2208电磁炉1
222030,369.0,美的（midea）FS3063L/3升凯睿系列智能电饭ç68339.0美的（Midea）WCS5035多功能家用智能电压¤面包机优雅黑1
837302,659.0,飞利浦（Philips）HR1863/00榨汁机1
1045434,199.0,摩飞（Morphyrichards）MR8102-B多士炉/烤面包机英伦红¾·（Grelide）WWK-D15131.5L电水壶1（pY25L微电脑智能双胆电压力锅1
2078392,4GLI)LL-180GS,自动断电不锈钢电热水壶1
999110,269.0,格兰仕（Galanz）B551T-45F17电饭煲1
1014273,59.0,科顺（KESUN)CG603研磨机磨豆机电饭煲25升大容量CFXB2501
1677316,1399¤,IH电磁加热çäasonic）SR-ANY151-PIH电磁加热电饭ç-ANY151-PIH电磁加热电饭煲1
1220304,199.0,¾犠热电饭煲1
1220304,199.0,九阳（Joyo000不锈钢电水UX-PB935加热型破壁料理机家用多功能榨汁机搅拌机破壁机1
492790,69.0,小熊（Bear）SNJ-5361微电脑米酒酸奶机1000ML（白色）1
1946192,89.0,奥克斯（AUX）AUX-A5086双层防烫电水壶电热水壶不锈钢烧水壶1.¼Midea）WCS5035多功能家用智能电压¤面包机优é0lips）HR1863/00榨汁机1
1045434,199.0,摩飞（Morphyrichards）MR8102-B多士炉/烤面ADK-1800D10电热水壶电水壶1.8L1
999055,269.0,苏泊尔（SUPOR）CYSB50YC810A-100电压力锅双胆24小时预约正品1
1166778,299.0,SKGSKG8034电热水壶1.8L1
1365614,499.0,九阳（Joyoung）JYZ-V902立式原汁机低速榨汁机家用婴儿果汁机(汁渣分离)1
945880,189.0,天际(TONZE)BJH-W300G养生壶煎药壶3L1
945886,129.0,天际(TONZE)DDG-30AZ电炖é1-PIH电磁加热电饭煲1
1220304,199.0,¾犠热电饭煲1
1220304,199.0,九阳（Joyo00045901159.0天际(TONZE)DGD18-18DWG电炖锅电炖盅1.8L1锅3胆1
945888,99.0,天际(TONZE)DDG-20AZ电炖锅紫砂锅2L1
945893,269.0,天际(TONZE)DGD40-40DWG电炖锅电炖盅4L1锅5胆1
1062490,1999.0,韩国现代（HYUNDAI«电水壶电热水壶不锈钢烧水壶1.¼Midea）WCS5035多功能家用智能电压¤éO-F5电烤箱家用烘焙高端F系列上下独立控温多功能Morphyrichards）MR8102-B多士炉/烤面ADK-1800D10电热水壶电水壶1.8L1
999055,26控温HO-F1,1
1540632,399.0,苏泊尔（SUPOR）电饭煲电饭锅°时预约正品1
1166778,299.0,SKGSKG8034电热水壶1.8L1
1365614,499.0,九阳（JoyoHJ1
1365614,499.0,九阳（Joyoung）JYZ-V902立式原汁机低BD±渣分离)1
945880,189.0,天际(TONZE)BJH-W300G养生壶煎药壶3L1
945886,129.0,天际(T壶3L1
945886,129.0,天际(TONZE)DDG-30AZ电炖é1-PIH电磩浦（Philips）HD2636/29烤面包机（金属银色）1
1209970,228.0,乐扣乐扣（LOCK&LOCK）ELK-212R智能不锈钢电热水壶红色1.2L1
1209954,298.0,乐扣乐扣（LOCK&LOCK）ELEK-212W保温多功能电热水壶白色1.2L1
968150,349.0,格兰仕（Galanz）P70D20P-N9(W0)微波炉1
968147,699.0,格兰仕（Galanz）G80F23CN3L-C2K(G2)微波/光波炉1
968143,339.0,格兰仕（Galanz）P70D20L-DE(W0)微波炉1
1380021,79.0,科立泰QLT-L1120迷你电饭煲1.0L1
324508,499.0,意大利德龙（Delonghi）EC7蒸汽式咖啡机可制作奶泡1
919910,218.0,忠臣（loyola）LC-E092S超薄型电陶炉无电磁炉辐射1
664517,189.0,苏泊尔（supor）电饭煲CFXB30FC118-601
1045846,199.0,美的（Midea）H317E4a双层保温防烫时尚炫彩静音全钢电热水壶（赤兔1.7L)1
950514,138.0,欧科(OUKE)OK7011D绞肉机切菜绞肉加厚玻璃1.2L1
664567,1599.0,象印（ZOJIRUSHI）NS-TSH18C微电脑多功能电饭煲日本标准1.8L/国内标准5L不锈钢棕色1
1364188,799.0,贝尔斯顿（Bestday）ZZJ-8010D原汁机榨汁机果汁机大口径1
1218温防烫时尚炫彩静音全钢电热水壶（赤兔1.7L),1,
950514,138.0,欧科(OUKE)OK7011D绞肉机切菜绞肉加厚玻璃1.2L1
664567,1599.0,象印（ZOJIRUSHI）NS-TSH18C微电脑多功能电饭煲日本标准1.8L/国内标准5L不锈钢棕色1
1364188,799.0,贝尔斯顿（Bestday）ZZJ-8010D原汁机榨汁机果汁机大口径1
1218温防烫时尚炫彩静音全钢电热水壶（赤兔1.7L),1,
950514,138.0,欧科(OUKE)OK7011D绞肉机切菜绞肉加厚玻璃1.2L1
664567,1599.0,象印（ZOJIRUSHI）NS-TSH18C微电脑多功能电饭煲日本标准1.8L/国内标准5L不刚火IH』NP-HBH10C微电脑多功能电饭煲日本标准1.0L/»肉机切菜绞肉加厚玻璃1.2L1
664567,1599.0,象印（ZOJIRUSHI）NS-TSH18C微电è428199.0飞利浦（Philips）HR1811/70Daily系列榨汁机1
1364129,5480.0,松下（Panasonic）SR-HBC184日本进口五段压力IH变频电饭煲1
1364128,4980.0,松下（Panasonic）SR-HBC104日本进口五段压力IH4138.0欧科(OUKE)OK7011D绞肉机切菜绞肉加厚玻璃1.2L1
664567,1599.0,象印（ZOgdi）J-8815电动打蛋器手持家用型1
1227396,199.0,格兰仕（Galanz）B350T-15F1M小巧多功能1.5L电饭煲1
1298216,399.0,西摩（SMAL）WK-9821C小智智能电水壶青春版（粉蓝）控温/保温/恒温冲奶器1.2L京东微联App控制1
205074,199.0,利仁（Liven）LR-500D电开水瓶1
205073,1机,切菜绞肉加厚玻璃1.2L1
664567,1599.0,象印（ZO泰（QLT）QLT-2018A不锈钢电热水壶1.8L1
1227422,149.0,格兰仕（Galanz）A701T-50Y33åH10C微电脑多功能电饭煲日本标准1.0L/»肉机切æ1599.0象印（ZOJIRUSHI）NS-TSH18C微电è428199.0飞利浦（Philips）HR1811/70Dailåµ¦（Philips）HR1811/70Daily系列榨汁机1
1364129,5480.0¼Midea）豆浆机多功能生磨免滤3D立体研磨,WHC13V211
1701988,179.0,天际(TONZE)DDZ-16BW(蒸炖)电炖锅电炖盅1.6L双层1
1701992,299.0,天际(TON肉加厚玻璃1.2L1
664567,1599.0,象印（ZOgdi）J-8815电动打蛋器手持家用型1
¨å¨打蛋器,手持家用型,1
1227396,199.0,格兰仕（Galanzº电饭煲1
1298216,399.0,西摩（SMAL）WK-9821C小智智能电水壶青春版（粉蓝）控¨钢电热水壶WHJ1501b（烧水壶)1
1097271,369.0,北美电器0利仁（Liven）LR-500D电开水瓶1
205073,1机,切菜绞肉加厚玻璃1.2L1
664567,159）加厚玻璃,1.2L1
664567,1599.0,象印（ZO泰（QLT）QLT-2韩国现代（HYUNDAI）QC-LL2409多功能家用料理机搅拌机破壁机1
1318249,99.0,韩å能电饭煲日本标准1.0L/»肉机切æ1599.0象印ï小熊（Bear）养生壶电水壶1.5L玻璃面板YSH-A15G11
1318247,599.0,韩国现代（HYUN1811/70Daily系列榨汁机1
1364129,5480.0¼Midea）豆浆机£ïHC13V21,1
1701988,179.0,天际(TONZE)DDZ-16BW(蒸炖)电炖锅电炖盅1.6L双层1
1701992,2多功能钢化玻璃触摸煎药电水壶,黑金1
385136,179.0,天际（TONZE）养生壶煎药壶3L/3升BJH-400BP1
945963,1099.0,飞利浦（PHILIPS）HR2355/01自动面条机1
945972,599.0,飞利浦（PHILIPS）HR1855/30榨汁机1
997631,6499.0,象印（ZOJIRUSHI）NP-HTH18C-XJ三段压力IH电饭煲日本原装1
1138745,369.0,飞利浦（PHILIPS）HD3162/21智能电饭煲电饭锅1
1271681,99.0,小熊（Bear）电炖锅炖盅0.8L紫砂锅DDZ-10821
2171947,599.0,九阳（Joyoung）电水壶真空保温英国strix进口温控电热水壶JYK-15K011
898805,158.0,SKGKX1709电烤箱12L家用迷你烘培烤箱1
385921,119.0,天际(TONZE)DDZ-16A电炖锅电炖盅1.6L1锅3胆1
1379763,179.0,奔腾（POVOS)电磁炉零辐射不挑锅600度原火爆炒电陶炉HLN971
1306156,1199.0,飞利浦（PHILIPS）HD9231/64Airfryer空气炸锅电烤炉（红色）1
1061972,399.0,美的（Midea）MM823EA6-PS或M1-231A微波炉转盘1
914021,209.0,荣事达（Royalstar）养生壶套装玻璃电水壶EM1220中药壶煮茶1
655900,69.0,东菱（Donlim）多士炉TA-8600家用全自动烤面包机1
1722324,399.0,九阳（Joyoung）电压力锅可预约电压力锅双胆6L/6升JYY-60YS231
1130761,458.0,贝尔斯顿（Bestday）ZZJ-817原汁机榨汁机果汁机1
144£利浦（PHILIPS）HD3162/21智能电饭煲电饭锅,1,
127168¯盅0.8L紫砂锅DDZ-1082,1,
2171947,599.0,九阳（Joyoung）电水壶真空保温英国strix进¨尴壶真空保温英国strix进口温控电热水壶JYK-15K011仕（Fxunshi）MD-8102D家用电动绞肉机搅拌/料理机1
998283,169.0,欧博(OPO)FX12-S1µ炖锅电炖盅1.6L1锅3胆1
1379763,179.0,奔腾（POVOS)甴«爆炒电陶炉HLN971
1306156,1199.0,飞利浦（PHILIPS）HD9231/64Airfryer空气炸锅电5L不锈钢电水壶1
1089334,139.0,奥克斯（AUX）AS-816多功能家用榨汁机专业榨汁机1
1271676,399.0,SKG电开水瓶断电出水电水壶1151（）养生壶套装玻璃电水壶EM1220中药壶煮茶1
655900°´瓶2000W大功率快烧电水壶1154（2段保温烧水壶自动清洗消毒4L）,1,
1271670,199.0,ng）电压力锅可预约电压力锅双胆6L/6升JYY-60YS231æy）ZZJ-817原汁机榨汁机果汁机1
144£利浦（PHILIPS）HD3162/21智能电饭煲电饭煲，会做面包的电饭煲，面包机+电饭煲一体机）,1,
277754,169.0,小熊（Bear）DDZ-106电炖锅电炖盅1锅3胆2.5L1
1509594,238.0,半球（Peskoe）XR2-PC2四位数码显示触摸炫簿电磁炉（赠汤锅）黑色1
1015488,88.0,奥克斯（AUX）电饭煲4L电饭锅WDF40-10B1
1226997,199.0,MIONMBL-25HA6运动型便携搅拌机料理机榨汁机myblend蓝色可碎冰1
1226995,35.0,科立泰（QLT）全钢电水壶电热水壶开水壶烧水壶自动断电防干烧QLT-2120J（2.0L)1
1227001,129.0,MIONMBL-25HA5运动型便携搅拌机料理机榨汁机myblend绿色可碎冰1
1184611,399.0,忠臣（loyolaï»璃电水壶EM1220中药壶煮茶1
655900°´瓶2000W大功炉§水壶自动清洗消毒4L）,1,
1271670,199.0,ng）电压力锅可预约电压力锅双胆6L/1
可预约电压力锅双胆6L/6升JYY-60YS23,1æy）ZZJ-817,厊©浦（PHILIPS）HD3162/21智能电饭煲电饭煲，会做面包的电饭煲，面包机+电饭å电饭煲，面包机+电饭煲一体机）1
277754,169.0,åµ炖盅1锅3胆2.5L1
1509594,238.0,半球（Peskoe）XR2-PC2四位数码显示触摸炫簿ç位数码显示触摸炫簿电磁炉（赠汤锅）黑色1
蒸屉,1,
1962697,99.0,志高（CHIGO）电火锅电热锅韩式电炒锅多用途锅H8-（J5C）橙è¾¿携搅拌机料理机榨汁机myblend蓝色可碎冰1
é¢电水壶电热水壶开水壶烧水壶自动断电防干烧QLT-2120J（2.0L),1,
1227001,129.大口径NF-7120(DR),1
820801,298.0,忠臣（loyola）LC-E026P(苹绿色可碎冰1
1184611,399.0,忠臣（loyolaï»璃电水壶EM1220中药壶煮茶1
655900µæ1220中药壶煮茶,1,
655900°´瓶2000W大功炉§水壶自动6,g）电压力锅可预约电压力锅双胆6L/1,
可预约电压力锅双胆6L/6升JYY-60YS23,1扁ç双胆6L/6升JYY-60YS23,1æy）ZZJ-817厊©浦（PHILIPSïday）LLJ-ZP01破壁料理机破壁机破壁杯1
1912966,329.0,苏泊尔（SUPOR）电饭锅电é机+电饭煲一体机）1
277754,169.0,åµ炖盅1锅3èkoe）XR2-PC2四位数码显示触摸炫簿ç位数码显示触摸炫簿电磁炉（赠汤Y1
874319,600.0,美的（Midea）EM7KCGW3-NR微波炉微电脑­锅韩式电炒锅多用途锅H8-（J5C）橙è¾¿携搅拌机料理机榨汁机myblend蓝è料理机榨汁机myblend蓝色可碎冰1
é¢电水壶电烘焙电烤箱,1,
1332418,449.0,北美电器（ACA）ATO-HB30HT30L专业家用烘焙电烤箱高é1
820801,298.0,忠臣（loyola）LC-E026P(苹绿色可碎åï»璃电水壶EM1220中药壶煮茶1
655900µæ1220中药壶煮茶,1,
655900°´瓶2000W大功ç®茶,1,
655900°´瓶2000W大功炉§水壶自动6,g）电压力锵ç¢约电压力锅双胆6L/6升JYY-60YS23,1扁ç双胆6L/6升JYY-60YS231æy）ZZJ-817厊½JYY-60YS231æy）ZZJ-817厊©浦（PHILIPSïday）LLJ-ZP01
1912966,329.0,苏泊尔（SUPOR）电饭锅电é机+电饭煲一体机）1
277754,169.0,å自动咖啡机全金属咖啡机1
1376233,339.0,飞利浦（PHILIPS）HD2658/70金属双烘烤槽烤面包机1
1142199,999.0,海氏（Hauswirt）HM750和靾的（Midea）EM7KCGW3-NR微波炉微电脑­锅韩式电缈¾¿携搅拌机料理机榨汁机myblend蓝è料理机榨汁机myblend蓝色可碎冰1
é,茶道杯（玻璃透明色）,1
1912950,1199.0,志高（CHIGO）破壁料理机加热型多功能家用破壁机豆浆机ZG-P3051
1287382,3750.0,韩国福库＿ 臣（loyola）LC-E026P(苹绿色可碎åï»璃电水壶¼220中药壶煮茶1
655900°´瓶2000W大功ç®茶,1,
655900°´瓶2000W大功炉§水壶自动6,g000W大功炉§水壶自动6,g）电压力锵ç¢约电压力é双胆6L/6升JYY-60YS231æy）ZZJ-817厊½JYY-60YS231æy）ZZJ-817厊©浦（PHILIPSïda§水尊贵红电水壶1
1481886,89.0,益美（Yimei）电炖锅çº+电饭煲一体机）1
277754,169.0,å自动咖啡机全金属咖啡机1
1376233,339.0,1
1367097,649.0,美的（Midea）电饭煲5L/5升IH电磁加热1142199999.0海氏（Hauswirt）HM750和靾的（Midea）EM7KCGW3-NR微波炉微电脑­¤箱12L绿色1
1315198,199.0,忠臣（loyola）LC-E113S全钢三环火无电磁辐射电陶炉1
1011754,249.0,康佳（KONKA）KBP-07E1多功能电热锅金色不沾1
1011756,268.0,科立泰（QLT）T1210NB自动抽水茶盘香槟金1
942885,89.0,格来德（Grelide）WWK-D1507B保温双层防烫1.5L电水壶1
767448,599.0,乐扣乐扣（LOCK&LOCK）ECF-202WSECOfryer无油空气炸锅电炸锅（蓝色）1
1870131,49.0,志高（CHIGO）ZDQ210煮蛋器双层家用蒸蛋器不锈钢底盘14个蛋配不锈钢蒸碗1
977662,219.0,小熊（Bear）DDZ-125TA电炖锅电炖盅一锅四胆2.5L1
977660,149.0,小熊（Bear）DDZ-118TA电炖锅电炖盅1锅3胆1.8L1
775001,169.0,韩国现ä啡机全金属咖啡机1
1376233,339.0,1
1367097,649.0,美的（Midea）电饭煲5L/5卼的（Midea）电饭煲5L/5升IH电磁加热1142199999.0浼1
1583852,339.0,九阳（Joyoung）JYF-40FS82电饭煲土灶原釜电饭煲1
1031631,99.0,利仁（Liven）DHG-233A电火锅1
1323943,1899.0,松下（Panasonº·佳（KONKA）KBP-07E1多功能电热锅金色不沾1
1011756,268.0,科立泰（QLT）Té1756268.0科立泰（QLT）T1210NB自动抽水茶盘香æ器1
996462,1490.0,韩国福库（CUCKOO）CCRP-K1088SR多功能压力电饭煲5L（红色）1
1195890,169.0,美的（Midea）电饭煲迷你小容量电é志高（CHIGO）ZDQ210煮蛋器双层家用蒸蛋器不锈钢底盘14个蛋配不锈钢蒸ç64199.0九阳（Joyoung）JYK-40P01电热水瓶4L家用烧水壀锅四胆2.5L1
977660,149.0,小熊（Bear）DDZ-118TA电炖锅电炖盅1锅3胆1.8L1
77103（赠汤锅+炒锅）,1,
1195883,199.0,美的（Midea）电饭ç
1367097,649.0,美的（Midea）电饭煲5L/5卼的（Midea）电饭煲5L/5升IH电磁加ç电饭煲5L/5升IH电磁加热1142199999.0浼1
1583852,3锵饭煲土灶原釜电饭煲,1
1031631,99.0,利仁（Liven）DHG-233A电火锅1
1323943,1899色不沾,1
1011756,268.0,科立泰（QLT）Té1756268.0科立泰（QLT）T1210NB自动抽水茶盘香æ器1
996462,1490.0,韩国福库（CUCKOO）
1287701,159.0,美的（Midea）WQJ1501b密闭防溢静音沸腾双层防烫进口温控器电热水壶1.5L1
1593301,399.0,欧博（OPO）S108电热水壶电茶盘自动旋转上水抽水式电水壶玻璃养生壶茶炉茶具黑色1
1133839,219.0,康佳（KONKA）KPC-50ZS302E电脑版压力锅5L多功能特色烹饪1
1323107,139.0,小熊（bear）MDJ-A01Y1研磨机磨豆机咖啡豆干货磨粉真空储存1
1323105,119.0,小熊（Bear）LLJ-A10T1多功能料理机豆浆机搅拌机绞肉机1
626921,399.0,飞利浦（Phili/5卼的（Midea）电饭煲5L/5升IH电磁加ç电饭煲5L/5升IH电磁加热1142199995升IH电磁加热1142199999.0浼1
1583852,3锵饭煲土21©仁（Liven）,DHG-233A电火锅1
1323943,1899色不沾,1
1011756,268.0,科立泰（QLTï
1011756,268.0,科立泰（QLT）Té1756268.0科立泰（QLJoæ器1
996462,1490.0,韩国福库（CUCKOO）
1287701,159.0,美的（Midea）WQJ1501b密é美的（Midea）WQJ1501b密闭防溢静音沸腾双层é«L1
1593301,399.0,欧博（OPO）S108电热水壶电茶盘自动旋转上水抽水式电水å¨旋转上水抽水式电水壶玻璃养生壶茶炉茶具é 热型破壁料理机家用多功能蔬果榨汁机1
406959,239.0,飞利浦(Philips)HD7450/2323107139.0小熊（bear）MDJ-A01Y1研磨机磨豆机咖啡炉匀火系列彩板纤薄滑控双显屏QH21071
953879,259.0,美的（Midea）W13PCH501E家用搅拌机绞肉机1
626921,399.0,飞利浦（Phili/5卼的（38 ç电饭煲5L/5升IH电磁加热1142199995升IH电磁加热1142199999.0浼1
15838¥­ 热,1142199,999.0浼1
1583852,3锵饭煲土21©仁（Liven9.99色不沾,1
1011756,268.0,科立泰（QLTï
1011756,268.0,科立泰（QLT）Té1756268¦¨科立泰（QLT）Té1756268.0科立泰（QLJoæ器1
99¨弉,,
1287701,159.0,美的（Midea）WQJ1501b密é美的（Midea）WQJ1501b密闭防溢静IFa）WQJ1501b密闭防溢静音沸腾双层é«L1
1593301,31,
壶电茶盘,自动旋转上水,抽水式电水å¨旋转上水抽水式电水壶玻璃养生¨自动面条机MTJE01-1801
509986,99.0,灿坤（eupa)SWT-5111酸奶机4人份(白色)1
1263718,498.0,北美电器（ACA）AB-PCT1515自动投果料酵母面å（bear）MDJ-A01Y1研磨机磨豆机咖啡炉匀火系å01
953879,259.0,美的（Midea）W13PCH501E家用搅拌机绞肉机1
626921,399.0,飞利浦ïY-A08C电水壶1
1263710,598.0,忠臣（loyola）LO-30V欧盟A13标准30升高配置智能烤箱1
1164719,128.0,贝尔斯顿（Bestday）YZJ-ZP01原汁机慢速低速榨汁机801型冰淇淋滤网1
1888060,298.0,飞利浦ï011756268.0科立泰（QLT）Té1756268¦¨科立泰（QLT）Té1756268.0科立泰（µ饼铛1
1156094,89.0,华迅仕（Fxunshi）MD-2362.0版美式咖啡机自动断电1
728287,199.0,SKGSKG1601电陶炉高级电炉2200W双环双控1
96928¯闭防溢,静音沸腾,双层é«L1
1593301,31,
壶电茶盘,1Tå¨旋转上水,抽水式电水壶玻璃养生¨自动面条机MTJE01-1801
509986,99.0,灿å20ml*2）1
934803,168.0,意大利德龙(DeLonghi)双层玻璃杯µ器（ACA）AB-PCT1515自动投果料酵母面å（bear）MDJ-A01Y1研磨机磨豆机咖åDJ-A01Y1研磨机磨豆机咖啡炉匀火系å01
953879,259.0è拌机绞肉机,1
626921,399.0,飞利浦ïY-A08C电水壶1
1263710,598.0,忠臣（loyolaï
1263710,598.0,忠臣（loyola）LO-30V欧盟A13标准30升髵è贝尔斯顿（Bestday）YZJ-ZP01原汁机慢速低速榨汁机801型冰淇淋滤网1
188806¶4º801型冰淇淋滤网,1,
1888060,298.0,飞利浦ï011756268.N¨科立泰（QLT）Té1756268.0科立泰（µ饼铛1
1156094,89.0,华迅仕（Fxunshi）MD8/59（香槟金）1
1257059,269.0,利仁（Liven）分体多功能电火锅HG-F428LA1
414235,899.0,松下(Pansonic)NN-GF351XXPE微波炉1
1064590,599.0,格兰仕（Galanz）KWS1530J-F5R电烤箱上下独立控温30升大容量1
1359826,188.0,康雅TM-160G玻璃电热水壶套装1
1148482,199.0,美的（Midea）WBL25A36智能搅拌机料理机果汁机绞肉机辅食1
1677299,990.0,苏泊尔（SUPOR）CFXB40HC4AGC-120电饭煲1
1677307,792.0,苏泊尔（SUPOR）CYSB50FC818GC-100电压力锅1
796383,490.0,凯伍德（Kenwood）AT320B多功能研磨器厨师机配件1
1022550,599.0,美的（Midea）EG7KCGW6-NA微波炉智能菜单20L1
758412,5399.0,美乐家（melitta）LATTEAE955-102拿铁全自动咖啡机（中国红）1
796377,390.0,英国凯伍德（KENWOOD）JKP250旅滤网1
1888060,298.0,飞利浦ï011756268.N¨科立泰（KBO2001.R不锈钢大容量电热水壶自动断电欧洲技术（红）1
1102306,179.0,欧博1
1257059,269.0,利仁（Liven）分体多功能电火锅HG-Få)NN-GF351XXPE微波炉1
1064590,599.0,格兰仕（Galanz）KWS1530J-F5R电烤箱上下独32WS1530J-F5R电烤箱上下独立控温30升大容量1
1359,泡茶机,自动上水器加水器电水壶热水壶控温电茶壶电磁炉茶盘（黑色）拌机料理机果汁机绞肉机辅食1
1677299,990.0,苏泊5L全钢盖干烧断电保护1
1148477,899.0,美的（Midea）MB-FS4088BIH电磁加热涡轮动力技术智能香甜电饭煲1
961380,499.0,九阳（Joyoung）多功能破壁料理机JYL-G12E玻璃材质家用婴儿辅食果汁机（可榨汁绞肉干磨搅拌）1
397630,79.0,SKGJR10A多功能迷你不锈钢电煮é77390.0英国凯伍德（KENWOOD）JKP250旅滤网1
1888060,298.0,飞利浦ï011756268.22298.0飞利浦ï011756268.N¨科立泰（KBO2001.R不锈éµ欧洲技术（红）1
1102306,179.0,欧博1
1257059,269.0,利仁（Liven）分体多功能©仁（Liven）分体多功能电火锅HG-Få)NN-GF351XXPEå¼Galanz）KWS1530J-F5R电烤箱上下独32WS1530J-F5R电烤箱上下独立控温30升大å®±上下独立控温30升大容量1
1359,泡茶机,自动ä机械电饭煲1
1606778,199.0,美的（Midea）WBGS401智能白瓷电炖锅4L1
511918,399.0,美的（Midea）MM721NH1-PW微波炉21L1
1684751,199.0,小熊（Bear）DKX-A12B1家用电烤箱12L立式定时1
519600,139.0,北欧欧慕（nathome）电水壶保温不锈钢热水壶NSH0801水莲粉1
758399,199.0,美乐婴儿辅食果汁机（可榨汁绞肉干磨搅拌）1
397630,79.0,SKGJR10A多功能迷你ä¹家（melitta）1X2纯白咖啡滤纸（40片装）1
1715127,299.0,苏泊尔（SUPOR）SWF17S01B双层防烫保温调温除氯电水壶1
714725,79.0,华迅仕（Fxunshi）MD-210S美式咖啡机不锈钢咖啡壶1
75831257059,269.0,利仁（Liven）分体多功能©仁（Liven）分体多功能电火锅HG-Få12体多功能电火锅HG-Få)NN-GF351XXPEå¼Galanz）KWS630J-F5R电烤箱上下独立控温30升大å®±上下独立控温30升大容量1
1359,泚§温,30升大容量1
1359,泡茶机,自动ä机械电饭煲BGS401智能白瓷电炖锅4L1
511918,399.0,美的（Midea）MM721NH1-PW微波炉21L1
16847（Hauswirt）烘焙工具烘焙模具礼包烘培套装烤箱模具披萨盘蛋糕模具HB001,1,
1350823,189.0,奔腾（POVOS）LJ612特色无水焗电压力锅4种烹饪程序任意选择1
1286510,698.0,灿坤（EUPA）TSK-1163A泵浦式高压咖啡机1
1296331,139.0,北欧欧慕（nathome）电水壶保温不锈钢热水壶NSH0801香槟金1
1296328,1999.0,欧科（OUKE）DS100B-05商用豆浆机5升10升20升大容量现磨豆浆机无渣全自动搅拌机1
1255648,498.0,长帝（changdi）CRDF32S微联智能电烤箱32升家用烘焙型上下管独立控温带炉灯转叉1
1086550,2199.0,米技（MIJI）MijiHomeQ7德国米技炉电陶炉白色1
1515529,218.0,忠臣（loyola）LC-E126S上下独立控温30升大容量1
1359,泚§温,30升大容量1
1359,泡茶机,自动ä理机搅拌机无极变速多配件HR1677/941
1661894,89.0,小熊（Bear）ZDQ-A12Y1双层煮蛋器蒸蛋器不锈钢蒸碗1
1428258,139.0,荣事达（Royalstar）养生壶煎药壶1.8L玻璃电水壶20大功能YSH1839(Y腾（POVOS）LJ612特色无水焗电压力锅4种烹饪程序任意选择1
1286510,698.0,ç1
432537,79.0,小熊（Bear)SNJ-5341酸奶机1000ML（橙色）1
551809,449.0,美的（Midea）微波炉光波炉EG720KG4-NA1
2166167,149.0,小熊（Bear）电煮锅双层多功能电热锅电火锅1.8LDRG-C18A11
987797,139.0,苏泊尔（SUPOR）电饭煲电饭锅CFXB16YA83-301
1428253,149.0,荣事达（Royalstar）养生壶煎药壶1.8L玻璃电水壶20大功能YSH18Q11
109586550,2199.0,米技（MIJI）MijiHomeQ7德国米技炉电陶炉白色1
1515529,218.0,忠è白色1
1515529,218.0,忠臣（loyola）LC-E126S上下独çOR）搅拌机榨汁机料理机JS30-2301
1216689,990.0,意大利德龙（Delonghi）胶囊咖åº无极变速多配件HR1677/941
1661894,89.0,小熊（Beaµ热饭盒加热保温饭盒双层密封1.5LDFH-A15D11
1325041,139.0,益美（Yimei）电炖锅预约定时粥煲汤锅宝宝炖锅0.8LYM-Z408W1
1296226,1699.0,松下（Panasonic）NN-GF599M变频微波炉1
1325049,79.0,益美（Yimei）养生壶药煲中药壶2L300A1
1117758,449.0,苏泊尔（SUPOR）Z12YN6-G2多功能电蒸锅1
185625,398.0,长帝（changdi）CRDF25立方体内胆电脑智能烘焙电烤箱1
628504,999.0,北美电器（ACA）ATO-MFR34D34L高端äXB16YA83-301
1428253,149.0,荣事达（Royalstar）养生壶煎药壶1.8L玻璃电水壶20大1
987651,69.0,小熊（Bear）DDQ-D3266家用手持电动打蛋å±³技炉电陶炉白色1
1515529,218.0,忠è白色1
1515529,218.0,忠臣（loyola）LC90.0英国凯伍德（KENWOOD）HM680台式打蛋器家用电动89990.0意大利德龙（Delonghi）胶囊咖åº无极变速多配件HR1677/941
1661894,89.朤配件HR1677/94,1
1661894,89.0,小熊（Beaµ热饭盒加热A15D11
1325041,139.0,益美（Yimei）电炖锅预约定时粥煲汤锅宝宝炖锅0.8LYM-Z晲汤锅宝宝炖锅0.8LYM-Z408W1
1296226,1699.0,松下（Pa力锅高压锅CYSB50FC88Q-100球型内胆1
1454087,39.9,科立泰（QLT）QLT-1255不锈钢酸å1
1117758,449.0,苏泊尔（SUPOR）Z12YN6-G2多功能电襶机1.0L1
1203832,179.0,美的（Midea）WCN301酷彩系列多功能电饼铛/煎烤机1
1039521,999.0,北美电器（ACA）ABB-YFE520全自动搅拌蒸煮å）养生壶煎药壶1.8L玻璃电水壶20大1
987651,69.0,小熊（Bear）DDQ-D3266家用æ箂白色1
1515529,218.0,忠臣（loyola）LC90.0英国凯伍德（KENWOOD）HM680台式打蛋器家用电动89990.0意大利德龙（Delonghi）胶囊4å·（KENWOOD）HM680台式打蛋器家用电动89990.0意å榨油机家用全自动加热型植物油萃取机1
1117681,219.0,苏泊尔（supor）JJ32A19-130电饼铛煎烤机1
1064160,89.0,天际(TONZE)DZG-W30Q煮蛋器蒸蛋器双层1
1676728,2298.0,惠人（HUROM）HUZK24FR第2代原汁机低速榨汁机1
1256361,79.0,康佳（KONKA）KRC-30JX313L电饭煲1
1064140,18954087,39.9科立泰（QLT）QLT-1255不锈钢酸å1
1117758,449.0,苏泊尔（SUPOR）Z12YN6炖锅煮粥锅4L1
1064150,109.0,天际(TONZE)ZDH-W312K电水壶电热水壶1.2L1
1064157,698.0,天际(TONZE)FD30CB电饭煲电饭锅电饭煲3L1
727397,79.0,德唵器（ACA）ABB-YFE520全自动搅拌蒸煮å）养生壶©é8765169.0小熊（Bear）DDQ-D3266家用æ箂白色1
1515529,218.0,忠臣（loyola）3515529218.0忠臣（loyola）LC90.0英国凯伍德（KENWOOD
1324275,1599.0,韩国现代（HYUNDAI）QC-TK2家用户外无烟烧烤架碳烤炉橙色1
1550876,159.0,SKG8051多功能养生壶加厚电玻璃全自动煎药壶花茶白金色1
1324281,1399.0,韩国现代（HYUNDAI）QC-TK2家用户外无烟烧烤架碳烤炉黑色1
892084,688.0,韩国福库（CUCKOO）多功能甼HUZK24FR第2代原汁机低速榨汁机1
1256361,79.0,康佳（KONKA）KRC-30JX313L电饭çº家用婴儿果汁机（可榨甘蔗、陶瓷螺杆）1
996096,,1
1117758,449.0,苏泊尔（SUPOR）Z12YN6炖锅煮粥锅4L1
1064150,109.0,天际(TONZE)ZDH-W8S064150109.0天际(TONZE)ZDH-W312K电水壶电热水壶1.2L1
O)µ饭煲电饭锅电饭煲3L,1,
727397,79.0,德唵器（ACA）ABB-YFE520全自动搅拌蒸煮åCFE520全自动搅拌蒸煮å）养生壶©é8765169.0小ç³（Joyoung）JK-30C01多功能电饼铛家用煎烤机双面悬浮烙饼机1
1366936,258.0,东菱（Donlim）DL-K33E家用多功能烘焙电烤箱33L超大容¨户外无烟烧烤架碳烤炉橙色1
1550876,159.0,SKG8051多功能养生壶加厚电玻輈HYUNDAI）QC-TK2家用户外无烟烧烤架碳烤炉黑色式消毒纯白色1
892097,1299.0,韩国福库（CUCKOO）多功能高压电饭煲CCRP-G1011FP5L892084688.0韩国福库（CUCKOO）多功能甼HUZK24FR第2ä®波炉一级能效京东微联APP控制1
651945,239.0,小熊（Bear）HMJ-D3826和面机（白色）1
344518,1598.0,虎牌（tiger）JBA-S18C电饭煲国内5L1
558786,79.0,小熊（Bear）DFH-S2012电热饭盒不锈钢蒸煮饭盒多功能饭盒密封保鲜1
1591962,299.0,天际(TONZE)DGZN22-22JWG电炖锅çµ器（ACA）ABB-YFE520全自动搅拌蒸煮åCFE520全自动搅拌蒸煮å）养生å动搅拌蒸煮å）养生壶©é8765169.0小ç³（Joyoun179.0奔腾（POVOS）电水壶食品级304不锈钢快速加热电热水壶S1899（1.8L/升）1
996092,299.0,康雅CO-906无油空气炸锅第三代1
1224714550876,159.0,SKG8051多功能养生壶加厚电玻輈HYUNDAI）QC-TK2家用户外无烟烧çQC-TK2家用户外无烟烧烤架碳烤炉黑色式消毒çº（CUCKOO）多功能高压电饭煲CCRP-G1011FP5L892084688.0韩国福库（CUCKOO）多å0韩国福库（CUCKOO）多功能甼HUZK24FR第2ä®波炉ä1
651945,239.0,小熊（Bear）HMJ-D3826和面机（白色）1
344518,1598.0,虎牌（tiger热水壶烧水壶5LAK-15N1
918361,59.0,德尔（Deer）BL-0712果汁机多功能搅拌机1
1117261,499.0,苏泊尔（SUPOR）CFXB40FC826-75球釜电饭煲1
511154,199.0,依立（Yili）SH41012紫砂电水壶1.2L1蒸煮åCFE520全自动搅拌蒸煮å）养生å动搅拌蒸煮å）养生壶©é87651
163005,119.0,格兰仕（Galanz）1.5升不锈钢底盘加热电水壶DH18-150251
186176,109.0,利仁（Liven）2008B经济型带圈的电饼铛1
675711,569.0,松下（Panasonic）NC-CE301电热水壶保温壶电热水瓶3L1
675705,289.0,松下（Panasonic）MK-GB1榨汁机料理搅拌机1
1163609,499.0,格兰仨户外无烟烧烤架碳烤炉黑色式消毒çº（CUCKOOµ011FP5L892084688.0韩国福库（CUCKOO）多å0韩国福库（CUCKOO）多功能甼HUZK2º¦）1
1110068,59.9,小熊（Bear）DDQ-A01G1手持打蛋器电动搅拌机1
1498855,658.0,贝尔斯顿（Bestday）ZZJ-8201D原汁机榨汁机果汁机大口´壶5LAK-15N1
918361,59.0,德尔（Deer）BL-0712果汁机功能钢化玻璃触摸煎药电水壶1.8L玫瑰黑BD-YS18021
1110062,99.0,小熊（Bear）DDQ-B9.0依立（Yili）SH41012紫砂电水壶1.2L1蒸煮åCFEn）DHG-283A多功能电火锅1
1561574,999.0,美的（Midea）M3-L233C微波炉23L1
607824 ¼兰仕（Galanz）1.5升不锈钢底盘加热电水壶DH18-15有2008B经济型,带圈的电饼铛,1
675711,569.0,松下（Panasonic）NC-CE301电热水壶俪瓷内胆1
1308988,199.0,志高（CHIGO）电压力锅迷你高压锅2.8L智能预约HY28D1
1286041,339.0,苏泊尔（supor）豆浆机DJ12B-Y89E1
676195,99.0,小熊（Bear）MDJ-D4072磨豆机咖啡豆干磨机电动1
607973,1380.0,北欧欧慕（nathome）WSD18-010泵压力式咖啡机1
1330622,1299.0,飞利浦（PHILIPS）HR1876/70榨汁机1
482250,49.9,奥克斯（AUX）HX-18B041.8L不锈钢电水壶1
1445126,299.0,苏泊尔（SUPOR）长板电磁炉SDHCB9E17-210191836159.0德尔（Deer）BL-0712果汁机功能钢化玻çBD-YS18021
1110062,99.0,小熊（Bear）DDQ-B9.0依立（Yili）SH41012紫砂电水壶1.2L式1
482208,58.0,奥克斯（AUX）AUX-13A10不锈钢防烫电水壶(红色)1.2L1
971095,379.0,小熊（Bear）DDZ-152电炖锅电炖盅4胆精钢2.5L1
1¼1.5升不锈钢底盘加热电水壶DH18-15有2008B经济型ç¾下（Panasonic）,NC-CE301,电热水壶俪瓷内胆1
1308988,199.0,志高（CHIGO）电å1308787469.0九阳（Joyoung）JYF-I40FS68铁釜IH电饭煲3.1气（supor）豆浆机DJ12B-Y89E1
676195,99.0,小熊（Bear）MDJ-D4072磨豆机咖啡豆干æJ-D4072磨豆机咖啡豆干磨机电动1
607973,1380.0,åSµ压力式咖啡机1
1330622,1299.0,飞利浦（PHILIPS）HR1876/70榨汁机1
482250,49.9,奥1/70榨汁机1
482250,49.9,奥克斯（AUX）HX-18B041.8L且三胆1.8L1
745762,66.0,祈和（KPS）KS-935电动打蛋器白色1
1515515,269.0,美的（Midea）电磁炉触摸式酷薄RT2135（赠汤锅+炒锅）1
745749,49.0,祈和（KPS）打蛋器KS-9301
892937,148.0,小熊（Bear）SNJ-530微电脑蜜罐米奥克斯（AUX）AUX-13A10不锈钢防烫电水壶(红色)1¼DDZ-152电炖锅电炖盅4胆精钢2.5L1
1¼1.5升不锈钢底盘加热电水壶DH18-15æCUCKOO）,IH多功能压力电饭煲,CRP-HX1054FB5L(黑色)1·内胆1
1308988,199.0,志高（CHIGO）电å1308787469.0九阳（Joyoung）JYF-I40FS68é279.0苏泊尔（SUPOR）电压力锅高压锅CYSB50YC618-1001
1612583,89.0,小熊（Bear）煮蛋器ZDQ-A07M1多功能蒸蛋器大容量煮蛋机不锈钢蒸碗1
1179448,699.0,天际（TONZE）DZJ-W965B原汁机1
1612584,149.0,小熊（bear）DSL-A02G1烤面包机多士炉隐藏式烤架熊头图案1
1074651,,
482250,49.9,奥克斯（AUX）HX-18B041.8L且三胆1.8L11
电动打蛋器,白色,1
1515515,269.0,美的（Midea）电磁炉触摸式酷薄RT2135（赠汤¨营养果蔬调理机多功能破壁技术料理机1
2132284,88.0,科顺（KESUN）TO-12112L家用烘焙多功能电烤箱迷你家用电烤箱1
854237,179.0,åAUX-13A10不锈钢防烫电水壶(红色)1¼DDZ-152电ç¼Joyoung）JYF-I50FS07智能IH电饭煲5L家用多功能电饭锅（土灶铁釜、灶烧饭、å能压力电饭煲CRP-HX1054FB5L(黑色)1·内胆1
13¸­药壶,3L,450G1
1309655,199.0,dostyleMB301婴儿辅食机（透明玻璃料理杯、料理细èUPOR）电压力锅高压锅CYSB50YC618-1001
1612583,89.0,å/07智能全自动咖啡机带有集成式储奶容器1
505508,299.0,东菱（Donlim）XBM-1028GP¤士炉隐藏式烤架熊头图案1
1074651,,
482250,49.9,奥克斯（AUX）HX-18B041.8L且三胆1.8L11
电动打蛋器,白色,1
1515515,269.0,美的ï克斯（AUX）HX-18B041.8L且三胆1.8L11
电动打蛋å,Midea）电磁炉触摸式酷薄RT2135,（赠汤¨营养果蔬调理机多功能破壁技术料０机多功能破壁技术料理机1
2132284,88.0,科顺（KEº能电烤箱迷你家用电烤箱1
854237,179.0,åAUX-13A10不锈钢防烫电水壶(红色3¸锈钢防烫电水壶(红色)1¼DDZ-152电ç¼Joyoung）J10多功能电饭锅（土灶铁釜、灶烧饭、å能压力电饭煲CRP-HX1054FB5L(黑色)POR）SDHCB9E33-210超薄电磁炉1
481295,439.0,意大利德龙（Delonghi）KG40家用电动按压式磨豆机咖啡豆研磨\磨粉1
481293,2380.0,意大利德龙（Delonghi）EO3890.A家用大容量多功能不锈钢电烤ç¨1
505508,299.0,东菱（Donlim）XBM-1028GP¤士炉隐藏式烤架熊头图案1
1074651愼烤架,熊头图案,1
1074651,,
482250,49.9,奥克斯（AUX）家用全自动撒果料全钢1
1153256,2798.0,飞利浦（PHILIPS）HR1880/00榨汁机原汁机1
1330754,228.0,祈和（KPS）KS-806S打蛋和面机坐式手持两用打蛋器1
880516,89.0,九阳（Joyoung）JYK-13F05A双层防烫不锈钢电水壶1.3L自壁技术料理机1
2132284,88.0,科顺（KEº能电烤箱迷ähangdi）HB01入门型烤箱烘焙工具模具13件套装1
1421970,299.0,飞利浦（PHILIPSï£¶(红色)1¼DDZ-152电ç¼Joyoung）J10多功能电饭é九阳（Joyoung）JYK-17C10不锈钢电水壶1.7L烧水壶自动断电保温电热水壶1
1189118薄电磁炉,1,
481295,439.0,意大利德龙（Delonghi）KG40å52158599.0奔腾（POVOS）FY501三维立体加热电饭煲液晶显示可拆卸内盖1
730993,199.0,天际(TONZE)ZZG-W550T电炖锅煮粥锅5L1
1400281,199«炉,隐藏式烤架熊头图案1
1074651愼烤架,熊头图案,1
1074651,,
482250,49.9,奥兡º（KESUN）JLL350-B2料理机搅拌机果汁机米糊1
1329473,499.0,韩国现代（HYUNDAI）BD-KJ138烧烤炉家用无烟烧烤架电烤炉1
389288,109.0,科顺（KESUN)HM501打蛋器和面机1
1329529,149.0,康佳（KONKA）电磁炉KEO-19AS35TCE（汤锅+炒锅）1
1099865,148.0,康雅KY-230便携式果汁机多功能料理机绿色1
1329459,649.0,韩国现代（HYUNDAI）BD-KJ137烧烤炉家用无烟烧烤架电烤炉1
729213,239.0,飞利浦（Philips）HD9316/03不锈钢保温电水壶1
729210,399.0,飞利浦（Philipsï´壶自动断电保温电热水壶1
1189118薄电磁炉,1,
481295,439.0,意大利德龙（Delå5439.0意大利德龙（Delonghi）KG40å52158599.0奔腉HD9303/19不锈钢电水壶1
1142866,99.0,小熊（Bear）JDQ-B01A1鸡蛋杯煎蛋器煮蛋器ZE)ZZG-W550T电炖锅煮粥锅5L1
1400281,199«炉,隐藏式热瞶熊头图案1
1074651,,
482250,49.9,奥兡º（KESUN）JLL350-B2料理机搅拌机果汁机²2料理机搅拌机果汁机米糊1
1329473,499.0,韩国ç2家用无烟烧烤架电烤炉1
389288,109.0,科顺（KESUN)HM501打蛋器和面机1
132910501,打蛋器,和面机1
1329529,149.0,康佳（KONKA）电ç¤箱38L家用容量多功能MG38CB-AA1
1100062,259.0,富士宝（FUSHIBAO）YBW-533AT电脑版åº绿色1
1329459,649.0,韩国现代（HYUNDAI）BD-KJ137ç¤炉1
729213,239.0,飞利浦（Philips）HD9316/03不锈钢保温电水壶1
729210,399.0,飞刨系列12L/12升超大容量电饭煲1
1100064,1999.0,富士宝（FUSHIBAO）IH-AL3031C触摸式3000W大功率电磁炉1
1205973,199.0,格兰仕（Galanz）DH12-12030A1.2L不锈钢热水壶电水壶1
2011882,1399.0,æar）JDQ-B01A1鸡蛋杯煎蛋器煮蛋器ZE)ZZG-W550T电炖锅煮粥锅5L1
1400281,199«炉5,69.0MIONMBL-B60A6myblend搅拌机配件随身杯（不含底åN）JLL350-B2料理机搅拌机果汁机²2料理机搅拌机果汁机米糊1
1329473,4641729,129.0格来德（Grelide）WWK-4201S4.2L电水壶1
5993º（KESUN),HM501,打蛋器和面机1
132910501,打蛋器,和面机1
1329529,149.0,康佳（盅2L1锅4胆1
863723,1599.0,天际(TONZE)FD40FA电饭煲电饭煲0富士宝（FUSHIBAO）YBW-533AT电脑版åº绿色1
1329459,649.0,韩国现代（HYUNDAIsï649.0韩国现代（HYUNDAI）BD-KJ137ç¤炉1
729213,239©德龙（Delonghi）EC850.M,高端不锈钢半自动咖啡机自动打奶泡奶缸1
685393,69.0,å大容量电饭煲1
1100064,1999.0,富士宝（FUSHIBAOï¨钢壶盖电水壶1
729739,68.0,长帝（changdi）J-8844电动打蛋器手持家用型1
677不锈钢热水壶,电水壶,1
2011882,1399.0,æar）JDQ-B01A¥¶ZG-W550T电炖锅煮粥锅5L1
1400281,199«炉5,69.0MIONMBL-B60A6myblend搅拌机配件随躋喙理机搅拌机果汁机米糊1
1329473,4641729,129.0格来德（Grelide）WWK-4201S4.2L电水壶1
5993º（KESUN),HM501,打蛋器和面机1
132910,蝥德（Grelide）,WWK-4201S4.2L电水壶1
5993º（KESUN),H1,
1197866,99.0,小熊（bear）ZDQ-A08A1早餐小蒸宝多功能煮蛋器2L大容量可定时1
1223123,269.0,九阳（Joyoung）紫砂锅DGD50-05AK多功能5L电炖锅紫砂煲（支持预约定时）1
1353069,999.0,九阳（Joyoung）JYZ-V903立式原汁机低速榨汁机家用婴儿果汁机(汁渣分离)1
1178222,168.0,荣事达（Royalstar）RD-900K全自动豆浆机全钢机头果蔬料理机榨汁机1
1240439,698.0,格兰仕（Galanz）K530L大容量电脑版光波专业烘焙电烤箱1
1197718,699.0,小熊（Bear）SJJ-A03G1厨师机打蛋和面搅拌多功è­水壶电水壶1
2011882,1399.0,æar）JDQ-B01A¥¶ZG-W55æ«炉569.0MIONMBL-B60A6myblend搅拌机配件随躋喙理机搅拌机果汁机米糊1
1·ç拌机,果汁机,米糊1
1329473,4641729,129.0格来德ï£¶1
5993º（KESUN),HM501,打蛋器和面机1
132910,蝥德（Grelide）,WWK-4201S4.2L电缈Grelide）WWK-4201S4.2L电水壶1
5993º（KESUN),H1,
11978.早餐小蒸宝多功能煮蛋器,2L大容量可定时,1
1223123,269.0,九阳（Joyoung）紫ç荣事达（Royalstar）电饭锅电饭煲6升大容量RZ-60B1
949408,129.0,荣事达（Royalstar）电饭锅电饭煲4升RZ-40B1
1205299,2480.0,SKG2019家用å¦¨汁机家用婴儿果汁机(汁渣分离)1
1178222,168.0,违ª动豆浆机全钢机头果蔬料理机榨汁机1
1240439,698.0,格兰仕（Galanz）K530Låi0格兰仕（Galanz）K530L大容量电脑版光波专业烘ç¼Bear）SJJ-A03G1厨师机打蛋和面搅拌多功è­水壶电水壶1
2011882,1399.0,æa1683406339.0苏泊尔（SUPOR）电饭煲电饭锅CFXB40FC834-75球釜内胆1
482557,59.0,立客(LIKE)LK-Z101多功能电热锅1.0L电火锅1
1207166,369.0º,1
132910,蝥德（Grelide）,WWK-4201S4.2L电缈Grelide）WWK-4201S4.2L电水壶1
5993º（KESUN),H1,
11978.早餐小蒸宝多功能煮蛋器,2L大容量å¼Liven）LR-D3009电饼铛家用多功能速热速脆煎烤机ç®时,1
1223123,269.0,九阳（Joyoung）紫ç荣事达（Royalstar）电饭锅电饭煲6升夦»子蒸汽美容仪1
717320,169.0,苏泊尔（supor）JK30A03A-130电饼铛缤纷系列煎烤机1
522365,199.0,九阳（Joyoung）JYZS-K423电炖锅4L紫砂锅煲汤锅养生电炖盅（可预约）1
1751000,249.0,九阳（Joyoung）电陶炉H22-x3红外光波防电磁辐射家用超薄1
1260778,209.0,利仁（Liven）ånz）K530L大容量电脑版光波专业烘ç¼Bear）SJJ-A0ic）NC-CH301电热水壶保温壶电热水瓶3L1
1536023,239.0,小熊（Bear）SNJ-A15E1米酊尔（SUPOR）电饭煲电饭锅CFXB40FC834-75球釜内胆1
4æ能电热锅,1.0L,电火锅1
1207166,369.0º,1
132910,蝥德（Grelide）,WWK-4201S4.2L电i（Grelide）WWK-4201S4.2L电缈Grelide）WWK-4201S4.2L电æ©餐小蒸宝多功能煮蛋器2L大容量å¼Liven）LR-D3009电饼铛家用多功能速热éW132B电炖锅电炖盅3.2L1锅4胆1
972805,399.0,美的（Midea）W13PLS501E一手开易拆洗智能电脑版电压力锅5L1
1207171,189.0,小熊（Bear）QSJ-BO3D1料理机多功能绞肉机切碎机1.5L1
1328490,269.0,奔腾（POVOS）LN419防烫可插上盖设计四位数码显示电压力锅1
732374,69.0,北美电器（ACA）烘焙工具四件套1
662615,86.0,华迅仕（Fxunshi）MD-800咖啡研磨机磨豆机1
164974,199.0,奔腾（POVOS）电饭煲方形电脑智能电饭锅PFF40E-C(4L/4升)1
1034966,698.0,长帝（changdi）CKTF-52GS多功能电烤箱52升家用烘焙型上下管独立控温带炉灯转叉1
1337026,7999.0,美乐家（melitta）E957-101SOLO&Perfectmilk全自动咖啡机（钢琴黑）1
1260990,79.0,德尔（Deer）BL-6451PN多功能料理机果汁01S4.2L电缈Grelide）WWK-4201S4.2L电æ©餐小蒸宝多å4L不锈钢色1
1310763,169.0,小熊（Bear）JBQ-A07G1手持式搅拌机多功能料理棒炖盅3.2L1锅4胆1
972805,399.0,美的（Midea）W13PLS501Eäª制养生豆浆多功能豆浆机1
1222575,99.0,小熊（Bear）绞肉机多功能家用电动料理机婴儿辅食绞肉搅拌机QSJ-B02D11
984876,398.0,忠臣（loyola）LO-30S电烤箱30升智能烤箱独立调温智能菜单1
1213860,3280.0,德龙烘焙工具四件套1
662615,86.0,华迅仕（Fxunshi）MD-8(海洋蓝)复古系列ECO310.VAZ1
1213862,720.0,意大利德龙（Delonghi）CTO2003.VAZ家用0E-C(4L/4升)1
1034966,698.0,长帝（changdi）CKTF-52GS多
1443621,599.0,松下（Panasonic）NN-GT353M微波炉1
1081980,79.0,九阳（Joyoung）JYK-17C16ä¶（melitta）E957-101SOLO&Perfectmilk全自动咖啡机ï（Deer）BL-6451PN多功能料理机果汁01S4.2L电缈Grelide）WWK-4201S4.2L电æ©餐athome）原汁机慢速榨汁多功能NYZ0011
1892344,199.0,苏泊尔（SUPOR）电磁炉SDHCB8E45-2101
1579674,639.0,格兰仕（Galanz）R6-G238N3(S0)23L黄金容量800W光波速热欧式下拉门24小时预约智能微波炉1
1081986,179.0,九阳（Joyoung）JYS-A950多功能专业绞肉机智能打蛋机家用料理机（可碎冰）1
1221873,298.0,格兰仕（Galanz）L2智能触控大屏(赠汤锅+炒锅）电磁炉1
1221867,239.0,格兰仕（Galanz）Y1米小姐智能电压力锅超值双胆全能菜单多功能1
1221855,129.0,美的（Midea）HS136B电火锅1
739421,159.0,奥克斯（AUX）FR-F3001EC-33L微电4966698.0长帝（changdi）CKTF-52GS多
1443621,599.0,松伉1
1081980,79.0,九阳（Joyoung）JYK-17C16ä¶（melitta）E957-101SOLO&Perfectmilk全自双57-101SOLO&Perfectmilk全自动咖啡机ï（Deer）BL-6Oï2L电缈Grelide）WWK-4201S4.2L电æ©餐athome）原汁机慢速榨汁多功能NYZ0011
多功能高压电饭煲,CRP-M1001SK,5L（黑色）1
1283090,69.04,639.0格兰仕（Galanz）R6-G238N3(S0)23L黄金容量800W光波速热欧式下拉门24å波速热欧式下拉门24小时预约智能微波炉1
108150多功能专业绞肉机智能打蛋机家用料理机（可碎冰）,1,
1221873,298.0,格兰ä7冰）1
1221873,298.0,格兰仕（Galanz）L2智能触控大å1221867239.0格兰仕（Galanz）Y1米小姐智能电压力锅超值双胆全能菜单多711电烤箱精准控温特有保温功能1
349185,3399.0,飞å59.0奥克斯（AUX）FR-F3001EC-33L微电4966698.0长帝（changdi）CKTF-52GS多
14425（changdi）,CKTF-52GS,多
1443621,599.0,松伉1
1081980,79.升级款NF-7920(DR),1
1363937,599.0,美的（Midea）料理原汁机多功能果汁机慢速榨汁机家用WJS20H26（原汁机）1
1168442,2499.0,NUC原汁机榨汁机NJ-620R1
523219,239.0,苏泊尔（supor）电压力锅CYYB50YA10-100电压力锅5L一锅双胆！1
878479,1299.0,松下（Panasonic）NN-GF352M变频容量800W光波速热欧式下拉门24å波速热欧式下拉门24小时预约智能微841299.0松下（Panasonic）NN-GF362M平板变频微波炉1
机（可碎冰）,1,
1221873,298.0,格兰ä7冰）1
1221873,298.0,格兰仕（Galanz）L2智998.0格兰仕（Galanz）L2智能触控大å1221867239.0格29½电压力锅超值双胆全能菜单多711电烤箱精准控温特有保温功能1
34919066,698.0,长帝（changdi）CKTF-52GS多
14425（changdi）,CKTF-52GS,多
1443621,599.0,松伉1
1081980,79.升级款NF-7920(DR),1
1363937,599.0,美的（MWS1530X-H7R30L大容量家用专业烘焙电烤箱1
1091194,139.ea）料理原汁机多功能果汁机慢速榨汁机家用WJS20H26（原汁机）,1
1168442,24CA26（原汁机）,1
1168442,2499.0,NUC原汁机榨汁机NJ-620欼电压力锅CYYB50YA10-100电压力锅5L一锅双胆！1
878479,1299.0,松下（Panasonicï84791299.0松下（Panasonic）NN-GF352M变频容量800Wå³¢速热欧式下拉门24小时预约智能微841299.0松下（Panasonic）NN-GF362M平板4799.0SKG1246搅拌机全功能果蔬调理机多功能破壁°）1
1221873,298.0,格兰仕（Galanz）L2智998.0格兰仕（Galanz）L2智能触控大å1Galanz）L2智能触控大å1221867239.0格29½电压力é电烤箱精准控温特有保温功能1
34919066,698.0,长帝（changdi）CKTF-52GS多
10,华迅仕（Fxunshi）,MD-210C多功能0.6L专业泡茶机咖79.升级款NF-7920(DR)1
1363937,599.0,美的（MWS1530X-H7R30L大容量家用专业烘ç¯配件不包含搅拌机机身)适用于HR2872&HR28741
523398,199.0,苏泊尔（supor）电蒸锅Z06YA3-S21
1417040,68.0,飞利浦(PHILIPS)HR2992随行杯迷你搅拌机配件(仅随行杯配件不包含搅拌机机身)适用于HR2872&HR28741
1417056,2399.0,飞利浦（PHILIPS）厨师机料理机和面机HR7955/011
982541,1299.0,飞利浦（PHILIPS）HD9232/30Airfryer空气炸锅1
375836,88.0,小熊(Bear）KFJ-403咖啡机600ml(黑色）1
133559,49.0,小熊(Bear）ZDQ-201煮蛋器6个蛋容（黄色）1
1168057,299.0,美的（Midea）T3-L321B黑色电烤箱32L炉灯旋转烤叉1
1043679,2180.0,惠人（HUROM）HU-400WN-PLUS原汁机低速榨汁机1
1909898,109.0,东菱（Donlim）CM4278-AV滴漏式咖啡机咖啡壶1
1909888,69.0,荣事达（Royalstar）DZG15H多功能双层防烫电热锅电煮锅电热杯电火锅迷你小电锅1
1688416,999.0,飞利浦（PHILIPS）HD3188/21智芯IH电饭煲源自革新的加热技术1
1494357,199.0,小熊（Bear）电蒸锅DZG-C80A1不锈钢多功能锅8L1
436991,980.0,北美电器（ACA）AC-M18A1.8L全自动研磨咖啡机1
1307877,1599.0,飞利浦（PHILIPS）HR1882/30原汁机榨汁机1
1282695,399.0,澳PHILIPS）厨师机料理机和面机HR7955/011
982541,1299.0,飞利浦（PHILIPS）HD9232/30（Royalstar）RDG25A多功能分体式中药壶养生壶多功能600ml(黑色）1
133559,49.0,小熊(Bear）ZDQ-201煮蛋器6个蛋容（黄色）1
1168057é¸ª蛋容（黄色）,1,
1168057,299.0,美的（Midea）T3-L321é¤叉1
1043679,2180.0,惠人（HUROM）HU-400WN-PLUS原汁机低速榨汁机1
1909898,109.0,ä½速榨汁机1
1909898,109.0,东菱（Donlim）CM4278-AV滴æ69.0荣事达（Royalstar）DZG15H多功能双层防烫电热锅电煮锅电热杯电火锅踊海、深圳上门安装）1
1090576,5800.0,米技（MIJI）Mij芯IH电饭煲源自革新的加热技术1
1494357,199.0,小熊（Bear）电蒸锅DZG-C80A1ä4（Bear）电蒸锅DZG-C80A1不锈钢多功能锅8L1
436991,9.8L,全自动研磨咖啡机1
1307877,1599.0,飞利浦（PHILIPS）HR1882/30原汁机榨汁机)DGD30-30AWD电炖锅煮粥锅3L1
896843,178.0,尚朋堂（Sunpentown）YS-OT0508D三合一早餐机1
1687629,269.0,美的（Midea）电压力锅5L智能电脑版一锅双胆WQC50A1P（12小时预约）1
617068,99.0,苏泊尔（supor）电水壶SWF17K2-1801
1060136,49.9,志高（CHIGO）电水壶1.8L不锈钢电热滄色）1
1168057,299.0,美的（Midea）T3-L321é¤叉1
10内钢双层保温防烫优质温控无缝全钢电热水壶（蓝玉1.7L),1,
515277,199.0,北欧欧慕（nathome）NSH1201电水壶1.2升不锈钢电水壶霜枫红1
515273,99.0,北欧欧慕（nathome）电水壶保温不锈钢热水壶NSH0801柠檬黄1
2³上门安装）,1,
1090576,5800.0,米技（MIJI）Mij芯IH电¼1
1494357,199.0,小熊（Bear）电蒸锅DZG-C80A1ä4（Bear）电蒸锅DZG-C80A1不锈钢多DA电饭煲电饭煲4L1
1502499,149.0,荣事达（Royalstar）RD-808S全自动豆浆机果蔬料理机榨汁机1
799922,199.0,天际(TONZE)ZDH-310DS电水壶电WD电炖锅煮粥锅3L1
896843,178.0,尚朋堂（Sunpentown＋持家用电动打蛋器1
1736179,199.0,北欧欧慕（nathome）研磨机家用研磨咖啡豆、五谷杂粮等食材NYM8001
799901,99.0,天际(TONZE)BJH-W3013649.9志高（CHIGO）电水壶1.8L不锈钢电热滄色）1
1168057,299.0,美的（Mideaï1
1168057,299.0,美的（Midea）T3-L321é¤叉1
10内钢0,全钢电热水壶（蓝玉1.7L),1
515277,199.0,北欧欧慕（nathome）NSH1201电水壶1.2åe）破壁机营养料理机多功能碎冰NPB15011
279310,999.0,德国博朗（Braun）HT600多士炉早餐烤面包机吐司机三明治机不锈钢机身1
1044481,199.0,天际(TONZE)DGD50-50CWD电炖锅煲汤锅5L1
1105255,199.0,欧博（OPO）FX12-S109电茶盘泡茶机加水器电水壶自动加水控温电茶壶电热水壶茶具（铂金蓝）1
1166954,199.0,小熊(Bear)JBQ-A05A1料理棒家用多功能婴儿辅食手持绞肉搅拌榨果汁机1
1220072,锅煮粥锅3L,1
896843,178.0,尚朋堂（Sunpentown＋持家ªå北欧欧慕（nathome）研磨机家用研磨咖啡豆、五谷杂粮等食材NYM8001
799909.0,苏泊尔（SUPOR）电饭煲电饭锅CFXB50FC18-75,1
944863,25¸锈钢电热滄色）,1
1168057,299.0,美的（Mideaï1
1168057,299.0,美的（Midea）T3-ºè299.0美的（Midea）T3-L321é¤叉1
10内钢0,全钢UN),BL806A料理机搅拌机果汁机绞肉机米糊1
1122623,999.0,美的（Midea）M3-L236£机营养料理机多功能碎冰NPB15011
279310,999.0,德åimei）电炖锅粥煲汤锅3.5LD35H1
1334448,499.0,灿坤（EUPA）TSK-1153RA泵浦式高压å199.0天际(TONZE)DGD50-50CWD电炖锅煲汤锅5L1
1105255搅拌NJB0402,,1
726850,79.0,小熊（bear)电热饭盒加热饭盒密封不锈钢DFH-S20161.3L1
195268,1299.0,灿坤（EUPA）TSK-1817D液晶泵浦强压å©´儿辅食手持绞肉搅拌榨果汁机1
1220072,锅煮粥锅3L,1
896843,178.0,尚朋堂（电热水壶1
195248,129.0,灿坤（EUPA）TSK-8201ADY鸳鸯电ç£¨咖啡豆、五谷杂粮等食材NYM8001
799909.0,苏泊尔（SUPOR）电饭煲电饭锅CFXB,¼SUPOR）电饭煲电饭锅CFXB50FC18-751
944863,25¸锈钢ç（Mideaï,1
1168057,299.0,美的（Midea）T3-ºè299.0美的（Midea）T3-L321é¤叉微电脑电饭煲1.5L内锅容量1
1139849,399.0,九阳（Joyoung）JYS-N21多功能自动面条机家用和面机九阳面条机1
409338,259.0,SKGMY-610榨汁机1
1021846,189.0,小熊（Bear）DGJ-C632电饼铛煎烤机蛋糕机1
1297237,299.0,九阳（Joyoung）电磁炉滑控触控面板电磁炉C21-SH007（èTONZE)DGD50-50CWD电炖锅煲汤锅5L1
1105255搅拌NJB040-D­饭盒,加热饭盒密封,不锈钢DFH-S20161.3L1
195268,1299.0,灿坤（EUPA）TSK-1817D慲299.0灿坤（EUPA）TSK-1817D液晶泵浦强压å©´儿辅éC1220072锅煮粥锅3L1
896843,178.0,尚朋堂（电热水壶1
195248,129.0,灿坤（EUPA）TYY195248129.0灿坤（EUPA）TSK-8201ADY鸳鸯电ç£¨咖啡è（IH系列、8段调压、可预约）1
1386618,20987.0,飞利浦（PHILIPS）HD8964/05Saeco全µ饭煲电饭锅CFXB50FC18-751
944863,25¸锈钢ç（Midea206双层防烫1.2L电水壶,1
1255186,79.0,利仁（Liven）电火锅大礼包8件套1
936649,28­煲,1.5L内锅容量1
1139849,399.0,九阳（Joyoung）JYS-N21
897723,288.0,尚朋堂（Sunpentown）YS-AP4007S电热水瓶4升大容量，水胀式内胆，å189.0小熊（Bear）DGJ-C632电饼铛煎烤机蛋糕机功能料理机立式搅拌器榨汁机果汁机1
1021100,4380.0,祈和（KPS）KS-1060破壁æCWD电炖锅煲汤锅5L1
1105255搅拌NJB040-D­饭盒,加ç,1.3L1
195268,1299.0,灿坤（EUPA）TSK-1817D慲299.0灿坤（EUPA）TSK-1817D液晶泵浦强98EUPA）TSK-1817D液晶泵浦强压å©´儿辅éC1220072锅ç©飞（Morphyrichards）MR7255英国不锈钢电热水壶珍珠白1
1140715,599.0,澳柯玛（AUCMA）SZ20L2原汁机家用慢速榨汁机1
1088511,10999.0,飞利浦（PHILIPS）HD8768/05SaecoMoltio全自动浓缩咖啡机1
1464854,1999.0,飞利浦（PHILIPS）HR1883/70会做纯果冰激凌的榨汁机原汁©仁（Liven）电火锅大礼包8件套1
936649,28­煲,1.5L内锅容量1
1139849,399.0,九憅锅容量1
1139849,399.0,九阳（Joyoung）JYS-N21
897723,瓶,5L1
386887,329.0,九阳（Joyoung）JYZ-E6果蔬原汁机低速榨汁机家用电动多功能果汁机（汁渣分离）1
944146,129.0,小熊（Bear)电热饭盒加热饭盒双层真空DFH-S21231
750551,499.0,飞利浦（Philips）豆浆机多功能æ锅煲汤锅5L1
1105255搅拌NJB040-D­饭盒,加ç,1.4L/4升可预约定时涡轮动力多功能智能电饭锅FS406C1
1045240,99.0,德尔（Deer)D）TSK-1817D液晶泵浦强压å©´儿辅éC1220072锅ç©é
,不锈钢电热水壶,珍珠白1
1140715,599.0,澳柯玛（AUCMA）SZ20L2原汁机家用慢å）SZ20L2原汁机家用慢速榨汁机1
1088511,10999.0åoMoltio全自动浓缩咖啡机,1
1464854,1999.0,飞利浦（PHILIPS）HR1883/70会做纯果冋åPS）HR1883/70会做纯果冰激凌的榨汁机原汁©仁（ï
936649,28­煲,1.5L内锅容量1
1139849,399.0,九憅锅容量1
1139849,399.0,九阳（Joyou¤1
1139849,399.0,九阳（Joyoung）JYS-N21
897723,瓶,5L1
386¼果蔬原汁机低速榨汁机家用电动多功能果汁机（汁渣分离）,1,
944146,129.0,尓屁渣分离）1
944146,129.0,小熊（Bear)电热饭盒加烙º0551499.0飞利浦（Philips）豆浆机多功能æ锅煲汤锅5L1
1105255搅拌NJB040-³æ5L,1,
1105255搅拌NJB040-D­饭盒,加ç,1.4L/4升可é2½电饭锅FS406C1
1045240,99.0,德尔（Deer)D）TSK-1817D液晶泵浦强压å©´儿辅éC1é¶泵浦强压å©´儿辅éC1220072锅ç©é
,不锈钢电¼,MR8209多士炉烤面包机带烤架柠檬黄1
1158101,229.0,韩国现代（HYUNDAI）BD-YS1813F多功能养生壶煎药壶1.8L1
1201130,188.0,东菱（D飞利浦（PHILIPS）HR1883/70会做纯果冋åPS）HR1883/70会做纯果冰激凌的榨汁æ：做纯果冰激凌的榨汁机原汁©仁（ï
936649,28­煲9,319.0美的（Midea）W13PCS603E家用多功能电脑版电压力锅6L（双胆24小时预约果汁机（汁渣分离）1
944146,129.0,尓屁渣分离）1
944146,129.0,小熊（Bear)电热饭盒加烙º0551499.0飞利浦（Philips）豆浆机多å
""
944146,129.0,小熊（Bear)电热饭盒加烙º0551499.0飞å½æ锅煲汤锅5L1
1105255搅拌NJB040-³æ5L,1,
1105255搅拌NJB040-D­饭盒,加ç,(B0)20L1
906638,479.0,飞利浦（PHILIPS）HR1830/00Viva系列榨汁机原汁机1
1946165,599.0,苏泊尔（SUPOR）豆浆机DJ12B-Y991
1281342,11800.0,松下ï©´儿辅éC1220072锅ç©é
,不锈钢电¼,MR8209多士ç1
1158101,229.0,韩国现代（HYUNDAI）BD-YS1813F多功能养生壶煎药壶1.8L1
1201130¦»可做豆腐赠冰淇淋网）,1,
999044,169.0,苏泊尔（SUPOR）电炖锅DNY822C-4001
1036723,299.0,澳柯玛（AUCMA）SD8512T8豆浆机1
1036724,999.0,澳æ的榨汁机原汁©仁（ï
936649,28­煲9,319.0美的（ZG-W414F煮蛋器蒸蛋器煎蛋器多功能一体1
1558178,199.0,九阳（Joyoung）K06-D02多功渣分离）1
944146,129.0,尓屁渣分离）1
944146,129.0,å551499.0飞利浦（Philips）豆浆机多å
""
944146,129.0,小熊（Bear)电热饭盒加烙业家用多功能上下独立控温烘焙高端F系列1
1908296,139.0,美的（Midea）电水壶三层彩钢进口温控WHJ1507b电热水壶1
1280737,139.0,现ä.0飞利浦（PHILIPS）HR1830/00Viva系列榨汁机原汁æ£）豆浆机DJ12B-Y991
1281342,11800.0,松下ï©´儿辅éC1220072锅ç©é
,不锈钢电¼º,自动泡豆1
990174,259.0,华迅仕（Fxunshi）MD-315T电子èF多功能养生壶煎药壶1.8L1
1201130¦»可做豆腐赠冰淇淋网）,1,
999044,169.0,è°淇淋网）1
999044,169.0,苏泊尔（SUPOR）电炖锅DNY8270AUCMA）SD8512T8豆浆机1
1036724,999.0,澳æ的榨汁机原汁©仁（ï
936649,28­煲9,/å±©仁（ï
936649,28­煲9,319.0美的（ZG-W414F煮蛋器式咖啡机可制作奶泡1
638249,399.0,飞利浦（Philips）电饭煲电饭锅智能预约HD3066/051
1364206,339.0,美的（Midea）M1-211A微波炉白色
944146,129.0,小熊（Bear)电热饭盒加烙业家用多功能上下独立控温烘焙高ç意大利德龙(DeLonghi)全自动意式特浓咖啡机ESAM4200.SEX：1欧洲新节能型（银色）1
875254,239.0,奔腾（POVOS）电压力锅电脑智能预约高压锅LN5151（5L/升）1
664552,2199.0,象印（ZOJIRU婴儿辅éC1220072锅ç©é
,不锈钢电¼º,自动泡豆1
990174,259.0,华迅仕（Fxunsh½¬式华夫饼机1
820434,269.0,飞利浦（Philips）HD7450/00¦»可做豆腐赠冰淇淋网）1
999044,169.0,è°淇淋网）1
999044,169.0,苏泊尔（SU盘电热水壶套装泡茶机QLT-T1210BA1
1227407,299.0,格兰仳æ的榨汁机原汁©仁（ï
936649,28­煲9,/å±©仁（ï
936649,28­煲9,319.0美的ï01T-30Y33电饭煲3L底盘加热不粘内胆1
1702002,79.0,天际(TONZE)DGD8-8PWD电炖锅煮粥锅0.8L1
416906,249.0,九阳（Joyoung）DJ12B-A11EC无网æ业家用多功能上下独立控温烘焙高ç意大利SK-8219AG多功能电火锅1
1765127,2399.0,飞利浦（PHILIPS）榨汁机原汁机破壁微榨æ¾(DeLonghi)全自动意式特浓咖啡机ESAM4200.SEX：1æ原汁机多功能果汁机慢速榨汁机家用WJS1241E（原汁机）1
1097267,278.0,北美电器（ACA）ATO-HYA32YL32L发酵型家用烘焙电烤箱1
193µ¼º,自动泡豆,1
990174,259.0,华迅仕（Fxunsh½¬式华夫饼机1
820434,269.0,飞利浦／熊（Bear）DBC-A10Z1电饼铛煎烤机烧烤盘大烤盘1
1.0,è°淇淋网）,1
999044,169.0,苏泊尔（SU盘电热水壶套装泡茶机QLT-T1210BA1
P套装泡茶机,QLT-T1210BA,1
1227407,299.0,格兰仳æ的榨尔（SUPOR）电压力锅高压锅CYSB50YC1－100双胆1
1254257,149.0,苏泊尔（SUPOR）电水壶SWF15E02B1
914018,99.0,荣事达（Royalstar）养生壶煎药壶1.2L玻璃电水壶YSH12H1
1089348,1199.0,米技（MIJI）MijiHomeQ6德国米技炉电陶炉橙色1
1722322,798.0,九阳（Joyoung）多功能免滤豆£利浦（PHILIPS）榨汁机原汁机破壁微榨æ¾(DeLonghi)全自动意式特浓咖啡æi)全自动意式特浓咖啡机ESAM4200.SEX：1æ原汁朳¡茶机电磁炉茶盘电茶壶自动上水电热水壶茶具套装四合一烧水壶黑色Fxunsh½¬式华夫饼机1
820434,269.0,飞利浦／熊（Bear．»璃电水壶多功能YSH18171
989678,79.0,科立泰（QLT）QLT-2150B大容量不锈钢电热水壶1
1069655,2990.0,松下（Panasonic）SR-JHD101IH电磁加热电饭煲3L1
1089330,399.0,奥克斯（AUX）AUX-Y3802低速慢磨原汁机低速榨汁机1
1130627,139.0,九阳（Joyoung）DGD16-03BS电炖锅1.6L迷你100双胆1
1254257,149.0,苏泊尔（SUPOR）电水壶SWF15E02B1
914018,99.0,荣事达（Royal¤箱5L1
1509590,99.0,半球（Peskoe）XR2/B17数码显示哑光黑晶面板电磁炉（单包）1
1509583,169.0,半球（Peskoe）XR2/A105四位数码显示è¦¨æ¾(DeLonghi)全自动意式特浓咖啡æi)全自动意式特浓咖啡机ESAM4200.SEX：1æ原汁朳¡茶机电磁炉茶盘电茶壶自动上水ç式特浓咖啡机ESAM4200.SEX：1æ原汁朳¡茶机电çLµ热水壶茶具套装四合一烧水壶黑色Fxunsh½¬式华夫饼机1
820434,269.0,飞利.4L1
508983,349.0,美的（Midea）EHS15AP-PR可爱多俏粉佳ä泰（QLT）QLT-2150B大容量不锈钢电热水壶1
1069655,2990.0,松下（Panasonic）S²2990.0松下（Panasonic）SR-JHD101IH电磁加热电饭煲0¼AUX-Y3802低速慢磨原汁机低速榨汁机1
1130627,139.0,九阳（Joyoung）DGD16-03BS880九阳（Joyoung）DGD16-03BS电炖锅1.6L迷你100双胆1
1,
9µ水壶SWF15E02B,1,
914018,99.0,荣事达（Royal¤箱5L1
1509590,99.0,半球（Peskoe）XR2/B17ç9.0半球（Peskoe）XR2/B17数码显示哑光黑晶面板99808899.0小熊（Bear）SNJ-560家用酸奶机全自动不锈钢内胆带4分杯定时1
198ghi)全自动意式特浓咖啡æi)全自动意式特浓咖å,800W光波速热,欧式下拉门24小时预约智能微波炉1
1072241,169.0,美的（Midea）机ESAM4200.SEX：1æ原汁朳¡茶机电çLµ热水壶茶96²Fxunsh½¬式华夫饼机1
820434,269.0,飞利.4L1
508983,349.0,美的（Midea）EHS15AP-PRå美的（Midea）EHS15AP-PR可爱多俏粉佳ä泰（QLT）Mi°´壶1
1069655,2990.0,松下（Panasonic）S²2990.0松下（Panasonic）SR-JHD101IH电磁ç1
1130627,139.0,九阳（Joyoung）DGD16-03BS880九阳（Joyo398.0格兰仕（Galanz）K330L光波多功能专业烘焙电烤箱1
1332419,239.0,北美电器（ACA）AHM-S300手持搅拌器婴儿辅食料理机打蛋器箱5L1
1509590,99.0,半球（Peskoe）XR2/B17ç9.0半球（Peskoe）XR2/B17数码显示哑thskoe）XR2/B17数码显示哑光黑晶面板99808899.0小ç2全自动不锈钢内胆带4分杯定时1
198ghi)全自动意式特浓咖啡æi)全自动æTO-CA32HM,32L热风循环,家用烘焙电烤箱1
698185,599.0,羙º能微波炉1
1072241,169.0,美的（Midea）机ESAM4200.SEX：1æ原汁朳¡茶机电ç¹压式茶道杯（玻璃透明色）1
1256638,139.0,小熊（Be1
508983,349.0,美的（Midea）EHS15AP-PRå美的（Midea）EHS15AP-PR可爱多俏粉佳ä量可做蛋糕多功能智能电饭锅WFS3018Q1
1011712,30.0,松下（Panasonic）SR-JHD101IH电磁ç1
1130627,139.0,九阳（Joyoung）DGD16-03BS880r）豆芽机双层全自动家用DYJ-S63651
968888,99.0,北美电器（ACA）AES-G5厨房秤电子称烘焙秤厨房电子秤1
1516600,299.0,奥克斯（AUX）AUX-80665L电热水瓶六段保温大液晶屏显示1
14470,半球（Peskoe）XR2/B17,数码显示哑thskoe）XR2/B17数码显示哑光黑晶面板9980ung）JYF-50FS69多功能电饭煲智能电脑版电饭煲1
144731全自动意式特浓咖啡æi)全自动æTO-CA32HM,32L热风循环,家用烘焙电烤箱1
23942,1999.0,松下（Panasonic）SR-ANG181IH电磁加热电饭煲5L1
388351,339.0,美的（Midea)JCN30D酷彩系列煎烤机30CM1
1272013,239.0,美的（Mide玻璃透明色）1
1256638,139.0,小熊（Be1
508983,349.0,ç（Midea）EHS15AP-PR可爱多俏粉佳ä量可做蛋糕多功能智能电饭锅WFS3018Qde功能智能电饭锅WFS3018Q1
1011712,30.0,松下（Pana729699.0小熊（bear）电热饭盒加热保温饭盒双层真空DFH-S21161
988755,239.0,利仅¨自动家用DYJ-S63651
968888,99.0,北美电器（ACA）AES-nic）NC-GF1咖啡机1
238794,119.0,小熊(Bear)SNJ-5012微电脑酸奶机1000ml(不锈钢内胆)(白色)1
139209,198.0,灿坤（EUPA）TSK-1822A蒸汽式é¼XR2/B17数码显示哑光黑晶面板9980ung）JYF-50FS69多功能电饭煲智能电脑版（ACA）ATO-CA38HT38升多功能专业家用烘焙电烤箱1
232HM,32L热风循环,家用烘焙电烤箱1
23942,1999.0,松下（Panasonic）SR-ANG181IH电ç锅高压锅CYSB50FH3-130鲜呼吸IH加热1
954225,269.0,美的（Midea）FD30183L/3升智能迷你电饭煲1
1218558,169.0,小熊(Bear)DFH-A20D1智能双层电热饭盒预约定时真空保鲜保温2L1
414502,249.0,灿坤（eupa)TSK-9416和面机1
1233783,139.0,苏泊尔（Supor）电火锅HFK26S-1301
1094042,99.0,伊莱特（Enaiter）YC30H13L简爱系列多功能智能电饭煲1
1031836,138.0,荣事达（Royalstar）多用途电火锅电煮锅电蒸锅电热锅RHG-50D1
1294758,1199.0,美的（Midea）电磁炉匀火系列彩板纤薄弧形滑控QH21081
1003593,249.0,利仁（Liven）DNG-5000D多功能电压力锅1
1038834,299.0,松下（Panasonic）MX-GX1011榨汁机料理机1
873478,338.0,SKGZZ1305榨汁机中国红1
873486,129.0,利仁（Liven）LR-3038HT38升多功能专业家用烘焙电烤箱1
232HM,32L热,大口径原汁机1
961553,129.0,荣事达（Royalstar）养生壶煎药壶1.8L玻璃电水壶20åCYSB50FH3-130鲜呼吸IH加热1
954225,269.0,美的（Mide炉匀火纤薄滑控RH2149（赠汤锅）1
1156081,79.0,科立泰（QLT）YS-T1208B自动抽水­饭盒预约定时真空保鲜保温2L1
414502,249.0,灿坡电茶壶TP-600(烤漆)1
527295,169.0,利仁(Liven)DHG-300A电火锅1
996932,7200.0,维他美仕0伊莱特（Enaiter）YC30H13L简爱系列多功能智能80¾¾（Royalstar）多用途电火锅电煮锅电蒸锅电热锅RHG-50D1
1294758,1199.0,美的ï5-50D1
1294758,1199.0,美的（Midea）电磁炉匀火系列彵火锅电热锅1L1
1093802,499.0,SKGSKG1326榨汁搅拌机多功能料理果汁机1
796389,6038834,299.0松下（Panasonic）MX-GX1011榨汁机料理æ0225089.0九阳（Joyoung）JYK-17S08电热水壶1.7L不锈钢烧水壶大容量自动断电开水壶1
1102258,199.0,九阳（Joyoung）电磁炉一体式触控面板电磁炉C21-SC811（赠汤锅+炒锅+刀具）1
758419,10999.0,美乐家（melitta）CAFFEOBistroE960-101全自动咖啡机（月亮银）1
934930,139.0,小熊（Bear）DGJ-C6111蛋糕机全自动1
796381,399.0,凯伍德（Kenwood）DS400约定时真空保鲜保温2L1
414502,249.0,灿坡电茶壶TP¢Liven)DHG-300A电火锅1
996932,7200.0,维他美仕0伊莱特（Enaiter）YC30H13L简爱系¨上水器加水器电水壶电热水壶茶具（黑色）1
88097µ蒸锅电热锅RHG-50D,,1
1294758,1199.0,美的ï5-50D1
1294758,1199.0,美的（Midea）ç07581199.0美的（Midea）电磁炉匀火系列彵火锅电烛6榨汁搅拌机多功能料理果汁机1
796389,6038834,299.0松下（Panasonic）MX-GX10泊尔（supor）豆浆机DJ12B-Y90E1
758335,170.0,美乐家（melitta）WATERFILTERCAFFEO咖啡机水质过滤芯1
511912,399.0,美的（Midea）EM720KG1-PW微æ199.0九阳（Joyoung）电磁炉一体式触控面板电ç具）1
758419,10999.0,美乐家（melitta）CAFFEOBistroE960-101全自动咖啡机（月ä0-101全自动咖啡机（月亮银）1
934930,139.0,小熊ïa¨1
796381,399.0,凯伍德（Kenwood）DS400约定时真空保鲜保温2L1
414502,249.0,çOE950-103全自动咖啡机（冰灿银）1
1286516,553.0,灿坤（EUPA）TSK-1827RB电子式泵浦高压咖啡机1
1086564,1299.0,米技（MIJI）MijihomeCube2德国米技炉电陶炉西瓜红1
1296332,139.0,北欧欧慕（nathome）电水壶保温不锈钢热水壶NSH0801清新绿1
1296327,799.0,北欧欧慕（nathome）破壁机电脑板破壁机营养料理机多功能碎冰NPB18011
1086547,3199.0,米技（MIJI）MijiGalaIcook1900德国米技炉电陶炉白色1
1086559,1599.0,米技（MIJI）MijihomeCube1德国米技ç1
511912,399.0,美的（Midea）EM720KG1-PW微æ199.0九阳（Joyoung）电磁炉一体式肉¼Joyoung）电磁炉一体式触控面板电ç具）1
7584¸锈钢煎蛋器,ZDQ-2191,1
1801476,499.0,苏泊尔（SUPOR）智能电炖锅DG40YC8-60中华炽陶1
1216652,148.0,东菱（Donlim）多士炉DL-8117C不锈钢è®时真空保鲜保温2L1
414502,249.0,çOE950-103全自动咖啡机（冰灿银）1
129,¨咖啡机（冰灿银）,1
1286516,553.0,灿坤（EUPA）TSK-èº1
1086564,1299.0,米技（MIJI）MijihomeCube2德国米技炉电陶炉西瓜红1
129633饭锅FN5172(5L/升大容量),1,
1340231,599.0,奔腾（POVOS)电磁SH0801清新绿1
1296327,799.0,北欧欧慕（nathome）破壁机电脑板破壁机营养料çåº电脑板破壁机营养料理机多功能碎冰NPB18011
1煲,4L/4升,IH电磁加热触摸操控多功能智能电饭锅FS4089C1
1117635,199.0,苏泊尔（SUPOR）电饼铛煎烤机JJ30A818-1301
1454084,33.0,科立泰ï199.0九阳（Joyoung）电磁炉一体式肉¼Joyoung）电磁炉一体式触控面板电ç­炉一体式触控面板电ç具）1
7584¸锈钢煎蛋器9.0,苏泊尔（SUPOR）,DKZ50B1-300电炖锅1
727381,79.0,德尔（Deer）BL-711果汁机1
1264935,179.0,利仁（Liven）多功能电煎锅煎烤盘JG-J3500（陶瓷釉涂层）1
1324077,699.0,美的（Midea）料理原汁机多功能果汁机慢速榨汁机家用WJS15E26（原汁机）1
1194169,2298.0,贝尔斯顿（Bestday）LLJ-307Z破壁料理机破壁机原汁榨汁搅拌机电脑版1
1064156,179.0,天际(TONZE)DGD25-25DWG电炖锅电炖盅2.5L1锅4胆1
1064159,249.0,天际(TONZE)CFXB-W240Y电饭煲电饭锅4L1
727394,109.0,德尔（Deer)BL-SS303多功能果汁机果蔬搅拌机1
727392,129.0,德尔（Deer)BL-747搅拌机1
892085,2688.0,韩国福库（CUCKOO）多功能高压电饭煲CRP-M1051FR5L（红色）1
1386477,499.0,科立泰QLT-X1206隔水白瓷电炖锅电炖盅2.5L/6LJoyoung）电磁炉一体式触控面板电ç­炉一体式触控面板电ç具）1
7584¸9.0,康雅,KY-301多功能三层煮蛋器蒸蛋24枚1
1966961,127381,79.0德尔（Deer）BL-711果汁机1
1264935,179.0,利仁（Liven）多功能电煎锅JK-45H01电火锅1
1225097,149.0,九阳（Joyoung）JK30K08多idea）料理原汁机多功能果汁机慢速榨汁机家用WJS15E26（原汁机）1
1194169,4L/4升,迷你立体加热定时预约智能电饭锅MB-FS40171
1汁榨汁搅拌机,电脑版,1
1064156,179.0,天际(TONZE)DGD25-25DWG电炖锅电炖盅2.5L1锅4¼25DWG电炖锅电炖盅2.5L1锅4胆1
1064159,249.0,天际(TON80
727394,109.0,德尔（Deer)BL-SS303多功能果汁机果蔬搅拌机1
727392,129.0,德尔ï拌机1
727392,129.0,德尔（Deer)BL-747搅拌机1
892085,2,1
1974413,199.0,小熊（Bear）电饼铛悬浮双面加热家用煎烤机蛋糕机烙饼锅DBC-A§立泰QLT-X1206隔水白瓷电炖锅电炖盅2.5L/6LJoyoungï¥­煲国内3L1
1224718,59.0,奥克斯（AUX）HX-A5028彩钢电水壶2.0L1
1676475,1299.0,酷晨（CUCHEN）CHG-100BCN韩国电烤盘烧烤炉家用烤炉无烟烤肉锅1
943366,239.0,奥克斯（AUX）HX-8033不锈钢内胆电热开水瓶5L1
943370,86.0,奥克斯（AUX）电热水壶不锈钢快速烧水壶4LA速榨汁机家用WJS15E26（原汁机）1
1194169,4L/4升,迷你立体加热定时预约智è1½ 立体加热定时预约智能电饭锅MB-FS40171
1汁榨æº,出汁率高,1
186189,169.0,利仁（Liven）LG-100炉糕锅1
1186673,699.0,九阳（Joyoung）JYF-I40FS07智能电饭煲3.1斤铁釜4L电饭锅（铁釜内胆、可预约）1
1163602,699.0,利仁（Liven）电饼铛煎烤机电脑版饼铛LR-FD4311
11,
727392,129.0,德尔（Deer)BL-747搅拌机1
892085,2,1
1974招,悬浮双面加热家用煎烤机蛋糕机烙饼锅DBC-A§立泰QLT-X1206隔水白瓷电炖锿賰QLT-X1206隔水白瓷电炖锅电炖盅2.5L/6LJoyoungï¥­ç³¼AUX）HX-A5028彩钢电水壶,2.0L1
1676475,1299.0,酷晨（CUCHEN）CHG-100BCN韩国电烤ar）商用豆浆机12升大容量RD-900Y1
1352269,499.0,奔腾（POVOS）FY401三维立体加热电饭煲液晶显示可拆卸内盖1
1239615,229.0,奔腾（¥¥克斯（AUX）电热水壶不锈钢快速烧水壶4LA速榨¥­锅FN4172(4L/4升)1
1178975,499.0,澳柯玛（AUCMA）SZ20020T2破壁营养料理机按键操控多功能家用养生调理机搅拌机1
979597,339.0,美的（Midea）面包机品质不锈钢材质多功能全自动大容量AHS20AC-PASY1
1215572,99.0,苏泊尔（supor）电饭煲CFXB30YB7F-501
971097,76.0,小熊（Bear）ZDQ-2041双层煮蛋器6个蛋配蒸碗蒸盘1
684658,399.0,九阳（Joyoung）DJ13B-D600SG倍浓植物奶牛全钢多功能豆浆机1
1313019,100.º烙饼锅DBC-A§立泰QLT-X1206隔水白瓷电炖锿賰QLT-X1206隔水白瓷电炖锅电炖盅2¨ï水白瓷电炖锅电炖盅2.5L/6LJoyoungï¥­ç³¼AUX）89475,1299.0酷晨（CUCHEN）CHG-100BCN韩国电烤ar）商用豆浆机12升大容量RD-900Y1（Midea）电磁炉触摸式彩蝶版WT2121S（赠汤锅+炒锅ï¶²晶显示可拆卸内盖1
1239615,229.0,奔腾（¥¥克斯（AUX）电热水壶不锈钢快0.0灿坤（EUPA）TSK-2996W点心机（松饼机）1
1179450¯玛（AUCMA）,SZ20020T2,破壁营养料理机按键操控多功能家用养生调理机搅æ功能家用养生调理机搅拌机1
979597,339.0,美的ï质多功能全自动大容量AHS20AC-PASY1
1215572,99.0,苏泊尔（supor）电饭煲CFX¨³尔（supor）电饭煲CFXB30YB7F-501
971097,76.0,小熊Ｔåª蛋配蒸碗蒸盘1
684658,399.0,九阳（Joyoung）DJ13B-D600SG倍浓植物奶牛全钢强劲动力1
261078,499.0,美的（Midea）电饭煲商用系列9L/9升大容量电饭锅SYJ0901
1629704,599.0,九阳（Joyoung）JYY-80YS1电压力锅大蒸霸压力煲8L超大容量附带双层蒸笼1
1181337,399.0,Midea）电磁炉触摸式彩蝶版WT2121S（赠汤锅+炒锅ï¶²晶显示可拆卸内盖1
¥克斯,（AUX）保温电热水壶,双层防烫不锈钢电水壶HX-A51911
1322978,339.0,美的（Midea）T3-L326B橙色电烤箱32升1
756539,169.0,格来德（Grelide）WWK-D1808K数字计温电热水壶1.7L1
52145养料理机,按键操控多功能家用养生调理机搅æ功能家用养生调理机搅拌＊能家用养生调理机搅拌机,1
979597,339.0,美的ï锅）1
1329470,169.0,韩国现代（HYUNDAI）BD-KJ139烧烤炉家用无烟烧烤架电烤炉1
839706,399.0,小熊（Bear）MBJ-C6932面包机全自动1
1九阳（Joyoung）DJ13B-D600SG,倍浓植物奶牛全钢强劲动力,1
261078,499.0,美的（MiP¨力1
261078,499.0,美的（Midea）电饭煲商用系列9Laï1629704599.0九阳（Joyoung）JYY-80YS1电压力锅大蒸霸压力煲8L超大容量附带å压力煲8L超大容量附带双层蒸笼1
1181337,399.0,Mideç1S（赠汤锅+炒锅ï¶²晶显示可拆卸内盖1
¥克斯,（AUX）保温电热水壶,双G¼AUX）保温电热水壶双层防烫不锈钢电水壶HX-A）T3-L326B橙色电烤箱32升1
756539,169.0,格来德（Grelide）WWK-D1808K数字计温ç°»生调理机搅æ功能家用养生调理机搅拌＊能家用养生调理机搅拌机1
979597,339.0,美的ï锅）1
1329470,169.0,韩国现代（HYUND­¶用养生调理机搅拌机1
979597,339.0,美的ï锅）½®动力圆灶釜内胆智能柴火饭电饭锅WFS40371
1981370,499.0,美的（Midea）ESC1500靉©奶牛全钢强劲动力1
261078,499.0,美的（MiP¨力1
261078,499.0,美的（Midea）电饭煲商用系列9Laï1629704599.0九阳（Joyoung）JYY-8Z01078499.0美的（Midea）电饭煲商用系列9Laï16297生磨免滤多功能豆浆机WHC13Y411
1513676,599.0,格兰仕（Galanz）HC-83503FB智能镜面23L微波炉/光波炉1
1240183,1580.0,惠人（HUROM）SJ-700A（DR）原汁机低速榨汁机1
482705,199.0,美的（Midea）MG25NF-AD电烤箱25L家用大å©电热水壶双层防烫不锈钢电水壶HX-A）T3-L32D618SG植物奶牛全钢多功能豆浆机（智能预约）1
1033668,999.0,飞利浦（PHILIPS）H机搅æ功能家用养生调理机搅拌＊能家用养生è的ï锅）1
1329470,169.0,韩国现代（HYUND­¶用养生调理机搅拌机1
979597,339.0M理机搅拌机,1
979597,339.0,美的ï锅）½®动力圆灶¼¦红1
1223122,299.0,九阳（Joyoung）DGD40-05AK紫砂锅4L电炖锅多功能紫砂煲（炖盅煲粥、可预约）1
1500630,139.0,小熊（bear）DSL-A20J1烤面包机多士炉带防尘盖外置式烤架1
985401,699.0,祈和（KPS）KS-520破壁料理机搅拌机红色1
1998216,119.0,奔腾（POVOS）电水壶599.0格兰仕（Galanz）HC-83503FB智能镜面23L微波炉/光波炉1
1240183,1580.0,惠äl波炉1
1240183,1580.0,惠人（HUROM）SJ-700A（DR）原汁美的（Midea）MG25NF-AD电烤箱25L家用大å©电热水壶双层防烫不锈钢电水º¢壶双层防烫不锈钢电水壶HX-A）T3-L32D618SG植ç0九阳（Joyoung）ZD07W03A多功能煮蛋器可蒸水蛋7个蛋1
1119668,1399.0,SKG2011原汁机家用榨汁机1
235893,599.0,科顺（KESUN）KP60SCK商用榨汁机果汁机1
1268275,219.0,奔腾（POVOS）FN381四位数码显示电饭煲弧形聚能发热盘1
724577,299.0,美的（Midea）JSN32C电饼铛智能双控加热微电脑煎烤机烙饼机1
1183098,4699.0,酷晨（CUCHEN）LX1008iDCN韩国原装进口语音智能IH压力电饭煲1
1284087,129.0,é¶1
985401,699.0,祈和（KPS）KS-520破壁料理机搅拌机红色1
1998216,119.0,奔èº红色1
1998216,119.0,奔腾（POVOS）电水壶599.0栱)豆芽机家用全自动微电脑智能定时1
600316,169.0,天际(TONZE)GSD–W122B电炖锅401831580.0惠人（HUROM）SJ-700A（DR）原汁美的（M7触摸版多功能养生壶电水壶1.8L1
1207168,1599.0,美的（Midea）PHT5092HIH电磁加ç«不锈钢电水壶HX-A）T3-L32D618SG植ç0九阳（PO¨榨汁机1
235893,599.0,科顺（KESUN）KP60SCK商用榨汁机果汁机1
1268275,219.0,奔腾（POVOS）FN381四位数码显示电饭煲弧形聚能发ç¾（POVOS）FN381四位数码显示电饭煲弧形聚能发热盘1
724577,299.0,美的（Mide¥­1
724577,299.0,美的（Midea）JSN32C电饼铛智能双掳1
1183098,4699.0,酷晨（CUCHEN）LX1008iDCN韩国原装进口语音智能IH压力电饭ç.0长帝（changdi）HB04西点烤箱烘焙工具模具6件å理机搅拌机红色1
1998216,119.0,奔èº红色1
1998216,119.0,奔腾（POVOS）ç立式原汁机慢速榨汁机中国红1
1214034,1999.0,美的（Midea）电压力锅IH电磁加热5L智能触控操作PHT5093H1
1159979,99.0,小熊（Bear）BQL-A05T1家用冰淇淋机0.5L双层保温冷冻桶1
895911,,1599.0美的（Midea）PHT5092HIH电磁加ç«不锈钢电水壶HX-A）T3-L32D618SG植´ç´壶HX-A）T3-L32D618SG植ç0九阳（PO¨榨汁机1
2ZE)DGD-13EG电炖锅电炖盅1.3L1锅3胆,1,
1389340,1080.0,柏翠（petrus）家用原汁机榨汁机PE28801
1183366,239.0,利仁（Liven）电饼铛煎烤机电脑版方盘饼铛LR-FA432A1
1772780,129.0,SKG8057多功能养生壶加厚电玻璃全自动煎药壶花茶1
1129217,99.0,美的（Midea）料理搅拌机二合一炫彩家用榨汁机WBL25B26（果汁机）1
878476,2299.0,松下（Panasonic）NN-DF392Bè¼HB04西点烤箱烘焙工具模具6件å理机搅æLº红色1
1998216,119.0,奔腾（POVOS）ç立式原汁机慢速榨汁机中国红1
1214µ热水壶,1,
181619,169.0,格兰仕（Galanz）1.5L玲珑电饭煲§操作PHT5093H1
1159979,99.0,小熊（Bear）BQL-A05T1家用冰淇淋机0.5L双层保温å9°淇淋机0.5L双层保温冷冻桶1
895911,,1599.0美的ï¤机烙饼机蛋糕机电饼档大烤盘悬浮双面1
1018763,269.0,北美电器（ACA）ABT-MPT3-L32D618SG植ç0九阳（PO¨榨汁机1
2ZE)DGD-13EG电炖13,1080.0,柏翠（petrus）家用原汁机榨汁机PE28801
1183366,239.0,利仁（Liven）电80366239.0利仁（Liven）电饼铛煎烤机电脑版方盘饼5957多功能养生壶加厚电玻璃全自动煎药壶花茶1
1129217,99.0,美的（Midea）料02921799.0美的（Midea）料理搅拌机二合一炫彩家ç.0小熊（Bear）JYH-B40Q1煎药壶陶瓷养生壶全自动分体中药锅3.5L1
861600,179.0烤箱烘焙工具,模具6件å理机搅æLº红色1
19,T式原汁机,慢速榨汁机中国红1
1214µ热水壶,1,
181619,169.0,格兰仕（Galanz）1.B012.0L不锈钢电水壶1
1090578,7200.0,维他美仕（vitamiL-A05T1家用冰淇淋机0.5L双层保温å9°淇淋机0.5L双层保温冷冻桶1
895911,保温食品级304不锈钢烧水电水壶S1701（1.7L/升）,1
896846,128.0,尚朋堂（Sunpentown）YS-EP1215电热水瓶1
555450,129.0,格兰仕（Galanz）B401T-30F5A电饭煲1
1856209,2480.0,松下（Panasonic）SD-PT1000全自动变频面包机1
141380,549.0,德国博朗（Braun）HT400多士炉早餐烤面包机吐司机三明治机1
515275,99.0,北欧欧慕（nathome）电水壶保温不锈钢热水壶NSH0801石榴红1
1308514,2999.0,飞利浦（PHILIPS）HD4568/00¼Midea）料理搅拌机二合一炫彩家ç.0小熊（Bearï·模具6件å理机搅æLº红色1
19,T式原汁机,慢速榨汁机中国红1
1214µ热水壶,1,
181619,169.0,格兰仕（Galanz）1.B012.0L不锈é9.0小熊（Bear）DRG-210GA电煮锅不锈钢多功能电火锅电热锅1L1
563095,2680.0,韩国福库（CUCKOO）CSJ-1103W韩国进口原汁机(白色)淇淋机0.5L双层保温冷冻桶1
895911,保温食品级304不锈钢烧水电水壶S1701＿ï¸锈钢烧水电水壶S1701（1.7L/升）,1
896846,128.0,å793301399.0德国博朗（Braun）KF610美式咖啡机家用全自动滴漏式泡茶煮咖啡­煲1
1856209,2480.0,松下（Panasonic）SD-PT1000全自动å½博朗（Braun）HT400多士炉早餐烤面包机吐司机三明治机1
515275,99.0,北欧æ.治机1
515275,99.0,北欧欧慕（nathome）电水壶保温µ压力锅5L1
1220070,49.0,荣事达（Royalstar）RS-G55加厚不锈钢内胆全自动家用酸搅拌机二合一炫彩家ç.0小熊（Bearï·模具6件壶式原汁机慢速榨汁机中国红1
1214µ热水壶,1,
181619,169.0,格兰仕（Galanz）1.BK-131T自动断电保温陶瓷电热水壶1
1511169,399.0,SKG2063厨房机械原汁机低速榨汁机多功能家用果汁机1
2015453,1799.0,松下（Panasonic）SR-ANM151-KWIFI连接IH电磁加热智能电饭煲4L/4升京东微联APP控制1
1270078,249.0,奔腾（POVOS）电压力锅特色无水焗功能高压锅LJ652（6L/升大容量）1
1184957,129.0,MIONBVRVKT18H2-073极光系列电水壶红色1
1139852,169.0,九阳（Joyoung）JYF-20FS62多功能迷你电饭煲2L智能电饭锅（陶晶内胆、可预约、可制蛋糕酸奶婴儿粥）1
1174793,89.0,天际(TONZE)DGD20-20ZWD电炖锅紫砂锅2L1
206181,139.0,小熊（Bear）DZG-305电蒸锅三层多功能预约8L1
1297235,1199.0,九阳（Joyoung）JYL-Y5多功能破壁料理机智能搅拌机家用果汁机（搅拌、榨汁、碎冰）1
1740044,209.0,志高（CHIGO）ZG-519D电压力锅5L一锅双胆多功能24小时智能预约玫瑰红1
788934,139.0,现代（HYUNDAI）养生壶多功能钢化玻璃触摸煎药电水壶1.8L象牙白BD-YS18011
966848,179.0,奥克斯（AUX）电饭煲4L多功能智能预约电饭锅FB-40E1
1464808,499.0,苏泊尔(SUPOR)密闭熬煮豆浆机DJ12B-Y971
990968,369.0,çS）电压力锅特色无水焗功能高压锅LJ652（6L/升大容量）1
1184957,129.0,MIONB0九阳（Joyoung）KL-26J601家用智能无油炸锅大容量空æoyoung）JYF-20FS62多功能迷你电饭煲2L智能电饭锅（陶晶内胆、可预约、可å陶晶内胆、可预约、可制蛋糕酸奶婴儿粥）1
1,
1140625,179.0,dostyleEK202玻璃不锈钢电水壶1.7L1
1185352,699.0,摩飞（Morphyrichards２¸锅三层多功能预约8L1
1297235,1199.0,九阳（Joyoun摙º能搅拌机家用果汁机（搅拌、榨汁、碎冰）1
1740044,209.0,志高（CHIGO）ZG-¹阳（Joyoung）DJ12B-A603DG无网全钢多功能豆浆机1
1228113,179.0,奥克斯（AUX）C2109L数码触控超耐磨微晶面板电磁炉1
646202,199.0,美ç»璃触摸煎药电水壶1.8L象牙白BD-YS18011
966848,179.,能智能预约电饭锅FB-40E1
1464808,499.0,苏泊尔(SUPOR)密闭熬煮豆浆机DJ12B-Y979)密闭熬煮豆浆机DJ12B-Y971
990968,369.0,çS）电压å带烤架苹果绿1
1581294,88.0,荣事达（Royalstar）RD-Q80A多功能煎蛋器鸡蛋杯蛋卷机煮蛋器早餐机1
1220286,299.0,格兰仕（Galanz）K130L家用烘焙上下独立控温电烤箱1
559697,39.0,立客(LIKE)LK-S1802不锈钢电水壶1.8L防干烧、自动断电1
1235538,199.0,依立（yili）TB68C48紫砂电炖锅4.8L紫砂美味煲1
1045436,1299.0,摩飞（Morphyrichards）MR4266不锈钢全自动美式咖啡机1
1946195,129.0,奥克斯（AUX）AUX-S828智能20功能养生壶煎药壶玻璃烧水壶1.8L金色1
1036719,289.0,澳柯玛（AUCMA）JD30-H8电饼铛全自动煎烤机1
1036728,239.0,澳柯玛（AUCMA）JJ30-H7电饼铛全自动煎烤机1
945883,169.0,天际(TONZE)BJH-W220G养药电水壶1.8L象牙白BD-YS18011
966848,179.,能智能é350A多用途电火锅电蒸锅电热锅电煮锅1
1908306,99.0,美的（Midea）电水壶全钢籆浆机DJ12B-Y971
990968,369.0,çS）电压å带烤架苹JIRUSHI）『刚火IH』NP-HBH18C微电脑多功能电饭煲日本标准1.8L/国内标准5L不¨早餐机1
1220286,299.0,格兰仕（Galanz）K130L家用烔55969739.0立客(LIKE)LK-S1802不锈钢电水壶1.8L防干烧、自动断电1
1235538,19¿坤（EUPA）TSK-2266BM,多功能不锈钢料理锅1
820431,299.0,飞利浦（Philips）HR2104/90手持搅拌器榨汁机1
269530,79.0,九阳（Joyoung）JYL-C051料理机多功能家用电动婴儿辅食搅拌机1
1227410,599.0,格兰仕（Galanz）P50P-C009A电热水瓶5L保温预约不锈钢内胆1
1364065,1390.0-H8,电饼铛全自动煎烤机1
1036728,239.0,澳柯玛（A5L（红色）1
1069322,199.0,依立（yili）5903-010紫砂电饭煲1
1931646,269.0,小熊（Bear）电炖锅砂锅3L煲汤锅DSG-A30K11
1774428,89.0,东菱ï1
1908306,99.0,美的（Midea）电水壶全钢籆浆机DJ12B-Y971
990968,369.0,çS）电压ngY971
990968,369.0,çS）电压å带烤架苹JIRUSHI）『壶1
1722317,169.0,美的（Midea）料理搅拌机不锈钢专业榨汁机家用果汁机WJE4001D（榨汁机）1
1158689,1398.0,贝尔斯顿（Bestday）ZYJ-920榨油机家用不锈钢内胆植物油萃取机1
998290,169.0,欧博(OPO)FX12-S101电子茶盘泡茶机电磁炉茶盘电茶壶自动上水电热水壶¨榨汁机1
269530,79.0,九阳（Joyoung）JYL-C051料理机多功能家用电动婴儿辅食æ功能家用电动婴儿辅食搅拌机1
1227410,599.0,格兰äyoung）DJ08B-D633SG(C)植物奶牛小米浆多功能豆浆机1
968231,168.0,荣事达（Royalsta全自动煎烤机1
1036728,239.0,澳柯玛（A5L（红色）¼Galanz)微波炉P70F23P-G5(SO)23L1
619043,599.0,九阳（Joyoung）DJ13B-D58SG倍浓植物奶砂锅3L煲汤锅DSG-A30K11
1774428,89.0,东菱ï1
1908306,9M5¢籆浆机DJ12B-Y97,1
990968,369.0,çS）电压ngY971
990968,369.0,çS）电压å带烤架èµ脑版5L一锅双胆电压力锅（24小时预约）1
1155158,239.0,利仁（Liven）电饼铛煎烤机机械版34cm烤盘LR-353F1
1912967,399.0,苏泊尔（SUPOR）电饭锅电饭煲CFXB130B2-2001
1815858,599.0,奥克机1
998290,169.0,欧博(OPO)FX12-S101电子茶盘泡茶机电磁炉茶盘电茶壶自劑灶（KAMJOVE）JD-20A超静音自吸加水微电脑控温电èC051料理机多功能家用电动婴儿辅食æ功能家用电动婴儿辅食搅拌机1
1²,µ动婴儿辅食搅拌机,1
1227410,599.0,格兰äyoung）DJ0烤机1
1036728,239.0,澳柯玛（A5L（红色）¼Galanz)微波炉P70F23P-G5(SO)23L1
619ª动抽水壶,上水器,电子茶盘电热水壶套装泡茶机43599.0九阳（Joyoung）DJ13B-D58SG倍浓植物奶砂锅3L煲汤锅DSG-A30K11
1774428,89.äµ压ngY97,1
990968,369.0,çS）电压å带烤架èµ脑版5L一锅双胆电压力锅（24小时预约）1
1155158,239.0,利仁（Liven）电饼铛煎烤4L/4升智能电饭煲FS4091
1831720,399.0,九阳（Joyoung）原汁机JYZ-V911家用慢速原汁机1
954230,299.0,美的（Midea）电饭煲4L/4升可视天窗设计多功能智能电饭锅FC40191
988427,6900.0,意大利德龙（Delonghi）ECAM22.110.SB咖啡机家用全自动咖啡机整机欧洲原装进口1
1428670,4999.0,飞利浦（PHILIPS）HD8761/07全自动意式咖啡机1
1094039,119.0,伊莱特（Enaiter）YC40H1简爱系列多功能智能电饭煲1
94230º¢色）,¼Galanz),微波炉P70F23P-G5(SO)23L1
619ª动抽水壶,上水器,电子茶盘电热水壶套装泡茶机43599.0九阳（Joyoung）DJ13B-D58SGå水壶上水器电子茶盘电热水壶套装泡茶机43白色1
1294751,189.0,利仁（Liven）多功能电火锅HG-B2600（优质304不锈钢）1
1532ngY97,1,
990968,369.0,çS）电压å带烤架èµ脑版5Lä预约）1
1155158,239.0,利仁（Liven）电饼铛煎烤4L/4升智能电饭煲FS4091
1831,ç智能电饭煲FS409,1
1831720,399.0,九阳（Joyoung）原361MXPE微波炉1
1003648,99.0,九阳（Joyoung）电炖锅DGJ1502BM迷你白瓷电炖盅1.5L1
796394,790.0,凯伍德（Kenwood）AT970A压面器厨师机配件1
1102262,239.0,九阳（Joyoung）JYY-50YL80多功能家用电压力煲智能电压力锅5L（双胆、可预约）1
1507152,499.0,东菱（Donlim）DL-T06GS面包机家用全自动智能撒果料彩钢1
1677308,1089.0,苏泊尔（SUPOR）CFXB40HZ）¼Galanz)微波炉P70F23P-G5(SO)23L1
619ª动抽水壶,E¶套装,泡茶机43599.0九阳（Joyoung）DJ13B-D58SGå水壶上水器电子茶盘电热慢磨原汁机红色1
1801455,599.0,美的（Midea）HJ13C21砤功能电火锅HG-B2600（优质304不锈钢）1
1532ngY97,1,
990968,369.0,çS）电压åZDQ-B14A1不锈钢煎蛋器1
1316011,1999.0,飞利浦（PHILIPS）HD4566/00智能电饭煲智芯回漩IH1
1102184,1298.0,虎牌（Tiger）JAX-C18C电饭煲国内5L1
758371,14.8,美乐家（melitta）1X4纯白咖啡滤纸（40片装）1
758348,49.0,美乐家（melitta）便携式咖啡过滤器（红色）1
1086555,1999.0,米技（MIJI）MijiGalaI1600W德国米技炉电陶炉白色1
766337,199.0,奔腾（POVOS)电磁炉整板触摸超薄电磁灶CG2184(赠送汤锅)1
1133144,399.0,东菱（Donlim）DL-T15面包机家用全自动撒果料(全新改版升级)1
1325045,99.0,益美（Yimei）白瓷电炖锅煲汤锅陶瓷煮ç微波炉P70F23P-G5(SO)23L1
619ª动抽水壶,E¶套装,泌å13B-D58SGå水壶上水器电子茶盘电热慢磨原汁机红色1
1801455,599.0,美ç0º红色1
1801455,599.0,美的（Midea）HJ13C21砤功能ç
1247660,299.0,苏泊尔（SUPOR）电饭煲电饭锅CFXB40FC833-75立体加热1
1463968,99.0,奥克斯（AUX）CB2007G大线圈匀火加热智能数码显示ç21841298.0虎牌（Tiger）JAX-C18C电饭煲国内5L1
758371,14.8,美乐家（melitta）JYF-40FS06多功能电饭煲4L智能电饭锅（24小时预约）tta）便携式咖啡过滤器（红色）1
1086555,1999.0,米技（MIJI）MijiGalaI1600W徜º1
1264929,239.0,利仁（Liven）炫彩多功能电煎锅JG-J350炉整板触摸超薄电磁灶CG2184(赠送汤锅)1
1133144,399.0,东菱（Donlim）DL-T15面å0东菱（Donlim）DL-T15面包机家用全自动撒果料(å益美（Yimei）白瓷电炖锅煲汤锅陶瓷煮ç微波炉P70F23P-G5(SO)23L1
619ª动æ0F23P-G5(SO),,23L1
619ª动抽水壶,E¶套装,泌å13B-D58SGåµ热慢磨原汁机红色1
1801455,599.0,美ç0º红色1
1801455,599.0,美的（Midea）H）SR-CHB18微电脑电饭煲电饭锅5L1
943365,199.0,奥克斥­锅CFXB40FC833-75立体加热1
1463968,99.0,奥克斯（AUX）CB2007G大线圈匀火加热æµ热锅（不锈钢）1
1599489,399.0,苏泊尔（SUPOR）榨汁机原汁机SJYZ25D-2001
1171249,169.0,dostyleHB201手持料理榨汁机(婴儿辅食机、碎肉、搅拌多功能)1
607978,3999.0,北欧欧慕（nathomeï51999.0米技（MIJI）MijiGalaI1600W徜º1
1264929,239.0,利仁（Liven）炫彩多功è1利仁（Liven）炫彩多功能电煎锅JG-J350炉整板触æN632九大烹饪功能电压力锅特有无水焗功能1
411943,399.0,九阳（Joyoung）JYZ-E8卧式慢速原汁机家用水果机低速榨汁机（汁渣分·煮ç微波炉P70F23P-G5(SO)23L1
619ª动æ0F23P-G5(SO),,23L1
619ª动抽水壶,E¶套è23L,1
619ª动抽水壶,E¶套装,泌å13B-D58SGåµ热慢磨å2B-A635SG家用全自动无网全钢多功能豆浆机（孕婴辅食）1
1453401,799.0,美的（Midea）X3-233A金色微波炉变频23L1
1204566,599.0,九饥克斯（AUX）CB2007G大线圈匀火加热æµ热锅（不锈钢）1
1599489,399.0,苏æ¢钢）1
1599489,399.0,苏泊尔（SUPOR）榨汁机原汁朔¨eHB201手持料理榨汁机(婴儿辅食机、碎肉、搅拌多功能)1
607978,3999.0,北æ712家用多功能电烤箱发酵面包家用烤箱1
1867168,279.0,小熊（Bear）MBJ-A10R2面包机家用全自动多功能蛋糕机不锈钢1
1032440,199.0,荣事达（Royalstar）养生壶煎药壶2L玻璃电水壶20大功能YSH20K1
1274721,2680.0,海氏（Hauswirt）HO-M10嵌入式烤箱多功能家用大烤箱高端商用电烤箱1
1189117,199.0,利仁（Liven）YG-D420迷你多功能电压力锅1
1041144,9999.0,飞利浦（PHILIPS）HD8753/15全自动浓缩咖啡抽水壶E¶套装泌å13B-D58SGåµ热慢磨å2B-A635SGåP401料理机搅拌机碎冰机和面机绞肉机果汁机切丝切片豆浆机1
1329481,369.0,韩国现代（HYUNDAI）QC-DT22E电陶炉配烤盘1
1292633,3588.0,虎牌（Tiger）PDU-A50C日本进口电热水瓶1
1142868,699.0,SKG1771电烤1599489399.0苏泊尔（SUPOR）榨汁机原汁朔¨eHB201æDº、碎肉、搅拌多功能)1
607978,3999.0,北æ712家用多功能电烤箱发酵面包å¤功能电烤箱发酵面包家用烤箱1
1867168,279.0,小¼用全自动多功能蛋糕机不锈钢1
1032440,199.0,荣事达（Royalstar）养生壶煎èº¾（Royalstar）养生壶煎药壶2L玻璃电水壶20大功能Yliswirt）HO-M10嵌入式烤箱多功能家用大烤箱高端商用电烤箱1
1189117,199.0,利䥭煲10升大容量RZ-100B1
1329382,299.0,九阳（Joyoung）JYY-5飞利浦（PHILIPS）HD8753/15全自动浓缩咖啡抽水壶E¶套装泌å13B-D58SGåµ热慀可预约）1
350849,269.0,利仁（Liven）DNG-5000C电压力锞肉机果汁机切丝切片豆浆机1
1329481,369.0,韩国现代（HYUNDAI）QC-DT22E电0Y½现代（HYUNDAI）QC-DT22E电陶炉配烤盘1
1292633,358白色）,1
482669,399.0,美的（Midea）电烤箱家用烘焙MG38MD-ADRF1
1033665,299.0,飞利浦（PHILIPS）手持式料理机搅拌机做辅食多配件HR1608/031
1178223,239.0,荣事达（Royalstar）YDG20-60A92L智能迷你压力锅（炫紫）1
1751048,99.0,奥克斯（AUX）AUX-J16双刀双速绞肉机1.2L家用多功能料理机搅拌机1
1998211,129.0,奔腾（POVOS）电水壶双层保温食品级304不锈钢电热水壶S1756（1.7L/升）1
2098662,1490.0,德龙（Delonghi）胶囊咖啡机GenioII-Mini限量版EDG466-Mini1
1353146,399.0,九阳（Joyoung）JYL-C63V多功能料理机家用婴儿辅食果汁机（可切丝切片绞肉干磨搅拌）1
1207140,299.0,汉美驰（HamiltonBeach）25475-CN早餐机汉堡包机（银色）1
816928,3699.0,OmegaJuicerJ8226多功能慢速榨汁机1
1151925,399.0,依立（yili）TB63B48汤大师营养系列智能控制UNDAI）QC-DT22E电陶炉配烤盘1
1292633,358白色）,1
¤箱家用烘焙MG38MD-ADRF,,1
1033665,299.0,飞利浦（PHILIPS）手持式料理机搅拌机å）手持式料理机搅拌机做辅食多配件HR1608/031
113,YDG20-60A9,2L智能迷你压力锅（炫紫）1
1751048,99.0,奥克斯（AUX）AUX-J16双刧æ¥克斯（AUX）AUX-J16双刀双速绞肉机1.2L家用多al129.0奔腾（POVOS）电水壶双层保温食品级304不锈钢电热水壶S1756（1.7L/升ï¢电热水壶S1756（1.7L/升）1
2098662,1490.0,德龙（De啡机意式半自动家用不锈钢锅炉(橄榄绿)复古系列ECO310.VGR1
2168958,79.0,立客ï多功能料理机家用婴儿辅食果汁机（可切丝切çP99.0汉美驰（HamiltonBeach）25475-CN早餐机汉堡包机（银色）1
816928,3699.0³º,（银色）1
816928,3699.0,OmegaJuicerJ8226多功能慢é（yili）TB63B48汤大师营养系列智能控制UNDAI）QC-DT22E电陶炉配烤盘1
§¦QC-DT22E,电陶炉,配烤盘1
1292633,358白色）,1
¤箱å19.0,飞利浦（PHILIPS）手持式料理机搅拌机å）手持式料理机搅拌机做辅食准5L,白色1
1389350,598.0,柏翠（petrus）全自动家用面崫）1
1751048,99.0,奥克斯（AUX）AUX-J16双刧æ¥克斯（AUX）AUX-J16双刀双速绞芀AUX）AUX-J16双刀双速绞肉机1.2L家用多al129.0奔1718877298.0SKG1208多功能食品加工料理机1200ml家用果汁机搅拌机白色1
134678£¶S1756（1.7L/升）,1,
2098662,1490.0,德龙（De啡机意式能可预约定时1
608813,219.0,美的（Midea)DE12G13多功能全钢无网豆浆机1
213954理机家用婴儿辅食果汁机（可切丝切çP99.0,汉ç早餐机,汉堡包机（银色）1
816928,3699.0³º,（银色）1
816928,3699.0,OmegaJui36989179.0北美电器（ACA）AHM-PE350A手持搅拌器婴儿智能控制UNDAI）QC-DT22E电陶炉配烤盘1
§¦QC-DT22E,电陶炉,配烤盘1
1292633,3,电陶炉配烤盘1
1292633,358白色）,1
¤箱å19.0,é家用全自动搅拌揉面机,微电脑醒面1
1145239,109.0,小熊（Bear）电热饭盒加热饭盒陶瓷双层1.6LDFH-S2671
974476,59.0,半球（Peskoe）CFXB15-5M电饭锅1.5升1
1000543,149.0,九阳（Joyoung）JYZ-D51营养专业榨汁机电动水果汁机（汁渣分离）1
1167641,119.0,美的（Midea）料理搅拌机三合一炫彩家用榨汁机WBL25B36（果汁机）1
1121697,98.0,飞利浦（PHILIPS）HR2410/01面条机塑型模块意面塑型模块组合1
939691,119.0,九阳（Joyoung）JYS-A800绞肉机多功能家用电动料理机婴儿辅食绞肉搅拌机1
1130325,7200.0,优瑞（Jura）ENAMicro1原装进口家用全自动咖啡机1
1105249,269.0,欧博（OPO）FX12-S209电茶盘泡茶æ0北美电器（ACA）AHM-PE350A手持搅拌器婴儿智è配烤盘1
§¦QC-DT22E,电陶炉,配烤盘1
1292633,3,电陶炉配烤盘1
1292633,358白è,美的（Midea）X3-L232A微波炉23L1
1193778,369.0,松下（面1
1145239,109.0,小熊（Bear）电热饭盒加热饭盒陶瓷双层1.6LDFH-S2671
974476G瓷双层1.6L,DFH-S267,1
974476,59.0,半球（Peskoe）CFXB15-³¢0九阳（Joyoung）JYZ-D51营养专业榨汁机电动水果汁机（汁渣分离）1
1167641¸©机（汁渣分离）,1,
1167641,119.0,美的（Midea）料理æTºWBL25B36（果汁机）1
1121697,98.0,飞利浦（PHILIPS）HR2410/01面条机塑型模块ç2410/01面条机塑型模块意面塑型模块组合1
93969,00绞肉机多功能家用电动料理机婴儿辅食绞肉搅拌机,1
1130325,7200.0,优瑞）J机1
1130325,7200.0,优瑞（Jura）ENAMicro1原装进å(可预约)1
664630,899.0,象印（ZOJIRUSHI）CV-CSH30C电热水瓶浅驼色1
1296803,129¨（ACA）AHM-PE350A,手持搅拌器婴儿智è配烤盘161229.0苏泊尔（SUPOR）电饭煲电饭锅CFXB20FC817-351
945897,199.0,天际(TONZE)DGD-32EBGç 热饭盒陶瓷双层1.6LDFH-S2671
974476G瓷双层1.6Lz）P70F20CL-DG(B0),20L,智能微波炉1
135217,166.0,德尔多功能搅拌机BL-733-41
875261,499.0,九阳（Joyoung）DJ06B-DS01SG植物奶牛全钢小容量多机电动水果汁机（汁渣分离）1
1167641¸©机（汁渣分离）,1,
1167641,119.0,美ç离）1
1167641,119.0,美的（Midea）料理æTºWBL25B36ï©浦（PHILIPS）HR2410/01面条机塑型模块ç2410/01面条机塑型模块意面塑型æ¥¶机1L蜜罐陶瓷分杯1
1089347,999.0,米技（MIJI）MijiHomeQ6德国米技炉电陶炉咖啡色1
1226996,199.0,MIONMBL-25HA9运动型便携搅拌机料理机榨汁机myblend白色可碎冰1
998007,1680.0,尚朋堂（Sunpentown）YS-IC34H01嵌入式双灶电磁炉进口超耐温NEG面板全屏触摸式超作1
143611,99.0,格兰仕（galanz）A601T-40YK电饭煲4升1
874325,799.0,美的（Midea）EHS15Q3-PWRY精准预约全自动大米智能面包机1陶瓷双层1.6LDFH-S2671
974476G瓷双层1.6Lz）P70F20CL-用电动婴儿辅食绞肉机,玻璃杯,1
1256631,298.0,东菱（Donlim）DL-K33B立方体内胆家用全温型多功能电烤箱1
1447318,299.0,九阳（Joyoung7641¸©机（汁渣分离）1
1167641,119.0,美ç离）1
1167641,119.0,美的（Midea）æ格兰仕（Galanz）B551T-45F16电饭煲1
767299,279.0,小熊ｐ陶瓷分杯1
1089347,999.0,米技（MIJI）MijiHomeQ6德国米技炉电陶炉咖啡色1
1226996,199.0,MIONMBL-25HA9运动型便携搅拌机料理æ56560099.0利仁(Liven)LL-A(小旋风料理机）1
1831839,99.0,九阳（Joyoung）电饭煲家用迷你电饭锅3L/3升JYF-30YJ021
2151872,2380.0,松下（Pan灶电磁炉进口超耐温NEG面板全屏触摸式超作1
143611,99.0,格兰仕（galanzï14361199.0格兰仕（galanz）A601T-40YK电饭煲4升1
87al3-PWRY,精准预约,全自动大米智能面包机1陶瓷双层1.6LDFH-S2671
974476G瓷双R1.6L,DFH-S267,1
974476G瓷双层1.6Lz）P70F20CL-用电动婴å¨,1,
274576,399.0,格兰仕（Galanz）微波炉/光波炉G70D20CN1P-D2(S0)20L1
1303328,2699.0,N多功能电烤箱1
1447318,299.0,九阳（Joyoung7641¸©机Ｎ¶ç离）1
1167641,119.0,美的（Midea）æ格兰仕（Galanz）B551T-45F16电饭煲1
IKlanz）B551T-45F16,电饭煲,1
767299,279.0,小熊ｐ陶瓷分泊尔（SUPOR）豆浆机DJ12B-Y59E1
1102303,259.0,欧博（OPO）FX12-S206电茶盘泡茶机自动上水器加水器电水壶热水壶控温电茶壶电磁炉茶盘（黑色）1
1684744,29.9,科立泰（QLT）QLT-1251不锈钢碗酸奶机1L1
1086562,1799.0,米技（MIJI）MijiGalaI1700W德国米技炉电陶屏触摸式超作1
143611,99.0,格兰仕（galanzï14361199.0格兰仕（galanz）A601T-ç格兰仕（galanz）A601T-40YK电饭煲4升1
87al3-PWRY,璸锅,9L1
969855,219.0,九阳（Joyoung）JYK-50P01电热水瓶5L家用烧水壶不锈钢三段保2671
974476G瓷双层1.6Lz）P70F20CL-用电动婴å¨,1,
274,糢炉/光波炉,G70D20CN1P-D2(S0)20L1
1303328,2699.0,N多功能电烤箱1
1447318,299.0,九598.0天际(TONZE)FD40CB电饭煲电饭锅电饭煲4L1
727476,26ea）æ,格兰仕（Galanz）B551T-45F16电饭煲1
IKlanz）B551T-45F16,电饭煲,1
767299,27ILI）20MX24白色,机械版转盘20L1
145609,169.0,奔腾（POV3259.0欧博（OPO）FX12-S206电茶盘泡茶机自动上水器加水器电水壶热水åB´器加水器电水壶热水壶控温电茶壶电磁炉茶ço泰（QLT）QLT-1251不锈钢碗酸奶机1L1
1086562,1799.0,米技（MIJI）MijiGalaI1700W1galanzï14361199.0格兰仕（galanz）A601T-ç格兰仕ï器不锈钢迷你打蛋机打奶油机1
1321748,99.0,荣事达（Royalstar）多用途电火锅电煮锅电蒸锅电热锅4升HG160H1
1196713,269.0,苏泊å01电热水瓶5L家用烧水壶不锈钢三段保2671
974476G瓷双层1.6Lz）P70F20CL-用ç,,双层真空1.5LDFH-A15D11
1127448,10300.0,优瑞（Jura）Impressac5原装进口家用商用全自动咖啡机1
1127585,299.0,北美电器（ACA）AC-D03A滴漏式咖啡机美式咖啡壶商务家用1
1552853,599.0,美的（Midea）MB-WFZ5099IHIH电磁360°循环加热智能电饭煲5L/5升1
2011839,459.0,苏泊尔（SUPOR）CYSB50YSW21QJ-100智能电压力锅京东åº自动上水器加水器电水壶热水åB´器加水器电水壶热水壶控温电茶壶¤DL-TM0181
1851370,499.0,苏泊尔（SUPOR）MG20Z38全自动家ç621799.0米技（MIJI）MijiGalaI1700W1galanzï14361199.0格兰仕（galanz）A601Tº99.0格兰仕（galanz）A601T-ç格兰仕ï器不锈钢¼4899.0荣事达（Royalstar）多用途电火锅电煮锅电蒸锅电热锅4升HG160H1
119671´æ,1,
974476G瓷双层1.6Lz）P70F20CL-用ç,,双层真空1.拌机(浅啡色)1
1500492,139.0,九阳（Joyoung）SN-15E607酸奶机米酒、纳豆多功能1
1183096,4999.0,酷晨（CUCHEN）BT1010iDCN韩国原装进口语音多功能IH压力电饭煲1
1328492,419.0,奔腾（POVOS）LE505九大烹饪功能电场美式咖啡壶商务家用1
1552853,599.0,美的（Mideaï加热智能电饭煲5L/5升1
2011839,459.0,苏泊尔（SUPOR）CYSB50YSW21QJ-100智能电厽缉CYSB50YSW21QJ-100智能电压力锅京东åº自动上水å¬叉1
973483,66.0,半球（Peskoe）CFXB20-5M电饭锅(2升）1
663102,299.0,飞利浦（PHIL499.0苏泊尔（SUPOR）MG20Z38全自动家ç621799.0米æ原汁机榨汁机NF-170(V)1
878486,2999.0,松下（Panasonic）NN-DS591M变频蒸汽烤箱微ænz）A601T-ç格兰仕ï器不锈钢¼4899.0荣事达¨机械版多功能实用电压力锅4L（可拆卸密封圈）1
1181986,690.0,意大利德龙（Delonghi）ICM15240.BK滴滤式咖啡壶前置咖啡粉容器1
1312220,99.0,北美电器（ACA）ABT-LP11烤箱烘焙工具套装11件套模具1
1362246,2598.0,惠人（HUROM）HU19WNM原汁机低速榨汁机1
481007,59919.0,奔腾（POVOS）LE505九大烹饪功能电场美式咖啡壶商务家用1
1552853,5990,¡壶商务家用1
1552853,599.0,美的（Mideaï加热智è4苏泊尔（SUPOR）CYSB50YSW21QJ-100智能电厽缉CYSB50YSW21QJ-100智能电压力锅京äQJ-100智能电压力锅京东åº自动上水å¬叉1
97349319/21不锈钢保温电水壶,1,
1230695,199.0,苏泊尔（supor）电饼铛JD30A824-1301
654487,459.0,灿坤（EUPA）TSK-1827RA泵浦式高压咖啡机(黑色)下（Panasonic）NN-DS591M变频蒸汽烤箱微ænz）A601T-ç格兰仕ï器不锈钢T1ç格兰仕ï器不锈钢¼4899.0荣事达¨机械版årphyrichards）MR9100英国分离式研磨杯电动咖啡磨豆器/磨粉器玫瑰红1
1209ICM15240.BK滴滤式咖啡壶前置咖啡粉容器,1,
1312220,9´僤箱烘焙工具套装11件套,模具1
1362246,2598.0,惠人（HUROM）HU19WNM原汁机低逐机榨汁机多功能家用营养破壁调理机咖啡褐1
12½电场,美式咖啡壶,商务家用1
1552853,5990,¡壶商务家用1
1552853,599.0,美的ï0®¶用1
1552853,599.0,美的（Mideaï加热智è4苏泊尔ï电厽缉CYSB50YSW21QJ-100智能电压力锅京äQJ-100智能电压力锅京东åº自动²电压力锅京东åº自动上水å¬叉1
97349319/21不锈YL苏泊尔（supor）电饼铛JD30A824-130,1,
654487,459.0,灿坤（EUPA）TSK-1827RA泵浦式高0EUPA）TSK-1827RA泵浦式高压咖啡机(黑色)下（Panas03®±微ænz）A601T-ç格兰仕ï器不锈钢T1ç格兰仕ï器不锈钢¼4899.0荣.0ï器不锈钢¼4899.0荣事达¨机械版årphyrichards键式电磁炉1
1123547,128.0,天际(TONZE)BJH-W180P养生壶1.8L1
1271671,499.0,SKG电热开水瓶光控节能电水壶1152（3段保温内置散热风轮5L大å598.0惠人（HUROM）HU19WNM原汁机低逐机榨汁机多功能家用营养破壁调理殢（LIKE）LK-S1828触摸板多功能玻璃养生壶1.8L1
1072238,109.0,美的（Midea）WH517E2b外塑内钢双层保温防烫进口温控电热水壶（白ç599.0美的（Mideaï加热智è4苏泊尔ï电厽缉CYS璺¬äQJ-100智能电压力锅京东åº自动²电压力锅京东åº自动上水å¬叉15215299.0美的（Midea）电饭煲5L/5升大容量可预约å7459.0灿坤（EUPA）TSK-1827RA泵浦式高0EUPA）TSK-1827RA泵浦式高压咖啡机(é52219.0利仁（Liven）多功能电火锅HG-B2800（优质304䒢T1ç格兰仕ï器不锈钢¼4899.0荣.0ï器不锈钢¼4899.0荣事达¨机械ç¼DDZ-1081电炖锅电炖盅0.8L1
900336,199.0,格兰仕（Galanz)YB501F电脑版5L双胆压力锅1
1265591,3998.0,贝尔斯顿（Bestday）ZYJ-9028榨油机家用全自动加热型植物油萃取机1
1247659,399.0,苏泊尔（SUPOR）电压力锅CYSB50FC99-1001
803481,179.0,九阳（Joyoung）DGW2201AS微电脑ç828触摸板多功能玻璃养生壶1.8L1
1072238,109.0,美çalstar）RS-CF100T家用自动意式滴漏式咖啡机1
229524,199.0,九阳（Joyoung）JYY-50YL1多功能电压力锅5L家用电压力煲智能高压锅（可预约）1
1576627,499.0,九阳（Joyoung）JYY-50C1韩式酷炫电压力锅智能调压一键旋控5L双胆1
2004477,399.0,美的（midea）WQC50B1P家用智能电脑版一锅双胆5L电压力锅（24小时预约）1
273195,498.0,依立（Yili)KSC38-I紫砂电炖锅3.8L1
963588,199.0,九阳（Joyoung）C21-SC807智能触控电磁炉灶（赠汤锅+炒锅）1
911015,99.0,富鲜（FoodSaver）FSFSRR6113-073全球畅销，专利真空食物保鲜带，小型1
1058409,1898.0,LGMH6343BDN23L微波炉（银色）1
521535,249.0,荣事达（Royalstar）60-100A356L京东专款电脑电压力锅无水焗1
738481,399.0,松下（Panasonic）SR-CCM051-W电饭煲电饭锅1
885956,1358.0,汉美驰（HamiltonBeach）C33567数码渒啡机1
229524,199.0,九阳（Joyoung）JYY-50YL1多功能电压力锅5L家用电压力煲智能高压锅（可预约）1
1576627,499.0,九阳（Joyoung）J机榨汁机第四代双口径OM2401
895394,226.0,尚朋堂（Sunpentown）YS-IC2105YD(G)进口NEG白板触摸双圈加热电磁炉1
1605570,199.0,东菱（Donlim）DL-T06A家用全自动不锈钢面包机涡轮动力时预约）1
273195,498.0,依立（Yili)KSC38-I紫砂电炖锅3.8L1
963588,199.0,九阳ï499.0尚朋堂（Sunpentown）YS-OT3613电烤箱1
1221374,499,
911015,99.0,富鲜（FoodSaver）FSFSRR6113-073全球畅销，专利真空食物保鲜带，德专利真空食物保鲜带，小型1
1058409,1898.0,LGMH6343é5249.0荣事达（Royalstar）60-100A356L京东专款电脑电压力锅无水焗1
738481,3.0µ压力锅无水焗,1
738481,399.0,松下（Panasonic）SR-CCé358.0汉美驰（HamiltonBeach）C33567数码渒啡机1
229524,199.0,九阳（Joyoung）JY¤524199.0九阳（Joyoung）JYY-50YL1多功能电压力锅5L実家用电烤炉不粘电烤盘烧烤机烤肉煎烤机1
788948,169.0,韩国现代（HYUNDAI）BD-FG1601电火锅多功能韩式方锅黑色1
532641,99.0,格来德（Grelide）WWk-1801K1.8L保温电水壶1
646197,199.0,美的（Midea）电磁炉整版触æ家用全自动不锈钢面包机涡轮动力时预约）12-I紫砂电炖锅3.8L1
963588,199.0,九阳ï499.0尚朋堂（Sunpentown）YS-OT3613电烸锅微电脑版智能空气炸锅电炸锅ECF-301R（经典黑）1
1112142,399.0,奥克斯（AUX）HX-PB1058全食物全营养多功能破壁料理机调理机©保鲜带，小型1
1058409,1898.0,LGMH6343é5249.0荣五µ陶炉红色1
1233121,799.0,SKGSKG4625空气炸锅3L电炸锅无油炸锅1
139208,188.0,ç1
738481,399.0,松下（Panasonic）SR-CCé358.0汉美é¬§慕（nathome）咖啡机滴漏式咖啡煮茶机NKF6007黑色1
1038832,599.0,松下（Panasoni¼Joyoung）JYY-50YL1多功能电压力锅5L実家用电烤炉nghi）BCO410家用办公室泵压滴滤意式美式咖啡机1
926272,239.0,九阳（Joyoung）C21-SC001超薄整板触摸电磁炉灶（赠汤锅+炒锅）1
1832014,299.0,九阳（Joyoung）压力锅JYY-20M1迷你智能预约电压力煲1
727463,59.0,德尔（Deer)JC6888榨橙汁机家用电动柠檬西柚压汁机1
1676506,249.0,依立（yili）MagicA480紫砂电炖锅4.8L电脑控制预约保温煲汤煲能空气炸锅电炸锅ECF-301R（经典黑）1
1112142,399.0功能3D电火锅,1
1329476,299.0,韩国现代（HYUNDAI）QC-YS1819多功能养生壶煎药壶1.81
1058409,1898.0,LGMH6343é5249.0荣五µ陶炉红色1½瓷电炖锅1
1319498,299.0,利仁（Liven）LR-D3001可拆洗电脑版电饼铛（煎烤机）0松下（Panasonic）SR-CCé358.0汉美é¬§慕（nathomeï½4L电饭煲性价比超强1
1268204,199.0,奔腾（POVOS）FE403绚丽中国红电饭煲指çL1多功能电压力锅5L実家用电烤炉nghi）BCO410家烽咖啡机1
926272,239.0,九阳（Joyoung）C21-SC001超薄整板触摸电磁炉灶（赠汤锅+¿触摸电磁炉灶（赠汤锅+炒锅）1
1832014,299.0,九é你智能预约电压力煲1
727463,59.0,德尔（Deer)JC6888榨橙汁机家用电动柠æ榨橙汁机家用电动柠檬西柚压汁机1
1676506,249.9.0,欧博(OPO)FX12-S104电子茶盘泡茶机电磁炉茶盘电茶壶自动上水电热水壶茶具套装三合一烧水壶金色1
1645370,149.0,美的（Midea）料理搅拌机大口径榨汁机家用多功能原汁机WJE25G16（榨汁机）1
20608998.0,LG,MH6343é5249.0荣五µ陶炉红色1½瓷电炖锅0-D3001可拆洗电脑版电饼铛（煎烤机）0松下（Panasonic）SR-CCé358.0汉美驉sonic）SR-CCé358.0汉美é¬§慕（nathomeï½4L电饭煲P2腾（POVOS）FE403绚丽中国红电饭煲指çL1多功能电压力锅5L実家用电烤炉8421299.0志高（CHIGO）C20L-NLC02电磁炉1
1329365,199.0,东菱（Donlim）DL-KE10玻璃电热水壶1.7L1
877689,299.0,美的（Midea）电热水瓶大容灶（赠汤锅+炒锅）1
1832014,299.0,九é你智能预ç3¼Deer)JC6888榨橙汁机家用电动柠æ榨橙汁机家用电动柠檬西柚压汁机40用电动柠檬西柚压汁机1
1676506,249.9.0,欧博(OPO)FXµ磁炉茶盘电茶壶自动上水电热水壶茶具套装三合一烧水壶金色1
164537016一烧水壶,金色,1
1645370,149.0,美的（Midea）料理æ能原汁机WJE25G16（榨汁机）1
20608998.0,LG,MH6343é5249.0荣五µ陶炉红色1½°´5249.0荣五µ陶炉红色1½瓷电炖锅0-D3001可拆æ0松下（Panasonic）SR-CCé358.0汉美驉sonic）SR-CCé358.0汉美é¬§慕（nathome能高压电饭煲CCRP-G1021MP5L（粉色）1
977716,99.0,小熊（Bear）DDZ-108TA电炖锅电炖盅BB煲0.8L1
1204599,1299.0,九阳（Joyoung）JYZ-V3立式原汁机低速榨汁机家用婴儿果汁机(汁渣分离)1
1221972,79.0,科顺（KESUN）CG602磨粉机咖啡磨豆机研磨机1
1350819,349.0,奔腾（POVOS）FN505四位数码显示电饭煲不锈钢煲身1
﻿
