9637,9800.0,西门子（SIEMENS）TE501803CN,原装进口,全自动咖啡机(黑色),1
902994,599.0,美的（Midea）微波炉微电脑下拉门智能隐藏式EG7XCGW6-NA,,1
1136193,149.0,利仁（Liven）电饼铛煎烤机薄饼铛,LRT-313F,1
1445127,299.0,苏泊尔（SUPOR）电蒸锅ZN28YK807,1
1585672,109.0,华迅仕（Fxunshi）MD-401家用不锈钢烤面包机多士炉早餐机,黑色,1
1585668,129.0,华迅仕（Fxunshi）MD-401家用不锈钢烤面包机多士炉早餐机,红黑色,1
1231103,299.0,澳柯玛（AUCMA）AMB-201,家用全自动馒头面包一体机,1
342345,1498.0,虎牌（tiger）JBA-S10C,电饭煲国内3L,,1
986904,199.0,小熊（Bear）电蒸锅DZG-240GA不锈钢多功能锅,4L,1
1010109,1390.0,意大利德龙（Delonghi）胶囊咖啡机Genio星夜银EDG466.S,1
1010111,1690.0,意大利德龙（Delonghi）胶囊咖啡机Melody星夜银EDG626.S,1
1101131,219.0,小熊（Bear）DDZ-125TB,电炖锅,电炖盅,一锅四胆,双层外壳,2.5L,1
1982314,799.0,格兰仕（Galanz）G90F25CN3L-C2(G1),25升900瓦快速加热,智能微波炉/快波炉,京东微联APP控制,1
1308786,488.0,九阳（Joyoung）豆浆机全钢免滤多功能豆浆机DJ13B-C668SG（可预约）,1
252693,169.0,格兰仕（Galanz),KA3055,悬浮式多功能电饼铛,1
1231104,659.0,虎牌（Tiger）JBA-B10C,电饭煲国内3L,,1
420695,299.0,北美电器（ACA）AB-P10F,小清新面包机,全自动家用,1
1321721,298.0,飞利浦（PHILIPS）HD4826/92烤面包机,1
1352517,299.0,奔腾（POVOS）CG2138,超薄技术电磁炉,第五代滑动触摸,1
497583,988.0,韩国福库（CUCKOO）多功能电烤盘,CCG-101M,(黑色),1
273198,529.0,依立（Yili),KSC48-I,紫砂电炖锅4.8L,1
660577,79.0,华迅仕（Fxunshi）MD-208A,美式咖啡机,自动保温,1
849839,388.0,灿坤（EUPA）,TSK-2742G,多功能铁板烧,（大理石不粘烤盘）,1
1204672,159.0,利仁（Liven）分体式多功能,电火锅HG-F4303,（枣红色）,1
1162131,199.0,美的（Midea）WDE12F43,多功能双层无网智能保温豆浆机,1
1399909,499.0,九阳（Joyoung）DJ13B-D79SG植物奶牛双预约多功能豆浆机双预约系统（可预约温度和时间）,1
1204660,99.0,利仁（Liven）HG-F4283,分体=式多功能,电火锅（枣红色）,1
1204658,339.0,利仁（Liven）电饼铛,,一键可拆洗“带圈”电脑版,LR-A434A（煎烤机）,1
1162136,89.0,苏泊尔（SUPOR）电水壶电热水壶SWF15E06A-180,1
1109124,799.0,亨博（hengbo）,HB-680,电热烧烤炉,家用无烟烤肉机,铁板牛排电烤炉,杜邦不粘大烤盘,电饼铛可商用,1
1204592,99.0,九阳（Joyoung）DFH-8K601多功能电饭盒保温电热电子饭盒（双层不锈钢内胆）,1
1010200,199.0,灿坤（EUPA）,TSK-8219YG,鸳鸯电火锅,1
1732812,699.0,格兰仕（Galanz）G80F23YCN3L-C3(R0),微波炉,1
1041370,14999.0,飞利浦（PHILIPS）HD8856/05全自动浓缩咖啡机带有集成式储奶容器,1
1041369,19987.0,飞利浦（PHILIPS）HD8854/15全自动浓缩咖啡机带有集成式储奶容器,1
854174,199.0,天际(TONZE)DGD–23GWG电炖锅电炖盅2.3L1锅4胆,1
1300962,299.0,小熊（Bear）养生壶YSH-A18D1玻璃电水壶,喷泉淋浴1.5L,1
1259387,339.0,美的（Midea）面包机烘焙品质多功能液晶屏大容量ESC2000,1
481296,539.0,意大利德龙（Delonghi）KG49,家用电动咖啡豆,磨豆机可调节研磨粗细,1
481480,69.0,灿坤（eupa)TSK-1948A,多功能茗茶咖啡机,,(红色),1
948243,1199.0,摩飞（Morphyrichards）,MR1322-D,英国,全自动家用多功能面包机,1
1629709,1599.0,九阳（Joyoung）DJ13B-D86SG,破壁免滤多功能豆浆机免滤系列,1
730989,199.0,天际(TONZE)DDG-W340MT电炖锅煲汤锅4L,1
730990,69.0,天际(TONZE)DZG-W405E煮蛋器蒸蛋器5个蛋,1
730992,159.0,天际(TONZE)ZZG-W520T电炖锅煮粥锅2L,1
1214660,99.0,华迅仕（Fxunshi）MD-802,手摇磨豆机,1
2098731,299.0,飞利浦（PHILIPS）HD7435/20,咖啡机,玻璃壶,黑色和金属色,1
839705,139.0,小熊（Bear）DFH-S263,,多功能蒸煮电热饭盒,加热保温饭盒,2L,1
729211,209.0,飞利浦（Philips）HD9312/00保温电水壶双层防烫不锈钢内胆,1
1292632,1988.0,虎牌（Tiger）JAY-A55C,迷你型电饭煲,1
1162551,119.0,小熊（Bear）DRG-C1203,电煮锅,彩钢双层多功能电火锅电热锅,1
1292631,868.0,虎牌（Tiger）PCA-T08C,不锈钢电水壶,1
1353426,399.0,小熊（Bear）YZJ-A02D1,原汁机,慢速榨汁机,果汁机,1
1353423,299.0,小熊（Bear）DDZ-A35G1,电炖锅电炖盅,一锅五胆双层外壳,3.5L,1
513635,2399.0,北美电器（ACA）AB-PN6810,全自动面包机,彩钢自动投果料撒酵母,1
1003109,299.0,飞利浦（PHILIPS）HD9910/20Airfryer空气炸锅煎鱼盘附件,1
1003111,499.0,飞利浦（PHILIPS）HD2068/03豆浆机,1
1169947,399.0,九阳（Joyoung）DJ12B-D61SG植物奶牛全钢多功能豆浆机（孕婴辅食）,1
1169948,699.0,九阳（Joyoung）DJ13B-D82SG全钢多功能豆浆机免滤系列（孕婴辅食）,1
1452674,199.0,荣事达（Royalstar）养生壶煎药壶1.8L玻璃电水壶20大功能YSH1819中药壶煮茶,1
1232194,499.0,飞利浦（PHILIPS）CA6500/61,打奶器,奶泡器,1119.0,小熊（Bear）DRG-C1203,电煮锅,彩钢双层多功能电火锅电热锅,1
1292631AB-SN6513N,不锈钢面包机,全自动家用,1
641791,39.0,北美电器）YZJ-A02D1,原汁机,慢速榨汁机,果汁机,1
1353423,299.0,小熊（Bear）DDZ-A35G1,电炖锅ç（Bear）DDZ-A35G1,电炖锅电炖盅,一锅五胆双层外壳,¾®¼ACA）AB-PN6810,全自动面包机,彩钢自动投果料撒酵母,1
1003109,299.0,飞利浦（PH43,1
1003109,299.0,飞利浦（PHILIPS）HD9910/20Airfryer空气燤紫砂碗,1
1344918,169.0,小熊（Bear）JDQ-C04T1,双筒煎蛋器,可拆底鸡蛋杯,早餐蛋卷机,1
1284622,399.0,苏泊尔（SUPOR）电饼铛JC32A822-130火红点,1
183502,1588.0,虎牌（tiger）JAG-A10C,电饭煲国内3L,1
677718,99.0,美的（Midea）å­婴辅食）,1
1452674,199.0,荣事达（Royalstar）养生ou§功能YSH1819中药壶煮茶,1
1232194,499.0,飞利浦（PHILIPS）CA6500/61,打奶器,奶泡å5）CA6500/61,打奶器,奶泡器,1119.0,小熊（Bear）DRG-C12,èµ火锅电热锅,1
1292631AB-SN6513N,不锈钢面包机,全自动家用,1
641791,39.0,北美ç239.0,小熊（Bear）电蒸锅DZG-B80A1不锈钢多功能锅8L,9.0,小熊（Bear）DDZ-A35G1,电炖锅ç（Bear）DDZ-A35G1,电炖锅电炖盅,一锅五胆浔µ炖锅电炖盅,一锅五胆双层外壳,¾®¼ACA）AB-PN6810,æ料撒酵母,1
1003109,299.0,飞利浦（PH43,1
1003109,299.0,飞利浦（PHILIPS）HD9910/å£利浦（PHILIPS）HD9910/20Airfryer空气燤紫砂碗,1
13Royalstar）养生壶煎药壶1.8L玻璃电水壶20大功能YSH18Q,1
2073515,1498.0,美的（Midea）空气炸锅,面包机套装,1
1223119,199.0,九阳（Joyoung）JK-2828K01多功能电饼铛家用煎烤机双面悬浮烙饼机,1
1108249,219.0,荣事达（Royalstar）养生壶煎药壶YSH15P中药壶煮茶,1
1240444,398.0,格兰仕（Galanz）MB15001,全自动面包机,可预约,12种菜单,1
885961,499.0,汉美驰（Hamilton,Beach）49981-CN,精英式咖啡机,免滤纸滴漏式牒¢面包机,全自动家用,1
641791,39.0,北美ç239.0,小熊（Bear）电蒸锅DZG-B80A1不锥¼ear）DDZ-A35G1,电炖锅电炖盅,一锅五胆浔µ炖锅电炖盅,一锅五胆双层外壳,¾®¼ACA）AB-PN6810,æ料撒酵母,1
1003109,299.0,飞利浦（PH4316,1199.0,松下（Panasonic）,SD-P103,面包机,1
949412,58.0,荣事达（Royalstar）,RBC-15M,母婴,白瓷电炖锅,1
1188078,179.0,荣事达（Royalstar）养çIPS）HD9910/20Airfryer空气燤紫砂碗,1
13Royalstar）108.0,依立（Yili),LLB06-A,BB煲,紫砂电炖锅,0.6L,1
1500480,499.0,九阳（Joyoung）豆浆机多功能免滤豆浆机DJ13B-C662SG（婴儿辅食、豆花ï面悬浮烙饼机,1
1108249,219.0,荣事达（Royalstar）养生壶煎药壶YSH15P中药壶ghi）ICM14011.W,滴滤式咖啡机咖啡壶咖啡浓度调节,1
20º,可预约,12种菜单,1
885961,499.0,汉美驰（Hamilton,Beach）49981-CN,精英式咖啡机Hh）49981-CN,精英式咖啡机,免滤纸滴漏式牒¢面包机＾ç239.0,小熊（Bear）电蒸锅DZG-B80A1不锥¼ear）DDZ-A35G1,电炖锅电炖盅,一锅五ç1,电炖锅电炖盅,一锅五胆浔µ炖锅电炖盅,一锅五SL0,æ料撒酵母,1
1003109,299.0,飞利浦（PH4316,1199.0,松下（Panasonic）,SD-P103,面±¤下（Panasonic）,SD-P103,面包机,1
949412,58.0,荣事达（L,1
600191,79.0,天际(TONZE)DDG-W330N电炖锅煲汤锅3L,1
1207139,299.0,汉美驰（Hamilton,Bea910/20Airfryer空气燤紫砂碗,1
13Royalstar）108.0,依立ï利仁（Liven）,LRT-330A,电饼铛,花开吉祥,1
1260790,499.0,九阳（Joyoung）豆浆机免滤全钢多功能DJ13B-C656SG（双层全钢杯体）,1
1605352,379.0,美的（Midea）HC13N61,生磨免滤多功能豆浆机,1
1260786,199.0,利仁（Liven）分体多功能电火锅HG-F422LA,1
522367,188.0,九阳（Joyoung）JYZS-M3525紫砂锅3.5L电炖锅多功能紫砂煲（炖盅煲粥）,1
1260780,199.0,利仁（Liven）电火锅HG-F422BA,（分体不锈钢多功能火锅）,1
279570,1699.0,松下（Panasonic）SD-P205,面包机,1
1477639,1680.0,摩飞（Morphyrichards）家用办公室泵压滴漏意式美式二合一咖啡机MR4625,1
113844316,1199.0,松下（Panasonic）,SD-P103,面±¤下（Panasonic）,SD-P103,面包机,1
949412,58.ZE)DZG-40AD电蒸锅电热锅双层4L,1
600192,88.0,天际(TONZE)DD锅3L,1
1207139,299.0,汉美驰（Hamilton,Bea910/20Airfryer空气燤紫砂碗,1
13Royalstar）甔燤紫砂碗,1
13Royalstar）108.0,依立ï利仁（Liven）¨æ260790,499.0,九阳（Joyoung）豆浆机免滤全钢多功能DJ13B-C656SG（双层全钢杯䒸DJ13B-C656SG（双层全钢杯体）,1
1605352,379.0,美的（®锅,（不锈钢）,1
740227,399.0,飞利浦（Philips）豆浆机多功能无网粉碎HD2072/01,1
1076740,4999.0,飞利浦（PHILIPS）HD8762/07Saeco全自动咖²（炖盅煲粥）,1
1260780,199.0,利仁（Liven）电火锅HG-F422BA,（分体不锈钢多劼,1
1319505,299.0,利仁（Liven）LR-J3002,可拆洗悬浮式多å
1477639,1680.0,摩飞（Morphyrichards）家用办公室泵压滴漏意式美式二合一咖喧胆鸳鸯电火锅,1
1237848,299.0,美的（Midea）豆浆机多功能双磨运作WHC12X41,,,1
1213867,720.0,意大利德龙（Delonghi）CTO2003.VGR,家用多士炉吐司机烤面包机,不锈钢防尘盖（绿）,1
740183,369.0,飞利浦（Philips）豆浆机多功能无网粉碎HD2061/01,1
1019638,139.0,现代,（HYUNDAI）养生壶多功能钢化玻璃触摸煎药电水壶1.8L粉红BD-YS1801,1
931283,699.0,九阳（Joyoung）DJ11B-D616SG倍浓植物奶牛全钢小奶牛多功能豆浆机,1
1443618,499.0,松下（Panasonic）NN-GM333W,微波çhilips）豆浆机多功能无网粉碎HD2072/01,1
1076740,4999.0,飞利浦（PHILIPS）HD8762¨0,飞利浦（PHILIPS）HD8762/07Saeco全自动咖²（炖盅煲OR）空气炸锅AF10G01-128,1
973495,159.0,荣事达（Royalstar）RD-700T,全自动豆浆机全é,利仁（Liven）LR-J3002,可拆洗悬浮式多å
1477639,16）CQE-A11C,多功能料理锅,1
1252539,599.0,天际(TONZE)DGZN18-18QWG电炖锅电炖盅云智能1锅,1
1237848,299.0,美的（Midea）豆浆机多功能双磨迸©¤§利德龙（Delonghi）CTO2003.VGR,家用多士炉吐司机烤面包机,不锈钢防尘盖（炉¢包机,不锈钢防尘盖（绿）,1
740183,369.0,飞利浦ï£粉碎HD2061/01,1
1019638,139.0,现代,（HYUNDAI）养生壶多功能钢化玻璃触摸煎药甉电水壶三层保温时尚炫彩进口温控电热水壶W12E03A1ï16SG倍浓植物奶牛全钢小奶牛多功能豆浆机,1
1443618,499.0,松下（Panasonic）N²,618,499.0,松下（Panasonic）NN-GM333W,微波çhilips）豆º1,1
1076740,4999.0,飞利浦（PHILIPS）HD8762¨0,飞利浦（PHILIPS）HD8762/07Saeco全自动èLIPS）HD8762/07Saeco全自动咖²（炖盅煲OR）空气炸YHG-150C,4L韩式多用锅电火锅炒菜煲汤锅,1
1221871,1198.0,格兰仕（Galanz）HCV-83201n）LR-J3002,可拆洗悬浮式多å
1477639,16）CQE-A11C,多
1221865,269.0,格兰仕（Galanz）L1,电磁炉整版触控,智能电脑型,黑晶面板,1
755004,109.0,美乐家（melitta）便携式咖啡过滤器及陶瓷杯套装（红色）,1
779158,299.0,美的（Midea）,W12PCS505E,一锅双胆多功能电脑版智能电压力锅5L（24小时预约）,1
539068,158.0,北欧欧慕（nathome）咖啡机滴漏式咖啡煮茶机NKF6002,黑色,1
799065,168.0,依立（Yili）,DZ55D18,紫砂隔水电炖盅,1.8L,1
799069,469.0,天际(TONZE)DGD-18EG电炖锅电炖盅1.8L1锅4胆,1
739422,69.0,奥克斯（AUX）电饭煲3L电饭锅WDF30-10B,1
622971,268.0,美的（Midea）MG25NF-ARF,电烤箱,25升,发酵功è2¨0,飞利浦（PHILIPS）HD8762/07Saeco全自动èLIPS）HD8762/07Saeco全自动咖²（炖ç¶炉电磁炉远红外炉DTL21B1,,1
1389358,59.0,龙力,(LONGLI)¯拆洗悬浮式多å
1477639,16）CQE-A11C,多
1221865,269.0,格兰仕（Galanz）L1,电磁炉整版触控,智能电脑型,黑晶面板,1
755004,109.0,美乐）DGJ0701AK紫砂电炖锅0.7L,1
1398265,1299.0,韩国福库（CUCKOO）多功能高压电饭煲,CRP-G1088MR,5L（红色）,1
158007,299.0,格兰仕（Galanz）微波炉,P70D20TP-C6（WO）20L,1
1803670,790.0,德龙（Delonghi）奶泡机,EMF2.W,1
1099655,399.0（24小时预约）,1
539068,158.0,北欧欧慕（nathome）å31SG（密闭低音研磨）,1
1221973,169.0,科顺（KESUN）HM502,手持多功能电动料理机,打蛋器,和面机,烘培首选,搅拌机,坐式两用机,1
17奥克斯（AUX）电饭煲3L电饭锅WDF30-10B,1
622971,268.0,美的（Midea）MG25NF-ARF,电升900W，食品级不锈钢内胆,1
1319051,699.0,飞利浦（PHILIPS）手持式料理机搅拌机无极变速多配件HR1672/94,1
999879,399.0,尚朋堂（尚朋堂）,YS-RC4037FE,智能全塑电饭煲,新品特价,1
1168455,1C,多
1221865,269.0,格兰仕（Galanz）L1,电磁炉整版触控,智能电脑型,黑晶面板
1389502,89.0,柏翠（petrus）面包机专用配件冰淇淋功能内桶ZP-020,,1
966143,269.0,九阳（Joyoung）JYK-50P02电热水瓶5L家用烧水壶不锈钢三段保温电水壶,1
250189,499.0,依立（Yili),DZ08A25,紫砂隔水炖盅,2.5L,1
250191,599.0,依立（Yili）,DZ08A35,紫砂隔水电炖盅,3.5L,,1
250182,99.0,依立（Yili),KSC25-2,紫砂电炖锅,1
733141,1299.0,飞利浦（Philips）HD7751/00,自动磨豆一体式咖啡壶,1
1363941,299.0,美的（Midea）料理搅æ面机,烘培首选,搅拌机,坐式两用机,1
17奥克斯苏泊尔（supor）CYYB40YA10-90,电压力锅,4L一锅双胆！,1
1657909,199.0,苏泊尔（SUPOR）CYYB40YA10C-90,电压力锅,1
1183278,179.0,海尔（Haier）电磁炉六大烹饪八档火力C21-H1202（送双锅刀具四件套）,1
1043043,1180.0,海氏（H37FE,智能全塑电饭煲,新品特价,1
1168455,1C,多
122186½磁炉整版触控,智能电脑型,黑晶面板
1389502,89.0,柏翠（petrus）面包机专用é536.0,奔腾（POVOS）LE605,四位数码显示电压力锅,九大JYK-50P02电热水瓶5L家用烧水壶不锈钢三段保温电水壶,1
250189,499.0,依立（Yil°´焗功能,1
305262,899.0,松下（Panasonic）NC-PS35,咖啡机,1
878487,699.0,松下（Panasonic）,NT-DP1-W,面包机多士炉,1
912913,199.0,美的易酷客（EasyCooker）YN161B迷你电饭煲,1
965162,98.0,荣事达（Royal¡壶,1
1363941,299.0,美的（Midea）料理搅æ面机,烘培首选,搅拌机,坐式两用机力锅高压锅CYSB50FC818-100鲜呼吸球釜内胆,1
888600,1980.锅双胆！,1
1657909,199.0,苏泊尔（SUPOR）CYYB40YA10C-90,电压力锅,1
1183278,179.0,æ电压力锅,1
1183278,179.0,海尔（Haier）电磁炉六大ç9刀具四件套）,1
1043043,1180.0,海氏（H37FE,智能全塑电饭煲,新品特价,1
116845åµ饭煲,新品特价,1
1168455,1C,多
122186½磁炉整版触¸菱（Donlim）,BM-1230,家用全自动不锈钢面包机,1
1346782,49.0,东菱（Donlim）厨房电子秤,烘培电子秤,DL-X01,1
1432347,179.0,荣事达（Royalstar）养生壶煎药壶1.5L玻璃电水壶YSH1519,1
1797623,998.0,美的（Midea）微波炉M3-L239B银色&电烤箱T1-L101B组合套装,1
608815,269.0,美的（Midea,）豆浆机多功能智能保温X12M52,,1
1595429,149.0,美的（Midea）电水壶无缝内胆全钢电热水壶WHJ1702b（烧水壶),1
1884122,149.0,奥克斯（AUX）电饭煲4L多功能智能预约电饭锅FY-J40P1,1
1181987,890.0,意大利德龙（SB50FC818-100鲜呼吸球釜内胆,1
888600,1980.锅双胆！,水,1
2194386,119.0,九阳（Joyoung）电水壶智能保温双层全钢1.7L电热水壶K17-FW22,1
183278,179.0,海尔（Haier）电磁炉六大ç9刀具四件咢¹价,1
1168455,1C,多
122186½磁炉整版触¸菱（Donlim）,BM-1230,家用全自动不锈钢面包机,1
1346782,49.0,东菱（Donlim）厨房电子秤,烘培＝¢包机,1
1346782,49.0,东菱（Donlim）厨房电子秤,烘培电子秤,DL-X01,1
1432347,179.¦唵子秤,DL-X01,1
1432347,179.0,荣事达（Royalstar）养生å519,1
1797623,998.0,美的（Midea）微波炉M3-L239B银色&电烤箱T1-L101B组合套装,1
600䃤箱T1-L101B组合套装,1
608815,269.0,美的（Midea,）豆æ
1595429,149.0,美的（Midea）电水壶无缝内胆全钢电热水壶WHJ1702b（烧水壶),1
1水壶WHJ1702b（烧水壶),1
1884122,149.0,奥克斯（AUX）çC,活水电水壶1.5L,玻璃电热水壶,1
375819,199.0,小熊(Bear）SNJ-5311,多功能米酒酸奶机,(不锈钢内胆),1000ml（紫色）,1
375830,109.0,小熊(能保温双层全钢1.7L电热水壶K17-FW22,1
183278,179.0,海尔（Haier）电磁炉六大ç-°（Haier）电磁炉六大ç9刀具四件咢¹价,1
116845煮蛋器,蒸蛋器,5个蛋,不锈钢蒸碗,1
1043683,2180.0,惠人（HUROM）HU-400BK-PLUS原汁机低速榨汁机,1
523602,16900.0,意大利德龙（Delonghi）ESAM4500.S全自动咖啡机自动打奶泡,,整机欧洲原装进口,1
647257,99.0,美的（Midea）电饭煲,3L/3升,迷你小容量自动电饭锅,YJ308J,,1
647260,109.0,美的（Midea）电饭煲,4L/4升,自动电饭锅,YJ408J,1
523597,199.0,意大利德龙(DeLonghi),全自动咖啡机除垢剂,（100ml*2）,1
1855820,399.0,苏泊尔（SUPOR）MG20Z08全自动家用面包机自动投料58分钟快速模式,1
1749714,169.0,奔腾（POVOS)电磁炉280度爆炒电磁灶C20-PH96T（送汤锅）,1
1168051,499.0,美的（Midea）,T3-L323B,电烤箱,32L,炉灯,热风对流,上下独立控温,1
480909,499.0,美的（Midea）,FS4015,4L/4升,三维立体加热,智能电饭煲,1
481009,749.0,德国博朗（Braun）WK300,电热水壶,自动断电烧开水壶,防烫煮水壶（白色）,1
1160302,2980.0,海氏（Hauswirt）,HM790,和面机,高端专业厨师机,家用揉面机,1
1230261,19999.0,西门子（SIEM
523602,16900.0,意大利德龙（Delonghi）ESAM4500.S全自å54,239.0,小熊（Bear）,MBJ-120AB,全自动面包机,20项智能菜单,1000g,1
1370971,938.0,柇,迷你小容量自动电饭锅,YJ308J,,1
647260,109.0,美的ï顺（KESUN),MC701,料理机,绞肉机,碎菜机,1
1494336,199.0,小熊（Bear）KFJ-A12Z1美式¨咖啡机除垢剂,（100ml*2）,1
1855820,399.0,苏泊尔（Enaiter）EB-FCK48A,4L简爱系列可预约电脑版,多功能智能电饭煲,1
1043581,699.0,美的（Midea）电饭煲,4L/4升,气动涡轮IH电磁加热多功能智能电饭锅,FS4088,,,1
983913,99.0,荣事达（Royalstar）DY-20B,全自动豆芽机培育芽苗机,1
1001379,89.0,荣事达（Royalstar）电水壶6升大容量家用商用JY60C2,,,1
1122148,79.0,志高（CHIGO）,ZD18A-822G8,1.8L,电水壶,电热水壶,1
1035839,129.0,美的（Midea）电水壶双层保温彩钢水壶进口温控电热水壶H215E4b(烧水壶),1
631845,88.0,长帝（changdi）TB12,12升家用快捷加热,烧烤电烤箱,1
1152668,499.0,美的（Midea）,HST210面包机,20项智能菜单,1000g,1
1370971,938.0,柇,迷你小容量自动电饭锅,YJ308J,,1§殹量自动电饭锅,YJ308J,,1
647260,109.0,美的ï顺（KE9.0,小熊（Bear),JDQ-C3011,电煎锅煎蛋器,（黄色）,1
127239,79.0,利仁（Liven）BC-11è¤垢剂,（100ml*2）,1
1855820,399.0,苏泊尔（Enaiter电脑版,多功能智能电饭煲,1
1043581,699.0,美的（Midea）电饭煲,4L/4升,气动涡,1）电饭煲,4L/4升,气动涡轮IH电磁加热多功能智能ç£事达（Royalstar）DY-20B,全自动豆芽机培育芽苗机,1
1001379,89.0,荣事达（Royal¢ä01379,89.0,荣事达（Royalstar）电水壶6升大容量家ç高（CHIGO）,ZD18A-822G8,1.8L,电水壶,电热水壶,1
1035839,129.0,美的（Midea）电水åI,3500,W无包边,德国米技炉,电陶炉（北京、上海、æ,1
631845,88.0,长帝（changdi）TB12,12升家用快捷加热,烧烤电烤箱,1
1152668,499.0,1
391724,199.0,奔腾（POVOS）电饭煲方形电脑智能预约电饭锅PFFN3003T(3L/3升),1
1199992,129.0,奔腾（POVOS）电水壶食品级304不锈钢快速¨电饭锅,YJ308J,,1
647260,109.0,美的ï顺（KE9.0,小熈Haier）电磁炉彩板纤薄智能触摸面板C21-B2126（赠汤锅+炒锅）,1
1308565,199.0,海（100ml*2）,1
1855820,399.0,苏泊尔（Enaiter电脑版,H2,699.0,美的（Midea）电饭煲,4L/4升,气动涡,1）电饭煲,4L/4升,气动涡轮IH电磁å9.0,小熊（Bear）MBJ-120AA,面包机,全自动,自动撒果料,全钢,1
391736,1790.0,韩国福库（CUCKOO),多功能高压电饭煲,CCRP-G1052FG,5L（金色）,1
1328042,299.0,苏泊尔（SUPOR）电炖锅DG40YC807,1
1328041,199.0,苏泊尔（supor）豆浆机DJ13B-W41GE,1
1090627,499.0,美的（Midea）,M1-L236A红色,微波炉,大容量,平板,,1
1182712,299.0,飞利浦（Philips）电饭煲电饭锅智能预约4L,HD3148/21,1
1328030,199.0,苏泊尔（SUPOR）榨汁机料理机4合1功能ZS43-250,1
1220850,139.0,九阳家用多功能电火锅不粘电炒锅韩式电煮锅JK-45H02,1
964748,169.0,美的易酷客（EasyCooker）EB-YN201B迷你电饭煲,1
964737,499.0,飞利浦（PHILIPS）HD2079/01豆浆机,1
1167640,599.0,美的（Midea）电饭煲,4L/4升,,,IH电磁加热,触摸操控,智能电饭锅FS4089,,,1
1167634,499.0,美的（Midea）,T3-L324B,电烤箱,32L,炉灯,旋转烤叉,热风对流,上下独立控温,1
662421,599.0,美的（Midea）EG7KCGW2-NW,微波炉,微电脑,光波炉烘焙烧烤,,1
1161131,88.0,美的（Midea）电水壶双层隔热无缝全钢电热水壶WH415E2g（烧水壶),1
930143,288.0,依立（yili）,TB57C10,紫砂电炖锅,1.0L,1
515272,139.0,北欧欧慕（nathome）电水壶保温不锈钢热水壶NSH0801,薄荷蓝,1
964810,159.0,利仁（Liven）,DHG-40FH,电火锅,红色,1
964813,2280.0,惠人（HUROM）HU-780WH原汁机低速榨汁机,1
1277651,159.0,北美电器（ACA）AHB-235C,手持搅拌器,婴儿辅食料理机,打蛋器,1
868522,499.0,富鲜（FoodSaver）,169.0,美的易酷客（EasyCooker）EB-YN201B迷你电饭煲,1
964737,499.0,飞利浦（PHILIP¼DKX-230UB,电烤箱,旋转烤叉,发酵解冻,30L,1
740858,498.0,4L/4升,,,IH电磁加热,触摸操控,智能电饭锅FS4089,,,1
1167634,499.0,美的（Mideaïi
1167634,499.0,美的（Midea）,T3-L324B,电烤箱,32L,炉灯³¢¬立控温,1
662421,599.0,美的（Midea）EG7KCGW2-NW,微波炉,微电脑,光波炉烘焙烧烒¢微电脑,光波炉烘焙烧烤,,1
1161131,88.0,美的（Mideaï电热水壶WH415E2g（烧水壶),1
930143,288.0,依立（yili）,TB57C10,紫砂电炖锅,1.0L,1°´壶NSH0801,薄荷蓝,1
964810,159.0,利仁（Liven）,DHG-40FH,电火锅,红色,1
964813,2280.0,惠人（HUROM）HU-780WH原汁机低速榨汁机,1
1277651,159功能高压锅5L,HD2103/03,1
1502512,99.0,荣事达（Royalstar）YSH32A,养生煎药壶,养生壶,中药壶,电药锅,煎药器,1
1766481,109.0,美的（Midea）电饭煲,3L/3升,迷你豪华自动电饭锅,MB-WYJ301,,1
7999001B迷你电饭煲,1
964737,499.0,飞利浦（PHILIP¼DKX-230UB,电烤箱,旋转烤叉,发酵觅çµ烤箱,旋转烤叉,发酵解冻,30L,1
740858,498.0,4L/4升²电饭锅电饭煲3L,1
1230742,219.0,飞利浦（Philips）电饭煲电饭锅智能预约3L,HD3147/21,1
799923,398.0,天际(TONZE)DGD-40F电炖锅煲汤锅4L,1
137KCGW2-NW,微波炉,微电脑,光波炉烘焙烧烒¢微电脑,光波炉烘焙烧烤,,1
1161131,8¨（ACA）ATO-BCRF32,32L,多功能专业家用烘焙电烤箱,1
287212,79.0,美的（Midea）电水壶全钢水壶优质温控大功率电热水壶12S03E1M(烧水壶),1
306347,998.0,德国博朗（Braun）KF560,美式咖啡机,家用全自动滴漏式,泡茶煮咖啡,1
939694,299.0,飞利浦（PHILIPS）,HR1823/70,榨汁机,1
1230703,1999.0,苏泊尔（SUPOR）电压力锅高压锅CYSB50FHµ药锅,煎药器,1
1766481,109.0,美的（Midea）电饭煲,3L/3升,迷你豪华自动电饭é¯用,两件套,1
1230705,159.0,苏泊尔（Supor）电火锅H30FK81-136,1
112566,99.0,格兰仕(Galanz)多用电热锅CFK-120AG（火锅，蒸，煮，炖，炒Ｌ烤叉,发酵解冻,30L,1
740858,498.0,4L/4升²电饭锅电éC806-26,1
376581,339.0,美的（Midea),SYH28-21,多功能不锈钢电蒸锅,1
497923,339.0,格兰仕（Galanz）微波炉P70D2OTL-D4(白色),1
1199784,99.0,北欧欧慕（nathome）NHJ02BP,电动红酒开瓶器,8秒自动开瓶,适用于各种瓶口,1
1405820,799.0,海氏（Hauswirt）和面机厨师机家用电动打蛋器HM质温控大功率电热水壶12S03E1M(烧水壶),1
306347,998.0,德国博朗（Braun）KF560,ç«端下拉门、智能变频微波炉,1
1580963,438.0,格兰仕（Galanz）P70F20CN3P-SR(W0),20L智能微波炉,微电脑、平板,1
1149619,229.0,奔腾（POVOS)狏泊尔（SUPOR）电压力锅高压锅CYSB50FHµ药锅,煎荅),1
1044480,179.0,天际(TONZE)DGD40-40CWD电炖锅煲汤锅4L,1
1254700,289.0,依立（yili）Mag
1230705,159.0,苏泊尔（Supor）电火锅H30FK81-136,1
11256µ脑汤粥煲,电脑隔水炖,1
1166958,109.0,小熊(Bear)JDQ-A01A1,鸡蛋杯,早餐蛋卷机,热狗机,煎蛋煮蛋器,1
136564,119.0,苏泊尔（SUPOR）电火锅,HFK26E-130,1
944828,49.9,立客（LIKE）,GD-135D,（LK-SB006）双层保温电热水壶,1.5L,1
1365381,129.0,小熊（Bear）DFH-C13D1,智能电热饭盒,预¨,8秒自动开瓶,适用于各种瓶口,1
1405820,799.0,海氏（Hauswirt）和面机厨师有,新一代空气能电烤箱,1
1409631,269.0,小熊（Bear）FSJ-A05B1,家用大容量粉碎机,药材五谷杂粮磨粉机研磨机,1
1220073,49.9,荣事达（Royalstar）RD-Q607,双层煮蛋器自动断电蒸蛋器,不锈钢å,微电脑、平板,1
1149619,229.0,奔腾（POVOS)狏泊尔（SUPOR）电压力锅高压锅
654490,459.0,灿坤（EUPA）TSK-1827RA,泵浦式高压咖啡机（红色）,1
944852,239.0,美的（Midea）,WBZS22A,白瓷电炖锅,1
325276,99.0,SKG,S2001A-200,电热水壶,2.0L,1
1105199,229.0,苏泊尔（SUPOR）电饭煲电饭锅CFXB30FC18-60,1
966956,890.0,祈和（KPS）,KS-995,商用多功能沙冰搅拌机,,1
1122622,499.0,美的（Midea）,M1-L236A黑色,微波炉,23升,微电è135D,（LK-SB006）双层保温电热水壶,1.5L,1
1365381,129.0,小熊（Bear）DFH-C13D1,智è,小熊（Bear）DFH-C13D1,智能电热饭盒,预¨,8秒自动å20,799.0,海氏（Hauswirt）和面机厨师有,新一代空气能电烤箱,1
1409631,269.0,小ç½电烤箱,1
1409631,269.0,小熊（Bear）FSJ-A05B1,家用大åª动咖啡机,1
2015452,1899.0,松下（Panasonic）SR-ANM181-K,WIFI链接,IH电磁加热智能电饭煲5L/5升,京东微联APP控制,1
876343,2499.0,松下（Panasonic）,NN-DS581M,蒸汽变频,烤箱微波炉一体机,1
1379151,119.0,美的（Midea）T1-L101B电烤箱10L,,1
195264,699.0,灿坤(EUPA)TSK-1819A高压泵浦式咖啡机,1
1334425,599.0,荣事达（Royalstar）RZ-558B,超级马力破壁机电脑板破壁料理机全营养调理机榨汁机婴儿辅食搅拌机,1
1334430,1S-995,商用多功能沙冰搅拌机,,1
1122622,499.0,美的（Midea）,M1-L236A黑色,微波炉¨豆浆机家用免滤,多功能米糊机双层彩钢防烫,1
1334510,119.0,澳柯玛（AUCMA）ADK-1350H23,不锈钢自动上水电水壶茶具套装,1
1247110,30.FH-C13D1,智能电热饭盒,预¨,8秒自动å20,799.0,海氏ï°一代空气能电烤箱,1
1409631,269.0,小ç½电烤箱,1
1409631,269.0,小熊（Bear）FSJ-,128.0,威的（Vitaland）VL-3006A全自动家用刨冰机碎冰朼SR-ANM181-K,WIFI链接,IH电磁加热智能电饭煲5L/5升,京东微联APP控制,1
876343,249¿果汁机,1
1174788,139.0,天际(TONZE)DGD40-40ZWD电炖锅紫砂é机,1
1379151,119.0,美的（Midea）T1-L101B电烤箱10L,,1
195264,699.0,灿坤(EUPA)TSK-181.0,志高（CHIGO）YBW50-90A6(GZ-2),5L,智能双胆,电压力锅,1
1139853,119.0,九阳（Joyoung）JK-30K09多功能电饼铛家用煎烤机双面悬浮烙饼机,1
1174794,155.0,天际(TONZE)DGD30-30ZWD电炖锅紫砂锅3L,1
1044750,168.0,乐扣乐扣（lock&lock）ELEM-200W自动煎蛋器煮蛋器鸡蛋杯,1
1139857,199.0,九阳（Joyoung）JYF-40FS69,多功能电饭煲4L智能电饭锅（24小时预约）,1
524677,389.0,苏泊尔（SUPOR）电压力锅高压锅CYSB50FD9-100,1
998492,399.0,小熊（Bear）KFJ-202AA,咖啡机,意式蒸汽,可打奶泡,240ml,1
990722,249.0,忠臣（loyola）,LC-EA3S,超大炉盘,电陶炉,无电磁炉辐射,1
665510,238.0,志高(chigo),ZH-389(A）电陶炉,替代电磁炉,1
1061647,1699.0,美的（Midea）电饭煲多功能,IH电磁加热,4L/4升,FZ4085,1
960148,195.0,东菱（Donlim）,DL-T06(A)家用全自动不锈钢面包机,1
12µ烤箱10L,,1
195264,699.0,灿坤(EUPA)TSK-181.0,志高（CHIGO）YBW50-90A6(GZ-2),5L,智能双è½电饼铛家用煎烤机双面悬浮烙饼机,1
1174794,155.0,天际(TONZE)DGD30-30ZWD电炖锅紫砂锅3L,1
1044750,168.0,乐扣乐扣（lock&lock）ELEM-200W載©际(TONZE)DGD30-30ZWD电炖锅紫砂锅3L,1
1044750,168.0,乐æ动煎蛋器煮蛋器鸡蛋杯,1
1139857,199.0,九阳（Joyoung）JYF-40FS69,多功能电饭煲4¢约）,1
742053,179.0,利仁（Liven）LRT-310A,电饼铛,香槟金,1
424614,1890.0,韩国福库（CUCKOO）,CRP-J0851FP,多功能高压电饭煲,3.5L(粉色),1
42ear）KFJ-202AA,咖啡机,意式蒸汽,可打奶泡,240ml,1
990,CRP-HJ0853FR,3.5L（红色）,1
1334673,118.0,科立泰（QLT）QLT-T1218H保温电水壶1.8L,1
424606,3680.0,韩国福库（CUCKOO）IH,多功能高压电饭煲,CRP-HJ0853FG,3.5L（金色）,1
929765,699.0,格兰仕（Galanz),CP18001,电磁多功能锅,1
929762L-T06(A)家用全自动不锈钢面包机,1
12µ烤箱10L,,1
195饿高（CHIGO）YBW50-90A6(GZ-2),5L,智能双è½电饼铛家用煎烤机双面悬浮烙饼机¹煎烤机双面悬浮烙饼机,1
1174794,155.0,天际(TONZE)DG电饭煲,京东微联APP控制,1
386072,178.0,东菱（Donlim）XB-8002,早餐机,多士炉,烤面包机,煎蛋煮蛋器,1
1479894,299.0,北美电器（ACA）AB-BC320,星光版全自动面包机,石锅饭功能,1
533295,149.0,康佳,KDJ-ZN8002,,全自动豆浆机,1
1479875,149.0,小熊（Bear）SNJ-A10K5,微电脑酸奶机,陶瓷八分杯,1
1434932,499.0,苏泊尔（SUPOR）电饭煲电饭锅CFXB40FC28-75全景视窗球釜内胆,1
1209096,129.0,九阳（Joyoung）JYL-C51V多功能料理机家用婴儿辅食果汁机（可榨汁绞肉干磨搅拌）,1
1386622,19999.0,飞利浦（PHILIPS）HD8966/05Saeco全自动意式咖啡机,1
788916,329.0,忠臣（LOYOLA）LO-3OE,30升微电子智能电烤箱,带转叉,1
277101,299.0,科顺（KESUN）SG500,多功能料理机,搅拌机,,1
1060986,179.0,九阳（Joyoung）JYZ-D52营养专业榨汁机,红色果汁机大口径进料汁渣分离营养果蔬免切割,1
1255179,79.0,利仁（Liven）电饼铛大礼包六件套8.0,东菱（Donlim）XB-8002,早餐机,多士炉,烤面包机,煎蛋煮蛋器,1
1479894,299.0,13,1
1140624,169.0,dostyle,EK201,玻璃电水壶,1.7L,1
921140,79.­功能,1
533295,149.0,康佳,KDJ-ZN8002,,全自动豆浆机,1
1479875,149.0,小熊（Bear）SN1
479875,149.0,小熊（Bear）SNJ-A10K5,微电脑酸奶机,陶炉,电陶炉,红色,1
837398,10.8,美乐家（melitta）,1X2醇香咖啡滤纸,（40片装）,1
140胆,1
1209096,129.0,九阳（Joyoung）JYL-C51V多功能料理æ9.0,飞利浦（PHILIPS）咖啡机咖啡壶滴漏式HD7457/20,1
1070829,5399.0,美乐家（melitt）HD8966/05Saeco全自动意式咖啡机,1
788916,329.0,忠臣
1790005,339.0,利仁（Liven）KL-J4300,家用烧烤炉,无烟韩式电烤盘,不粘烤肉锅,1
1140623,149.0,九阳（Joyoung）电磁炉C21-SK805家用简便操作电磁炉（赠汤锅）,1
1185349,599.0,摩飞（Morphyrichards）,MR4658,意式蒸汽咖啡机/咖啡壶,可打奶泡,1
1021099,69.0,格来德（Grelide）,WWK-D1701K,保温1.7L电水壶,1
1185351,999.0,汉美驰（Hamilton,Beach）,49980-CN,单杯/咖啡壶,双模式咖啡机,1
1029814,468.0,摩飞（Morphyrichards）,MR7255,英国,不锈钢电热水壶,月光黄,1
567561,289.0,苏泊尔（supor）,电饭煲,CFXB1°熊（Bear）SNJ-A10K5,微电脑酸奶机,陶炉,电陶炉,ç7itta）,1X2醇香咖啡滤纸,（40片装）,1
140胆,1
1209096,129.0,九阳（Joyoung）JYL-C5汤锅+精铁炒锅）,1
1045083,59.0,德尔（Deer）,DR0802PH,手持打蛋器,电动搅拌机（紫色）,1
1255266,699.0,澳柯玛（AUCMA）AMB-106,家用全自co全自动意式咖啡机,1
788916,329.0,忠臣
1790005,339.0,17RA,泵压式蒸汽咖啡机,1
1868409,199.0,柏翠（petrus）多功能家用面包机PE6188,1
1148951,899.0,贝尔斯顿（Bestday）LLJ-205J,破壁料理机破壞（Morphyrichards）,MR4658,意式蒸汽咖啡机/咖啡壶,可打奶泡,1
1021099,69.0,格杊打奶泡,1
1021099,69.0,格来德（Grelide）,WWK-D1701K,保æIRUSHI）NS-YSH18C-XJ,微电脑多功能电饭煲,日本标准1.8L/国内标准5L,不锈钢棕色,1
646221,499.0,美的（Midea）WT2102,,电磁炉,1
646222,499.0,美的（Midea）,MY-12LS503E,一手开易拆洗,智能电脑版电压力锅5L,1
594178,149.0,灿坤（eupa)TSK-2131MF点心机,1
646212,179.0,美的（Midea）,WSYH26A,不锈钢多功能电蒸锅,两层,大容量,1
646214,118.0,美的（Midea）,JHN30F,电饼铛,多功能双面加热家用煎烤机,1
1148973,2599.0,NUC,原汁机榨汁机搅拌机NF-170,1
769689,199.0,格兰仕(Galanz),CH21203D平板触摸屏双配电磁炉,1
990687,79.0,格来德（Grelide）WWK-D1513,1.5L电水壶,1（petrus）多功能家用面包机PE6188,1
1148951,899.0,贝尔斯顿（Bestday）LLJ-205J,破奥克斯（AUX）F3001EA-1,超大容量不锈钢外壳,3L电脑版电饭煲,1
646192,299.0,美的（Midea）,SYS28-22,不锈钢多功能两层电蒸锅,智能可预约,可拆洗,1
646193,219.0,美的（Midea）,WSYH28A,不锈钢多功能电蒸锅,两层,大容量,1
837589,14.8,美乐家（melitta）,1X4醇香咖啡滤纸,（4（Midea）WT2102,,电磁炉,1
646222,499.0,美的（Midea）°´能电脑版电压力锅5L,1
594178,149.0,灿坤（eupa)TSK-2131MF点心机,1
646212,179.0,美çDM-215P,纯水果制作冰淇淋机/雪糕机-红色,1
875680,1990
646214,118.0,美的（Midea）,JHN30F,电饼铛,多功能双面加热家用煎烤机,1
1148973,）KMM770,家用厨师机,多功能料理搅拌机,揉面机,,快逻(Galanz),CH21203D平板触摸屏双配电磁炉,1
990687,79.0,格来德（Grelide）WWK-D1513,¤ ¼来德（Grelide）WWK-D1513,1.5L电水壶,1（petrus）多劏,1
1158093,399.0,摩飞（Morphyrichards）,MR1148,电蒸锅,多功能电蒸笼,1
1581285,659.0,荣事达（Royalstar）商用电饭锅电饭煲25升大容量CFXB250,1
1677316,1399.0,松下（Panasonic）SR-ANY181-P,IH电磁加热电饭煲,1
1677317,1099.0,松下（Panasonic）SR-ANY151-P,IH电磁加热电饭煲,1
1220304,199.0,九阳（Joyoung）豆浆机多功能无网易清洗DJ12B-A10,1
1220305,549.0,九阳（Joyoung）JYZ-V5立式原汁机低速榨汁机家用婴儿果汁机（汁渣分离),1
1158110,258.0,乐扣乐扣（LOCK&LOCK）,ELDM-215G,纯水果制作冰淇淋机/雪糕机-绿色,1
1078768,339.0,美的（Midea）,WCS5035,多功能家用智能电压力锅5L（双胆,24小时预约,可开盖烹饪）,1
819898,99.0,格来德（Grelide）,WWK-3602S,3.6L电水壶,1
197944,1299.0,韩国福库（CU990687,79.0,格来德（Grelide）WWK-D1513,¤ ¼来德（Grelide）WWK-D1513,1.5L电水壶,1（pY2,5L微电脑智能,双胆电压力锅,1
2078392,499.0,松下（Pµ蒸锅,多功能电蒸笼,1
1581285,659.0,荣事达（Royalstar）商用电饭锅电饭煲25åç商用电饭锅电饭煲25升大容量CFXB250,1
1677316,1399¤,IH电磁加热电饭煲,1
1677317,1099.0,松下（Panasonic）SR-ANY151-P,IH电磁加热电饭ç-ANY151-P,IH电磁加热电饭煲,1
1220304,199.0,九阳（Joyo000,不锈钢电水壶,1升,全钢、防干烧,1
1365525,68.0,龙力,LONGLI,LL-100GC,自动断电,不锈钢电水壶,1L,全钢、防干烧,1
1488095,150.0,奥克斯（AUX）CX2208,电磁炉,1
222030,369.0,美的（midea）FS306,3L/3升,凯睿系列,智能电饭ç68,339.0,美的（Midea）,WCS5035,多功能家用智能电压¤面包机,优雅黑,1
837302,659.0,飞利浦（Philips）,HR1863/00,榨汁机,1
1045434,199.0,摩飞（Morphyrichards）,MR8102-B,多士炉/烤面包机,英伦红,¾·（Grelide）WWK-D1513,1.5L电水壶,1（pY2,5L微电脑智能,双胆电压力锅,1
2078392,4GLI)LL-180GS,自动断电,不锈钢电热水壶,1
999110,269.0,格兰仕（Galanz）,B551T-45F17,电饭煲,1
1014273,59.0,科顺（KESUN),CG603,研磨机,磨豆机,电饭煲25升大容量CFXB250,1
1677316,1399¤,IH电磁加热çäasonic）SR-ANY151-P,IH电磁加热电饭ç-ANY151-P,IH电磁加热电饭煲,1
1220304,199.0,¾犠热电饭煲,1
1220304,199.0,九阳（Joyo000,不锈钢电水UX-PB935,加热型破壁料理机,家用多功能榨汁机,搅拌机,破壁机,1
492790,69.0,小熊（Bear）SNJ-5361,微电脑米酒酸奶机,1000ML（白色）,1
1946192,89.0,奥克斯（AUX）AUX-A5086,双层防烫电水壶,电热水壶,不锈钢烧水壶,1.¼Midea）,WCS5035,多功能家用智能电压¤面包机,优é0lips）,HR1863/00,榨汁机,1
1045434,199.0,摩飞（Morphyrichards）,MR8102-B,多士炉/烤面,ADK-1800D10,电热水壶,电水壶1.8L,1
999055,269.0,苏泊尔（SUPOR）,CYSB50YC810A-100,电压力锅,双胆,24小时预约,正品,1
1166778,299.0,SKG,SKG8034,电热水壶,1.8L,1
1365614,499.0,九阳（Joyoung）JYZ-V902立式原汁机低速榨汁机家用婴儿果汁机(汁渣分离),1
945880,189.0,天际(TONZE)BJH-W300G养生壶煎药壶3L,,1
945886,129.0,天际(TONZE)DDG-30AZ电炖é1-P,IH电磁加热电饭煲,1
1220304,199.0,¾犠热电饭煲,1
1220304,199.0,九阳（Joyo000,45901,159.0,天际(TONZE)DGD18-18DWG电炖锅电炖盅1.8L1锅3胆,1
945888,99.0,天际(TONZE)DDG-20AZ电炖锅紫砂锅2L,1
945893,269.0,天际(TONZE)DGD40-40DWG电炖锅电炖盅4L1锅5胆,1
1062490,1999.0,韩国现代（HYUNDAI«电水壶,电热水壶,不锈钢烧水壶,1.¼Midea）,WCS5035,多功能家用智能电压¤éO-F5,电烤箱家用烘焙高端F系列上下独立控温多功能Morphyrichards）,MR8102-B,多士炉/烤面,ADK-1800D10,电热水壶,电水壶1.8L,1
999055,26控温HO-F1,1
1540632,399.0,苏泊尔（SUPOR）电饭煲电饭锅°时预约,正品,1
1166778,299.0,SKG,SKG8034,电热水壶,1.8L,1
1365614,499.0,九阳（JoyoHJ,1
1365614,499.0,九阳（Joyoung）JYZ-V902立式原汁机低BD±渣分离),1
945880,189.0,天际(TONZE)BJH-W300G养生壶煎药壶3L,,1
945886,129.0,天际(T壶3L,,1
945886,129.0,天际(TONZE)DDG-30AZ电炖é1-P,IH电磩浦（Philips）,HD2636/29,烤面包机,（金属银色）,1
1209970,228.0,乐扣乐扣（LOCK&LOCK）ELK-212R,智能不锈钢电热水壶,红色1.2L,1
1209954,298.0,乐扣乐扣（LOCK&LOCK）ELEK-212W,保温多功能电热水壶,白色1.2L,1
968150,349.0,格兰仕（Galanz）,P70D20P-N9(W0),微波炉,1
968147,699.0,格兰仕（Galanz）G80F23CN3L-C2K(G2),微波/光波炉,1
968143,339.0,格兰仕（Galanz）,P70D20L-DE(W0),微波炉,1
1380021,79.0,科立泰QLT-L1120迷你电饭煲1.0L,1
324508,499.0,意大利德龙（Delonghi）EC7,蒸汽式咖啡机,可制作奶泡,1
919910,218.0,忠臣（loyola）,LC-E092S,超薄型电陶炉,无电磁炉辐射,1
664517,189.0,苏泊尔（supor）,电饭煲,CFXB30FC118-60,1
1045846,199.0,美的（Midea）H317E4a,双层保温防烫时尚炫彩静音全钢电热水壶（赤兔1.7L),1
950514,138.0,欧科(OUKE),OK7011D,绞肉机,切菜绞肉加厚玻璃,1.2L,1
664567,1599.0,象印（ZO,JIRUSHI）NS-TSH18C,微电脑多功能电饭煲,日本标准1.8L/国内标准5L,不锈钢棕色,,1
1364188,799.0,贝尔斯顿（Bestday）ZZJ-8010D,原汁机榨汁机果汁机大口径,1
1218温防烫时尚炫彩静音全钢电热水壶（赤兔1.7L),1
950514,138.0,欧科(OUKE),OK7011D,绞肉机,切菜绞肉加厚玻璃,1.2L,1
664567,1599.0,象印（ZO,JIRUSHI）NS-TSH18C,微电脑多功能电饭煲,日本标准1.8L/国内标准5L,不锈钢棕色,,1
1364188,799.0,贝尔斯顿（Bestday）ZZJ-8010D,原汁机榨汁机果汁机大口径,1
1218温防烫时尚炫彩静音全钢电热水壶（赤兔1.7L),1
950514,138.0,欧科(OUKE),OK7011D,绞肉机,切菜绞肉加厚玻璃,1.2L,1
664567,1599.0,象印（ZO,JIRUSHI）NS-TSH18C,微电脑多功能电饭煲,日本标准1.8L/国内标准5L,不刚火IH』,NP-HBH10C,微电脑多功能电饭煲,日本标准1.0L/»肉机,切菜绞肉加厚玻璃,1.2L,1
664567,1599.0,象印（ZO,JIRUSHI）NS-TSH18C,微电è428,199.0,飞利浦（Philips）HR1811/70Daily系列榨汁机,1
1364129,5480.0,松下（Panasonic）SR-HBC184,日本进口,五段压力IH变频电饭煲,1
1364128,4980.0,松下（Panasonic）SR-HBC104,日本进口,五段压力IH4,138.0,欧科(OUKE),OK7011D,绞肉机,切菜绞肉加厚玻璃,1.2L,1
664567,1599.0,象印（ZOgdi）,J-8815,电动打蛋器,手持家用型,1
1227396,199.0,格兰仕（Galanz）B350T-15F1M,小巧多功能,1.5L电饭煲,1
1298216,399.0,西摩（SMAL）WK-9821C,小智智能电水壶青春版（粉蓝）控温/保温/恒温冲奶器,1.2L,京东微联App控制,1
205074,199.0,利仁（Liven）LR-500D电开水瓶,1
205073,1机,切菜绞肉加厚玻璃,1.2L,1
664567,1599.0,象印（ZO泰（QLT）QLT-2018A不锈钢电热水壶,1.8L,1
1227422,149.0,格兰仕（Galanz）A701T-50Y33,åH10C,微电脑多功能电饭煲,日本标准1.0L/»肉机,切æ,1599.0,象印（ZO,JIRUSHI）NS-TSH18C,微电è428,199.0,飞利浦（Philips）HR1811/70Dailåµ¦（Philips）HR1811/70Daily系列榨汁机,1
1364129,5480.0¼Midea）豆浆机多功能生磨免滤3D立体研磨,WHC13V21,,1
1701988,179.0,天际(TONZE)DDZ-16BW(蒸炖)电炖锅电炖盅1.6L双层,1
1701992,299.0,天际(TON肉加厚玻璃,1.2L,1
664567,1599.0,象印（ZOgdi）,J-8815,电动打蛋器,手持家用型,1
¨å¨打蛋器,手持家用型,1
1227396,199.0,格兰仕（Galanzº电饭煲,1
1298216,399.0,西摩（SMAL）WK-9821C,小智智能电水壶青春版（粉蓝）控¨钢电热水壶WHJ1501b（烧水壶),1
1097271,369.0,北美电器0,利仁（Liven）LR-500D电开水瓶,1
205073,1机,切菜绞肉加厚玻璃,1.2L,1
664567,159）加厚玻璃,1.2L,1
664567,1599.0,象印（ZO泰（QLT）QLT-2韩国现代（HYUNDAI）QC-LL2409,多功能家用料理机,搅拌机,破壁机,,1
1318249,99.0,韩å能电饭煲,日本标准1.0L/»肉机,切æ,1599.0,象印ï,小熊（Bear）养生壶,电水壶1.5L,玻璃面板YSH-A15G1,1
1318247,599.0,韩国现代（HYUN1811/70Daily系列榨汁机,1
1364129,5480.0¼Midea）豆浆机£ïHC13V21,,1
1701988,179.0,天际(TONZE)DDZ-16BW(蒸炖)电炖锅电炖盅1.6L双层,1
1701992,2多功能钢化玻璃触摸煎药电水壶,黑金,1
385136,179.0,天际（TONZE）养生壶煎药壶3L/3升BJH-400BP,1
945963,1099.0,飞利浦（PHILIPS）,HR2355/01,自动面条机,1
945972,599.0,飞利浦（PHILIPS）,HR1855/30,榨汁机,1
997631,6499.0,象印（ZO,JIRUSHI）NP-HTH18C-XJ,三段压力IH电饭煲,日本原装,1
1138745,369.0,飞利浦（PHILIPS）HD3162/21智能电饭煲电饭锅,1
1271681,99.0,小熊（Bear）电炖锅,炖盅0.8L紫砂锅DDZ-1082,1
2171947,599.0,九阳（Joyoung）电水壶真空保温英国strix进口温控电热水壶JYK-15K01,1
898805,158.0,SKG,KX1709,电烤箱,12L,家用迷你烘培烤箱,1
385921,119.0,天际(TONZE)DDZ-16A电炖锅电炖盅1.6L1锅3胆,1
1379763,179.0,奔腾（POVOS)电磁炉零辐射不挑锅600度原火爆炒电陶炉HLN97,1
1306156,1199.0,飞利浦（PHILIPS）HD9231/64,Airfryer空气炸锅,电烤炉,（红色）,1
1061972,399.0,美的（Midea）,MM823EA6-PS,或,M1-231A,微波炉,转盘,,1
914021,209.0,荣事达（Royalstar）养生壶套装玻璃电水壶EM1220中药壶煮茶,1
655900,69.0,东菱（Donlim）,多士炉TA-8600,家用全自动烤面包机,1
1722324,399.0,九阳（Joyoung）电压力锅可预约电压力锅双胆6L/6升JYY-60YS23,1
1130761,458.0,贝尔斯顿（Bestday）ZZJ-817,原汁机榨汁机果汁机,1
144£利浦（PHILIPS）HD3162/21智能电饭煲电饭锅,1
127168¯盅0.8L紫砂锅DDZ-1082,1
2171947,599.0,九阳（Joyoung）电水壶真空保温英国strix进¨尴壶真空保温英国strix进口温控电热水壶JYK-15K01,1仕（Fxunshi）,MD-8102D,家用电动绞肉机,搅拌/料理机,1
998283,169.0,欧博(OPO),FX12-S1µ炖锅电炖盅1.6L1锅3胆,1
1379763,179.0,奔腾（POVOS)甴,«爆炒电陶炉HLN97,1
1306156,1199.0,飞利浦（PHILIPS）HD9231/64,Airfryer空气炸锅,电5L,不锈钢电水壶,,1
1089334,139.0,奥克斯（AUX）,AS-816,多功能家用榨汁机,专业榨汁机,1
1271676,399.0,SKG电开水瓶断电出水电水壶1151（）养生壶套装玻璃电水壶EM1220中药壶煮茶,1
655900°´瓶2000W大功率快烧电水壶1154（2段保温烧水壶自动清洗消毒4L）,1
1271670,199.0,ng）电压力锅可预约电压力锅双胆6L/6升JYY-60YS23,1æy）ZZJ-817,原汁机榨汁机果汁机,1
144£利浦（PHILIPS）HD3162/21智能电饭煲电饭煲，会做面包的电饭煲，面包机+电饭煲一体机）,1
277754,169.0,小熊（Bear）DDZ-106,电炖锅,电炖盅,1锅3胆,2.5L,1
1509594,238.0,半球（Peskoe）XR2-PC2,四位数码显示,触摸炫簿电磁炉（赠汤锅）黑色,1
1015488,88.0,奥克斯（AUX）电饭煲4L电饭锅WDF40-10B,1
1226997,199.0,MION,MBL-25HA6,运动型便携搅拌机,料理机榨汁机,myblend,蓝色,可碎冰,1
1226995,35.0,科立泰（QLT）全钢电水壶电热水壶开水壶烧水壶自动断电防干烧QLT-2120J（2.0L),1
1227001,129.0,MION,MBL-25HA5,运动型便携搅拌机,料理机榨汁机myblend,绿色,可碎冰,1
1184611,399.0,忠臣（loyolaï»璃电水壶EM1220中药壶煮茶,1
655900°´瓶2000W大功炉§水壶自动清洗消毒4L）,1
1271670,199.0,ng）电压力锅可预约电压力锅双胆6L/1
可预约电压力锅双胆6L/6升JYY-60YS23,1æy）ZZJ-817,厊©浦（PHILIPS）HD3162/21智能电饭煲电饭煲，会做面包的电饭煲，面包机+电饭å电饭煲，面包机+电饭煲一体机）,1
277754,169.0,åµ炖盅,1锅3胆,2.5L,1
1509594,238.0,半球（Peskoe）XR2-PC2,四位数码显示,触摸炫簿ç位数码显示,触摸炫簿电磁炉（赠汤锅）黑色,1
蒸屉,1
1962697,99.0,志高（CHIGO）电火锅电热锅韩式电炒锅多用途锅H8-（J5C）橙è¾¿携搅拌机,料理机榨汁机,myblend,蓝色,可碎冰,1
é¢电水壶电热水壶开水壶烧水壶自动断电防干烧QLT-2120J（2.0L),1
1227001,129.大口径NF-7120(DR),1
820801,298.0,忠臣（loyola）,LC-E026P(苹,绿色,可碎冰,1
1184611,399.0,忠臣（loyolaï»璃电水壶EM1220中药壶煮茶,1
655900µæ1220中药壶煮茶,1
655900°´瓶2000W大功炉§水壶自动6,g）电压力锅可预约电压力锅双胆6L/1
可预约电压力锅双胆6L/6升JYY-60YS23,1扁ç双胆6L/6升JYY-60YS23,1æy）ZZJ-817,厊©浦（PHILIPSïday）LLJ-ZP01,破壁料理机破壁机破壁杯,1
1912966,329.0,苏泊尔（SUPOR）电饭锅电é机+电饭煲一体机）,1
277754,169.0,åµ炖盅,1锅3èkoe）XR2-PC2,四位数码显示,触摸炫簿ç位数码显示,触摸炫簿电磁炉（赠汤Y,,1
874319,600.0,美的（Midea）,EM7KCGW3-NR,微波炉,微电脑­锅韩式电炒锅多用途锅H8-（J5C）橙è¾¿携搅拌机,料理机榨汁机,myblend,蓝è料理机榨汁机,myblend,蓝色,可碎冰,1
é¢电水壶电烘焙电烤箱,1
1332418,449.0,北美电器（ACA）ATO-HB30HT,30L专业家用烘焙电烤箱,高é1
820801,298.0,忠臣（loyola）,LC-E026P(苹,绿色,可碎åï»璃电水壶EM1220中药壶煮茶,1
655900µæ1220中药壶煮茶,1
655900°´瓶2000W大功ç®茶,1
655900°´瓶2000W大功炉§水壶自动6,g）电压力锵ç¢约电压力锅双胆6L/6升JYY-60YS23,1扁ç双胆6L/6升JYY-60YS23,1æy）ZZJ-817,厊½JYY-60YS23,1æy）ZZJ-817,厊©浦（PHILIPSïday）LLJ-ZP01,
1912966,329.0,苏泊尔（SUPOR）电饭锅电é机+电饭煲一体机）,1
277754,169.0,å自动咖啡机,全金属咖啡机,1
1376233,339.0,飞利浦（PHILIPS）HD2658/70,金属双烘烤槽,烤面包机,1
1142199,999.0,海氏（Hauswirt）,HM750,和靾的（Midea）,EM7KCGW3-NR,微波炉,微电脑­锅韩式电缈¾¿携搅拌机,料理机榨汁机,myblend,蓝è料理机榨汁机,myblend,蓝色,可碎冰,1
é,茶道杯（玻璃透明色）,1
1912950,1199.0,志高（CHIGO）破壁料理机加热型多功能家用破壁机豆浆机ZG-P305,1
1287382,3750.0,韩国福库＿ 臣（loyola）,LC-E026P(苹,绿色,可碎åï»璃电水壶¼220中药壶煮茶,1
655900°´瓶2000W大功ç®茶,1
655900°´瓶2000W大功炉§水壶自动6,g000W大功炉§水壶自动6,g）电压力锵ç¢约电压力é双胆6L/6升JYY-60YS23,1æy）ZZJ-817,厊½JYY-60YS23,1æy）ZZJ-817,厊©浦（PHILIPSïda§水,,尊贵红电水壶,1
1481886,89.0,益美（Yimei）电炖锅çº+电饭煲一体机）,1
277754,169.0,å自动咖啡机,全金属咖啡机,1
1376233,339.0,1
1367097,649.0,美的（Midea）电饭煲,5L/5升,IH电磁加热,1142199,999.0,海氏（Hauswirt）,HM750,和靾的（Midea）,EM7KCGW3-NR,微波炉,微电脑­¤箱,12L绿色,1
1315198,199.0,忠臣（loyola）LC-E113S,全钢三环火,无电磁辐射,电陶炉,1
1011754,249.0,康佳,（KONKA）,KBP-07E1,多功能电热锅,,金色不沾,1
1011756,268.0,科立泰（QLT）,T1210NB,自动抽水茶盘,香槟金,1
942885,89.0,格来德（Grelide）WWK-D1507B保温双层防烫1.5L电水壶,1
767448,599.0,乐扣乐扣（LOCK&LOCK）ECF-202WS,ECOfryer无油空气炸锅,电炸锅（蓝色）,1
1870131,49.0,志高（CHIGO）ZDQ210,煮蛋器双层家用蒸蛋器,不锈钢底盘14个蛋配不锈钢蒸碗,1
977662,219.0,小熊（Bear）DDZ-125TA,电炖锅,电炖盅,一锅四胆,2.5L,1
977660,149.0,小熊（Bear）DDZ-118TA,电炖锅,电炖盅,1锅3胆,1.8L,1
775001,169.0,韩国现ä啡机,全金属咖啡机,1
1376233,339.0,1
1367097,649.0,美的（Midea）电饭煲,5L/5卼的（Midea）电饭煲,5L/5升,IH电磁加热,1142199,999.0,浼,1
1583852,339.0,九阳（Joyoung）JYF-40FS82电饭煲土灶原釜电饭煲,1
1031631,99.0,利仁（Liven）,DHG-233A,电火锅,1
1323943,1899.0,松下（Panasonº·佳,（KONKA）,KBP-07E1,多功能电热锅,,金色不沾,1
1011756,268.0,科立泰（QLT）,Té1756,268.0,科立泰（QLT）,T1210NB,自动抽水茶盘,香æ器,1
996462,1490.0,韩国福库（CUCKOO）,CCRP-K1088SR,多功能压力电饭煲,5L（红色）,1
1195890,169.0,美的（Midea）电饭煲,迷你小容量电é志高（CHIGO）ZDQ210,煮蛋器双层家用蒸蛋器,不锈钢底盘14个蛋配不锈钢蒸ç64,199.0,九阳（Joyoung）JYK-40P01电热水瓶4L家用烧水壀锅四胆,2.5L,1
977660,149.0,小熊（Bear）DDZ-118TA,电炖锅,电炖盅,1锅3胆,1.8L,1
77103（赠汤锅+炒锅）,1
1195883,199.0,美的（Midea）电饭ç
1367097,649.0,美的（Midea）电饭煲,5L/5卼的（Midea）电饭煲,5L/5升,IH电磁加ç电饭煲,5L/5升,IH电磁加热,1142199,999.0,浼,1
1583852,3锵饭煲土灶原釜电饭煲,1
1031631,99.0,利仁（Liven）,DHG-233A,电火锅,1
1323943,1899色不沾,1
1011756,268.0,科立泰（QLT）,Té1756,268.0,科立泰（QLT）,T1210NB,自动抽水茶盘,香æ器,1
996462,1490.0,韩国福库（CUCKOO）,
1287701,159.0,美的（Midea）WQJ1501b,,密闭防溢,静音沸腾,双层防烫,进口温控器电热水壶1.5L,1
1593301,399.0,欧博（OPO）S108,电热水壶电茶盘,自动旋转上水,抽水式电水壶,玻璃养生壶茶炉茶具,黑色,1
1133839,219.0,康佳（KONKA）KPC-50ZS302E,电脑版,压力锅,5L,多功能特色烹饪,1
1323107,139.0,小熊（bear）MDJ-A01Y1研磨机磨豆机,咖啡豆干货磨粉真空储存,1
1323105,119.0,小熊（Bear）LLJ-A10T1,多功能料理机,豆浆机,搅拌机绞肉机,1
626921,399.0,飞利浦（Phili/5卼的（Midea）电饭煲,5L/5升,IH电磁加ç电饭煲,5L/5升,IH电磁加热,1142199,995升,IH电磁加热,1142199,999.0,浼,1
1583852,3锵饭煲土21©仁（Liven）,DHG-233A,电火锅,1
1323943,1899色不沾,1
1011756,268.0,科立泰（QLTï
1011756,268.0,科立泰（QLT）,Té1756,268.0,科立泰（QLJoæ器,1
996462,1490.0,韩国福库（CUCKOO）,
1287701,159.0,美的（Midea）WQJ1501b,,密é,美的（Midea）WQJ1501b,,密闭防溢,静音沸腾,双层é«L,1
1593301,399.0,欧博（OPO）S108,电热水壶电茶盘,自动旋转上水,抽水式电水å¨旋转上水,抽水式电水壶,玻璃养生壶茶炉茶具,é 热型破壁料理机,家用多功能蔬果榨汁机,1
406959,239.0,飞利浦,(Philips),HD7450/2323107,139.0,小熊（bear）MDJ-A01Y1研磨机磨豆机,咖啡炉匀火系列彩板纤薄滑控双显屏QH2107,1
953879,259.0,美的（Midea）,W13PCH501E,家用搅拌机绞肉机,1
626921,399.0,飞利浦（Phili/5卼的（38 ç电饭煲,5L/5升,IH电磁加热,1142199,995升,IH电磁加热,1142199,999.0,浼,1
15838¥­ 热,1142199,999.0,浼,1
1583852,3锵饭煲土21©仁（Liven9.99色不沾,1
1011756,268.0,科立泰（QLTï
1011756,268.0,科立泰（QLT）,Té1756,268¦¨科立泰（QLT）,Té1756,268.0,科立泰（QLJoæ器,1
99¨弉,
1287701,159.0,美的（Midea）WQJ1501b,,密é,美的（Midea）WQJ1501b,,密闭防溢,静IFa）WQJ1501b,,密闭防溢,静音沸腾,双层é«L,1
1593301,31
壶电茶盘,自动旋转上水,抽水式电水å¨旋转上水,抽水式电水壶,玻璃养生¨自动面条机,MTJE01-180,1
509986,99.0,灿坤（eupa)SWT-5111酸奶机,4人份,(白色),1
1263718,498.0,北美电器（ACA）AB-PCT1515,自动投果料酵母,面å（bear）MDJ-A01Y1研磨机磨豆机,咖啡炉匀火系å01
953879,259.0,美的（Midea）,W13PCH501E,家用搅拌机绞肉机,1
626921,399.0,飞利浦ïY-A08C,电水壶,1
1263710,598.0,忠臣（loyola）LO-30V,欧盟A13标准,30升高配置,智能烤箱,1
1164719,128.0,贝尔斯顿（Bestday）YZJ-ZP01,原汁机慢速低速榨汁机801型冰淇淋滤网,1
1888060,298.0,飞利浦ï011756,268.0,科立泰（QLT）,Té1756,268¦¨科立泰（QLT）,Té1756,268.0,科立泰（µ饼铛,1
1156094,89.0,华迅仕（Fxunshi）MD-236,2.0版美式咖啡机,自动断电,1
728287,199.0,SKG,SKG1601,电陶炉,高级电炉,2200W,双环双控,1
96928¯闭防溢,静音沸腾,双层é«L,1
1593301,31
壶电茶盘,1Tå¨旋转上水,抽水式电水壶,玻璃养生¨自动面条机,MTJE01-180,1
509986,99.0,灿å20ml*2）,1
934803,168.0,意大利德龙(DeLonghi),双层玻璃杯µ器（ACA）AB-PCT1515,自动投果料酵母,面å（bear）MDJ-A01Y1研磨机磨豆机,咖åDJ-A01Y1研磨机磨豆机,咖啡炉匀火系å01
953879,259.0è拌机绞肉机,1
626921,399.0,飞利浦ïY-A08C,电水壶,1
1263710,598.0,忠臣（loyolaï
1263710,598.0,忠臣（loyola）LO-30V,欧盟A13标准,30升髵è贝尔斯顿（Bestday）YZJ-ZP01,原汁机慢速低速榨汁机801型冰淇淋滤网,1
188806¶4º801型冰淇淋滤网,1
1888060,298.0,飞利浦ï011756,268.,N¨科立泰（QLT）,Té1756,268.0,科立泰（µ饼铛,1
1156094,89.0,华迅仕（Fxunshi）MD8/59（香槟金）,1
1257059,269.0,利仁（Liven）分体多功能电火锅HG-F428LA,1
414235,899.0,松下(Pansonic),NN-GF351XXPE,微波炉,1
1064590,599.0,格兰仕（Galanz）,KWS1530J-F5R,电烤箱,上下独立控温,30升大容量,,1
1359826,188.0,康雅,TM-160G,玻璃电热水壶套装,1
1148482,199.0,美的（Midea）WBL25A36,智能搅拌机料理机果汁机绞肉机辅食,1
1677299,990.0,苏泊尔（SUPOR）CFXB40HC4AGC-120,电饭煲,1
1677307,792.0,苏泊尔（SUPOR）CYSB50FC818GC-100,电压力锅,1
796383,490.0,凯伍德（Kenwood）,AT320B,多功能研磨器,厨师机配件,1
1022550,599.0,美的（Midea）,EG7KCGW6-NA,微波炉,智能菜单,20L,,1
758412,5399.0,美乐家（melitta）LATTEA,E955-102,拿铁全自动咖啡机（中国红）,1
796377,390.0,英国凯伍德（KENWOOD）JKP250,旅滤网,1
1888060,298.0,飞利浦ï011756,268.,N¨科立泰（KBO2001.R,不锈钢大容量电热水壶,自动断电,欧洲技术（红）,1
1102306,179.0,欧博,1
1257059,269.0,利仁（Liven）分体多功能电火锅HG-Få),NN-GF351XXPE,微波炉,1
1064590,599.0,格兰仕（Galanz）,KWS1530J-F5R,电烤箱,上下独32WS1530J-F5R,电烤箱,上下独立控温,30升大容量,,1
1359,泡茶机,自动上水器加水器电水壶,热水壶,控温电茶壶,电磁炉茶盘,（黑色）拌机料理机果汁机绞肉机辅食,1
1677299,990.0,苏泊5L,全钢盖,干烧断电保护,1
1148477,899.0,美的（Midea）,MB-FS4088B,IH电磁加热,涡轮动力技术,智能香甜电饭煲,1
961380,499.0,九阳（Joyoung）多功能破壁料理机JYL-G12E玻璃材质家用婴儿辅食果汁机（可榨汁绞肉干磨搅拌）,1
397630,79.0,SKG,JR10A,多功能迷你不锈钢电煮é77,390.0,英国凯伍德（KENWOOD）JKP250,旅滤网,1
1888060,298.0,飞利浦ï011756,268.,22298.0,飞利浦ï011756,268.,N¨科立泰（KBO2001.R,不锈éµ,欧洲技术（红）,1
1102306,179.0,欧博,1
1257059,269.0,利仁（Liven）分体多功能©仁（Liven）分体多功能电火锅HG-Få),NN-GF351XXPE,å¼Galanz）,KWS1530J-F5R,电烤箱,上下独32WS1530J-F5R,电烤箱,上下独立控温,30升大å®±,上下独立控温,30升大容量,,1
1359,泡茶机,自动ä机械电饭煲,1
1606778,199.0,美的（Midea）WBGS401,智能白瓷电炖锅,4L,1
511918,399.0,美的（Midea）MM721NH1-PW微波炉21L,,1
1684751,199.0,小熊（Bear）DKX-A12B1,家用电烤箱,12L立式,定时,1
519600,139.0,北欧欧慕（nathome）电水壶保温不锈钢热水壶NSH0801,水莲粉,1
758399,199.0,美乐婴儿辅食果汁机（可榨汁绞肉干磨搅拌）,1
397630,79.0,SKG,JR10A,多功能迷你ä¹家（melitta）,1X2纯白咖啡滤纸,（40片装）,,1
1715127,299.0,苏泊尔（SUPOR）SWF17S01B,双层防烫保温调温除氯电水壶,1
714725,79.0,华迅仕（Fxunshi）MD-210S,美式咖啡机,不锈钢咖啡壶,1
75831257059,269.0,利仁（Liven）分体多功能©仁（Liven）分体多功能电火锅HG-Få12体多功能电火锅HG-Få),NN-GF351XXPE,å¼Galanz）,KWS6,30J-F5R,电烤箱,上下独立控温,30升大å®±,上下独立控温,30升大容量,,1
1359,泚§温,30升大容量,,1
1359,泡茶机,自动ä机械电饭煲BGS401,智能白瓷电炖锅,4L,1
511918,399.0,美的（Midea）MM721NH1-PW微波炉21L,,1
16847（Hauswirt）烘焙工具烘焙模具礼包烘培套装烤箱模具披萨盘蛋糕模具HB001,1
1350823,189.0,奔腾（POVOS）LJ612,特色无水焗电压力锅,4种烹饪程序任意选择,1
1286510,698.0,灿坤（EUPA）TSK-1163A,泵浦式高压咖啡机,1
1296331,139.0,北欧欧慕（nathome）电水壶保温不锈钢热水壶NSH0801,香槟金,1
1296328,1999.0,欧科（OUKE）DS100B-05,商用豆浆机5升10升20升大容量现磨豆浆机无渣全自动搅拌机,1
1255648,498.0,长帝（changdi）CRDF32S,微联智能电烤箱,32升,家用烘焙型,上下管独立控温,带炉灯转叉,1
1086550,2199.0,米技（MIJI）Miji,Home,Q7,德国米技炉,电陶炉,白色,1
1515529,218.0,忠臣（loyola）LC-E126S,上下独立控温,30升大容量,,1
1359,泚§温,30升大容量,,1
1359,泡茶机,自动ä理机搅拌机无极变速多配件HR1677/94,1
1661894,89.0,小熊（Bear）ZDQ-A12Y1,双层煮蛋器,蒸蛋器,不锈钢蒸碗,1
1428258,139.0,荣事达（Royalstar）养生壶煎药壶1.8L玻璃电水壶20大功能YSH1839(Y腾（POVOS）LJ612,特色无水焗电压力锅,4种烹饪程序任意选择,1
1286510,698.0,ç1
432537,79.0,小熊（Bear),SNJ-5341,酸奶机,1000ML,（橙色）,1
551809,449.0,美的（Midea）微波炉光波炉EG720KG4-NA,1
2166167,149.0,小熊（Bear）电煮锅,,双层多功能电热锅电火锅1.8L,DRG-C18A1,1
987797,139.0,苏泊尔（SUPOR）电饭煲电饭锅CFXB16YA83-30,1
1428253,149.0,荣事达（Royalstar）养生壶煎药壶1.8L玻璃电水壶20大功能YSH18Q1,1
109586550,2199.0,米技（MIJI）Miji,Home,Q7,德国米技炉,电陶炉,白色,1
1515529,218.0,忠è,白色,1
1515529,218.0,忠臣（loyola）LC-E126S,上下独çOR）搅拌机榨汁机料理机JS30-230,1
1216689,990.0,意大利德龙（Delonghi）胶囊咖åº无极变速多配件HR1677/94,1
1661894,89.0,小熊（Beaµ热饭盒,加热保温饭盒,双层密封1.5L,DFH-A15D1,1
1325041,139.0,益美（Yimei）电炖锅预约定时粥煲汤锅,宝宝炖锅,0.8L,YM-Z408W,1
1296226,1699.0,松下（Panasonic）NN-GF599M,变频微波炉,1
1325049,79.0,益美（Yimei）,养生壶药煲中药壶,2L,300A,1
1117758,449.0,苏泊尔（SUPOR）,Z12YN6-G2,多功能电蒸锅,1
185625,398.0,长帝（changdi）CRDF25,立方体内胆,电脑智能烘焙电烤箱,1
628504,999.0,北美电器（ACA）ATO-MFR34D,34L高端äXB16YA83-30,1
1428253,149.0,荣事达（Royalstar）养生壶煎药壶1.8L玻璃电水壶20大,1
987651,69.0,小熊（Bear）,DDQ-D3266,家用手持电动打蛋å±³技炉,电陶炉,白色,1
1515529,218.0,忠è,白色,1
1515529,218.0,忠臣（loyola）LC90.0,英国凯伍德（KENWOOD）HM680,台式打蛋器,家用电动89,990.0,意大利德龙（Delonghi）胶囊咖åº无极变速多配件HR1677/94,1
1661894,89.朤配件HR1677/94,1
1661894,89.0,小熊（Beaµ热饭盒,加热A15D1,1
1325041,139.0,益美（Yimei）电炖锅预约定时粥煲汤锅,宝宝炖锅,0.8L,YM-Z晲汤锅,宝宝炖锅,0.8L,YM-Z408W,1
1296226,1699.0,松下（Pa力锅高压锅CYSB50FC88Q-100球型内胆,1
1454087,39.9,科立泰（QLT）QLT-1255不锈钢酸å,1
1117758,449.0,苏泊尔（SUPOR）,Z12YN6-G2,多功能电襶机1.0L,1
1203832,179.0,美的（Midea）WCN301,酷彩系列,多功能电饼铛/煎烤机,1
1039521,999.0,北美电器（ACA）ABB-YFE520,全自动搅拌,蒸煮,å）养生壶煎药壶1.8L玻璃电水壶20大,1
987651,69.0,小熊（Bear）,DDQ-D3266,家用æ,箂,白色,1
1515529,218.0,忠臣（loyola）LC90.0,英国凯伍德（KENWOOD）HM680,台式打蛋器,家用电动89,990.0,意大利德龙（Delonghi）胶囊4å·（KENWOOD）HM680,台式打蛋器,家用电动89,990.0,意å,榨油机家用全自动加热型植物油萃取机,1
1117681,219.0,苏泊尔（supor）JJ32A19-130电饼铛,煎烤机,1
1064160,89.0,天际(TONZE)DZG-W30Q煮蛋器蒸蛋器双层,1
1676728,2298.0,惠人（HUROM）HUZK24FR第2代原汁机低速榨汁机,1
1256361,79.0,康佳（KONKA）KRC-30JX31,3L,电饭煲,1
1064140,18954087,39.9,科立泰（QLT）QLT-1255不锈钢酸å,1
1117758,449.0,苏泊尔（SUPOR）,Z12YN6炖锅煮粥锅4L,1
1064150,109.0,天际(TONZE)ZDH-W312K电水壶电热水壶1.2L,1
1064157,698.0,天际(TONZE)FD30CB电饭煲电饭锅电饭煲3L,1
727397,79.0,德唵器（ACA）ABB-YFE520,全自动搅拌,蒸煮,å）养生壶©é87651,69.0,小熊（Bear）,DDQ-D3266,家用æ,箂,白色,1
1515529,218.0,忠臣（loyola）3515529,218.0,忠臣（loyola）LC90.0,英国凯伍德（KENWOOD
1324275,1599.0,韩国现代（HYUNDAI）QC-TK2,家用户外无烟烧烤架碳烤炉,橙色,1
1550876,159.0,SKG,8051,多功能养生壶加厚电玻璃全自动煎药壶花茶,白金色,1
1324281,1399.0,韩国现代（HYUNDAI）QC-TK2,家用户外无烟烧烤架碳烤炉,黑色,1
892084,688.0,韩国福库（CUCKOO）多功能甼HUZK24FR第2代原汁机低速榨汁机,1
1256361,79.0,康佳（KONKA）KRC-30JX31,3L,电饭çº家用婴儿果汁机（可榨甘蔗、陶瓷螺杆）,1
996096,,1
1117758,449.0,苏泊尔（SUPOR）,Z12YN6炖锅煮粥锅4L,1
1064150,109.0,天际(TONZE)ZDH-W8S064150,109.0,天际(TONZE)ZDH-W312K电水壶电热水壶1.2L,1
O)µ饭煲电饭锅电饭煲3L,1
727397,79.0,德唵器（ACA）ABB-YFE520,全自动搅拌,蒸煮,åCFE520,全自动搅拌,蒸煮,å）养生壶©é87651,69.0,小ç³（Joyoung）JK-30C01多功能电饼铛家用煎烤机双面悬浮烙饼机,1
1366936,258.0,东菱（Donlim）DL-K33E,家用多功能烘焙电烤箱,33L超大容¨户外无烟烧烤架碳烤炉,橙色,1
1550876,159.0,SKG,8051,多功能养生壶加厚电玻,輈HYUNDAI）QC-TK2,家用户外无烟烧烤架碳烤炉,黑色,式消毒,纯白色,1
892097,1299.0,韩国福库（CUCKOO）多功能高压电饭煲,CCRP-G1011FP,5L892084,688.0,韩国福库（CUCKOO）多功能甼HUZK24FR第2ä®波炉,一级能效,京东微联APP控制,1
651945,239.0,小熊（Bear）HMJ-D3826,和面机（白色）,1
344518,1598.0,虎牌（tiger）JBA-S18C,电饭煲国内5L,,1
558786,79.0,小熊（Bear）DFH-S2012,电热饭盒,不锈钢蒸煮饭盒,多功能饭盒,密封保鲜,1
1591962,299.0,天际(TONZE)DGZN22-22JWG电炖锅çµ器（ACA）ABB-YFE520,全自动搅拌,蒸煮,åCFE520,全自动搅拌,蒸煮,å）养生å动搅拌,蒸煮,å）养生壶©é87651,69.0,小ç³（Joyoun1,79.0,奔腾（POVOS）电水壶食品级304不锈钢快速加热电热水壶S1899（1.8L/升）,1
996092,299.0,康雅CO-906,无油空气炸锅第三代,1
1224714550876,159.0,SKG,8051,多功能养生壶加厚电玻,輈HYUNDAI）QC-TK2,家用户外无烟烧çQC-TK2,家用户外无烟烧烤架碳烤炉,黑色,式消毒,çº（CUCKOO）多功能高压电饭煲,CCRP-G1011FP,5L892084,688.0,韩国福库（CUCKOO）多å0,韩国福库（CUCKOO）多功能甼HUZK24FR第2ä®波炉,ä,1
651945,239.0,小熊（Bear）HMJ-D3826,和面机（白色）,1
344518,1598.0,虎牌（tiger热水壶,烧水壶,5L,AK-15N,1
918361,59.0,德尔（Deer）,BL-0712,果汁机,多功能搅拌机,1
1117261,499.0,苏泊尔（SUPOR）,CFXB40FC826-75,球釜电饭煲,1
511154,199.0,依立（Yili）SH41012,紫砂电水壶,1.2L,1蒸煮,åCFE520,全自动搅拌,蒸煮,å）养生å动搅拌,蒸煮,å）养生壶©é8765,1
163005,119.0,格兰仕（Galanz）1.5升不锈钢底盘加热电水壶DH18-15025,1
186176,109.0,利仁（Liven）2008B经济型,带圈的电饼铛,1
675711,569.0,松下（Panasonic）,NC-CE301,电热水壶,保温壶,电热水瓶,3L,1
675705,289.0,松下（Panasonic）,MK-GB1,榨汁机料理搅拌机,1
1163609,499.0,格兰仨户外无烟烧烤架碳烤炉,黑色,式消毒,çº（CUCKOOµ011FP,5L892084,688.0,韩国福库（CUCKOO）多å0,韩国福库（CUCKOO）多功能甼HUZK2º¦）,1
1110068,59.9,小熊（Bear）DDQ-A01G1,手持打蛋器,电动搅拌机,1
1498855,658.0,贝尔斯顿（Bestday）ZZJ-8201D,原汁机榨汁机果汁机大口´壶,5L,AK-15N,1
918361,59.0,德尔（Deer）,BL-0712,果汁机功能钢化玻璃触摸煎药电水壶1.8L玫瑰黑BD-YS1802,1
1110062,99.0,小熊（Bear）DDQ-B9.0,依立（Yili）SH41012,紫砂电水壶,1.2L,1蒸煮,åCFEn）,DHG-283A,多功能电火锅,1
1561574,999.0,美的,（Midea）M3-L233C,,微波炉,23L,1
607824 ¼兰仕（Galanz）1.5升不锈钢底盘加热电水壶DH18-15有2008B经济型,带圈的电饼铛,1
675711,569.0,松下（Panasonic）,NC-CE301,电热水壶,俪瓷内胆,,1
1308988,199.0,志高（CHIGO）电压力锅迷你高压锅2.8L智能预约HY28D,1
1286041,339.0,苏泊尔（supor）豆浆机,DJ12B-Y89E,1
676195,99.0,小熊（Bear）MDJ-D4072,磨豆机,咖啡豆干磨机,电动,1
607973,1380.0,北欧欧慕（nathome）,WSD18-010泵压力式咖啡机,1
1330622,1299.0,飞利浦（PHILIPS）HR1876/70,榨汁机,1
482250,49.9,奥克斯（AUX）,HX-18B04,1.8L,不锈钢电水壶,1
1445126,299.0,苏泊尔（SUPOR）长板电磁炉SDHCB9E17-210,1918361,59.0,德尔（Deer）,BL-0712,果汁机功能钢化玻çBD-YS1802,1
1110062,99.0,小熊（Bear）DDQ-B9.0,依立（Yili）SH41012,紫砂电水壶,1.2L,式,1
482208,58.0,奥克斯（AUX）,AUX-13A10,不锈钢防烫电水壶,(红色)1.2L,1
971095,379.0,小熊（Bear）DDZ-152,电炖锅,电炖盅,4胆,精钢,2.5L,1
1¼1.5升不锈钢底盘加热电水壶DH18-15有2008B经济型ç¾下（Panasonic）,NC-CE301,电热水壶,俪瓷内胆,,1
1308988,199.0,志高（CHIGO）电å1308787,469.0,九阳（Joyoung）JYF-I40FS68铁釜IH电饭煲3.1气（supor）豆浆机,DJ12B-Y89E,1
676195,99.0,小熊（Bear）MDJ-D4072,磨豆机,咖啡豆干æJ-D4072,磨豆机,咖啡豆干磨机,电动,1
607973,1380.0,åSµ压力式咖啡机,1
1330622,1299.0,飞利浦（PHILIPS）HR1876/70,榨汁机,1
482250,49.9,奥,1/70,榨汁机,1
482250,49.9,奥克斯（AUX）,HX-18B04,1.8L,且三胆,1.8L,1
745762,66.0,祈和（KPS）KS-935,电动打蛋器,白色,1
1515515,269.0,美的（Midea）电磁炉触摸式酷薄RT2135,（赠汤锅+炒锅）,1
745749,49.0,祈和（KPS）打蛋器KS-930,1
892937,148.0,小熊（Bear）,SNJ-530,微电脑蜜罐米奥克斯（AUX）,AUX-13A10,不锈钢防烫电水壶,(红色)1¼DDZ-152,电炖锅,电炖盅,4胆,精钢,2.5L,1
1¼1.5升不锈钢底盘加热电水壶DH18-15æCUCKOO）,IH多功能压力电饭煲,CRP-HX1054FB,5L,(黑色),1·内胆,,1
1308988,199.0,志高（CHIGO）电å1308787,469.0,九阳（Joyoung）JYF-I40FS68é279.0,苏泊尔（SUPOR）电压力锅高压锅CYSB50YC618-100,1
1612583,89.0,小熊（Bear）煮蛋器,ZDQ-A07M1,多功能蒸蛋器,大容量煮蛋机,不锈钢蒸碗,1
1179448,699.0,天际（TONZE）,DZJ-W965B,原汁机,1
1612584,149.0,小熊（bear）DSL-A02G1,烤面包机多士炉,,隐藏式烤架,熊头图案,1
1074651,
482250,49.9,奥克斯（AUX）,HX-18B04,1.8L,且三胆,1.8L,11
电动打蛋器,白色,1
1515515,269.0,美的（Midea）电磁炉触摸式酷薄RT2135,（赠汤¨营养果蔬调理机,多功能破壁技术料理机,1
2132284,88.0,科顺（KESUN）TO-121,12L,家用烘焙多功能电烤箱迷你家用电烤箱,1
854237,179.0,å,AUX-13A10,不锈钢防烫电水壶,(红色)1¼DDZ-152,电ç¼Joyoung）JYF-I50FS07智能IH电饭煲5L家用多功能电饭锅（土灶铁釜、灶烧饭、å能压力电饭煲,CRP-HX1054FB,5L,(黑色),1·内胆,,1
13¸­药壶,3L,450G,1
1309655,199.0,dostyle,MB301,婴儿辅食机（透明玻璃料理杯、料理细èUPOR）电压力锅高压锅CYSB50YC618-100,1
1612583,89.0,å/07智能全自动咖啡机带有集成式储奶容器,1
505508,299.0,东菱（Donlim）XBM-1028GP,¤士炉,,隐藏式烤架,熊头图案,1
1074651,
482250,49.9,奥克斯（AUX）,HX-18B04,1.8L,且三胆,1.8L,11
电动打蛋器,白色,1
1515515,269.0,美的ï克斯（AUX）,HX-18B04,1.8L,且三胆,1.8L,11
电动打蛋å,Midea）电磁炉触摸式酷薄RT2135,（赠汤¨营养果蔬调理机,多功能破壁技术料０机,多功能破壁技术料理机,1
2132284,88.0,科顺（KEº能电烤箱迷你家用电烤箱,1
854237,179.0,å,AUX-13A10,不锈钢防烫电水壶,(红色,3¸锈钢防烫电水壶,(红色)1¼DDZ-152,电ç¼Joyoung）J10多功能电饭锅（土灶铁釜、灶烧饭、å能压力电饭煲,CRP-HX1054FB,5L,(黑色)POR）SDHCB9E33-210超薄电磁炉,1
481295,439.0,意大利德龙（Delonghi）KG40家用电动按压式磨豆机咖啡豆研磨\磨粉,1
481293,2380.0,意大利德龙（Delonghi）EO3890.A家用大容量多功能不锈钢电烤ç¨,1
505508,299.0,东菱（Donlim）XBM-1028GP,¤士炉,,隐藏式烤架,熊头图案,1
1074651愼烤架,熊头图案,1
1074651,
482250,49.9,奥克斯（AUX）家用全自动撒果料,全钢,1
1153256,2798.0,飞利浦（PHILIPS）HR1880/00榨汁机原汁机,1
1330754,228.0,祈和（KPS）KS-806S,打蛋和面机,坐式手持两用打蛋器,1
880516,89.0,九阳（Joyoung）JYK-13F05A双层防烫不锈钢电水壶1.3L自壁技术料理机,1
2132284,88.0,科顺（KEº能电烤箱迷ähangdi）,HB01,入门型,烤箱烘焙工具,模具,13件套装,1
1421970,299.0,飞利浦（PHILIPSï£¶,(红色)1¼DDZ-152,电ç¼Joyoung）J10多功能电饭é九阳（Joyoung）JYK-17C10不锈钢电水壶1.7L烧水壶自动断电保温电热水壶,1
1189118薄电磁炉,1
481295,439.0,意大利德龙（Delonghi）KG40å52158,599.0,奔腾（POVOS）FY501,三维立体加热电饭煲,液晶显示,可拆卸内盖,1
730993,199.0,天际(TONZE)ZZG-W550T电炖锅煮粥锅5L,1
1400281,199«炉,,隐藏式烤架,熊头图案,1
1074651愼烤架,熊头图案,1
1074651,
482250,49.9,奥兡º（KESUN）JLL350-B2,料理机,搅拌机,果汁机,米糊,1
1329473,499.0,韩国现代（HYUNDAI）BD-KJ138,烧烤炉,家用无烟烧烤架电烤炉,1
389288,109.0,科顺（KESUN),HM501,打蛋器,,和面机,1
1329529,149.0,康佳（KONKA）电磁炉KEO-19AS35TCE（汤锅+炒锅）,1
1099865,148.0,康雅,KY-230,便携式果汁机,多功能料理机,绿色,1
1329459,649.0,韩国现代（HYUNDAI）BD-KJ137,烧烤炉,家用无烟烧烤架电烤炉,1
729213,239.0,飞利浦（Philips）HD9316/03不锈钢保温电水壶,1
729210,399.0,飞利浦（Philipsï´壶自动断电保温电热水壶,1
1189118薄电磁炉,1
481295,439.0,意大利德龙（Delå5,439.0,意大利德龙（Delonghi）KG40å52158,599.0,奔腉HD9303/19,不锈钢电水壶,1
1142866,99.0,小熊（Bear）JDQ-B01A1,鸡蛋杯,煎蛋器,煮蛋器ZE)ZZG-W550T电炖锅煮粥锅5L,1
1400281,199«炉,,隐藏式热瞶,熊头图案,1
1074651,
482250,49.9,奥兡º（KESUN）JLL350-B2,料理机,搅拌机,果汁机²,2,料理机,搅拌机,果汁机,米糊,1
1329473,499.0,韩国ç2,家用无烟烧烤架电烤炉,1
389288,109.0,科顺（KESUN),HM501,打蛋器,,和面机,1
132910501,打蛋器,,和面机,1
1329529,149.0,康佳（KONKA）电ç¤箱38L家用容量多功能MG38CB-AA,1
1100062,259.0,富士宝（FUSHIBAO）,YBW-533AT,电脑版åº,绿色,1
1329459,649.0,韩国现代（HYUNDAI）BD-KJ137,ç¤炉,1
729213,239.0,飞利浦（Philips）HD9316/03不锈钢保温电水壶,1
729210,399.0,飞刨系列,,12L/12升,,,超大容量,,电饭煲,1
1100064,1999.0,富士宝（FUSHIBAO）,IH-AL3031C,触摸式3000W大功率电磁炉,1
1205973,199.0,格兰仕（Galanz）DH12-12030A,1.2L不锈钢热水壶,电水壶,1
2011882,1399.0,æar）JDQ-B01A1,鸡蛋杯,煎蛋器,煮蛋器ZE)ZZG-W550T电炖锅煮粥锅5L,1
1400281,199«炉5,69.0,MION,MBL-B60A6,myblend搅拌机配件随身杯（不含底åN）JLL350-B2,料理机,搅拌机,果汁机²,2,料理机,搅拌机,果汁机,米糊,1
1329473,4641729,129.0,格来德（Grelide）,WWK-4201S,4.2L电水壶,,1
5993º（KESUN),HM501,打蛋器,,和面机,1
132910501,打蛋器,,和面机,1
1329529,149.0,康佳（盅2L1锅4胆,1
863723,1599.0,天际(TONZE)FD40FA电饭煲电饭煲0,富士宝（FUSHIBAO）,YBW-533AT,电脑版åº,绿色,1
1329459,649.0,韩国现代（HYUNDAIsï,649.0,韩国现代（HYUNDAI）BD-KJ137,ç¤炉,1
729213,239©德龙（Delonghi）EC850.M,高端不锈钢半自动咖啡机,自动打奶泡奶缸,1
685393,69.0,å大容量,,电饭煲,1
1100064,1999.0,富士宝（FUSHIBAOï¨钢壶盖电水壶,1
729739,68.0,长帝（changdi）,J-8844,电动打蛋器,手持家用型,1
677不锈钢热水壶,电水壶,1
2011882,1399.0,æar）JDQ-B01A¥¶ZG-W550T电炖锅煮粥锅5L,1
1400281,199«炉5,69.0,MION,MBL-B60A6,myblend搅拌机配件随躋喙理机,搅拌机,果汁机,米糊,1
1329473,4641729,129.0,格来德（Grelide）,WWK-4201S,4.2L电水壶,,1
5993º（KESUN),HM501,打蛋器,,和面机,1
132910,蝥德（Grelide）,WWK-4201S,4.2L电水壶,,1
5993º（KESUN),H1
1197866,99.0,小熊（bear）ZDQ-A08A1,早餐小蒸宝多功能煮蛋器,2L大容量可定时,1
1223123,269.0,九阳（Joyoung）紫砂锅DGD50-05AK,多功能5L电炖锅紫砂煲（支持预约定时）,1
1353069,999.0,九阳（Joyoung）JYZ-V903立式原汁机低速榨汁机家用婴儿果汁机(汁渣分离),1
1178222,168.0,荣事达（Royalstar）RD-900K,全自动豆浆机全钢机头果蔬料理机榨汁机,1
1240439,698.0,格兰仕（Galanz）K5,30L大容量电脑版光波专业烘焙电烤箱,1
1197718,699.0,小熊（Bear）SJJ-A03G1,厨师机,打蛋和面搅拌多功è­水壶,电水壶,1
2011882,1399.0,æar）JDQ-B01A¥¶ZG-W55æ«炉5,69.0,MION,MBL-B60A6,myblend搅拌机配件随躋喙理机,搅拌机,果汁机,米糊,1
1·ç拌机,果汁机,米糊,1
1329473,4641729,129.0,格来德ï£¶,,1
5993º（KESUN),HM501,打蛋器,,和面机,1
132910,蝥德（Grelide）,WWK-4201S,4.2L电缈Grelide）,WWK-4201S,4.2L电水壶,,1
5993º（KESUN),H1
11978.早餐小蒸宝多功能煮蛋器,2L大容量可定时,1
1223123,269.0,九阳（Joyoung）紫ç荣事达（Royalstar）电饭锅电饭煲6升大容量RZ-60B,1
949408,129.0,荣事达（Royalstar）电饭锅电饭煲4升RZ-40B,1
1205299,2480.0,SKG,2019,家用å¦¨汁机家用婴儿果汁机(汁渣分离),1
1178222,168.0,违ª动豆浆机全钢机头果蔬料理机榨汁机,1
1240439,698.0,格兰仕（Galanz）K5,30Låi0,格兰仕（Galanz）K5,30L大容量电脑版光波专业烘ç¼Bear）SJJ-A03G1,厨师机,打蛋和面搅拌多功è­水壶,电水壶,1
2011882,1399.0,æa1683406,339.0,苏泊尔（SUPOR）电饭煲电饭锅CFXB40FC834-75球釜内胆,1
482557,59.0,立客(LIKE),LK-Z101,多功能电热锅,1.0L,电火锅,1
1207166,369.0º,1
132910,蝥德（Grelide）,WWK-4201S,4.2L电缈Grelide）,WWK-4201S,4.2L电水壶,,1
5993º（KESUN),H1
11978.早餐小蒸宝多功能煮蛋器,2L大容量å¼Liven）LR-D3009电饼铛家用多功能速热速脆煎烤机ç®时,1
1223123,269.0,九阳（Joyoung）紫ç荣事达（Royalstar）电饭锅电饭煲6升夦»子蒸汽美容仪,1
717320,169.0,苏泊尔（supor）JK30A03A-130电饼铛,缤纷系列煎烤机,1
522365,199.0,九阳（Joyoung）JYZS-K423电炖锅4L紫砂锅煲汤锅养生电炖盅（可预约）,1
1751000,249.0,九阳（Joyoung）电陶炉H22-x3红外光波防电磁辐射家用超薄,1
1260778,209.0,利仁（Liven）ånz）K5,30L大容量电脑版光波专业烘ç¼Bear）SJJ-A0ic）NC-CH301,电热水壶,保温壶,电热水瓶,3L,1
1536023,239.0,小熊（Bear）SNJ-A15E1,米酊尔（SUPOR）电饭煲电饭锅CFXB40FC834-75球釜内胆,1
4æ能电热锅,1.0L,电火锅,1
1207166,369.0º,1
132910,蝥德（Grelide）,WWK-4201S,4.2L电i（Grelide）,WWK-4201S,4.2L电缈Grelide）,WWK-4201S,4.2L电æ©餐小蒸宝多功能煮蛋器,2L大容量å¼Liven）LR-D3009电饼铛家用多功能速热éW132B电炖锅电炖盅3.2L1锅4胆,1
972805,399.0,美的（Midea）,W13PLS501E,一手开易拆洗,智能电脑版电压力锅5L,1
1207171,189.0,小熊（Bear）QSJ-BO3D1,料理机,多功能绞肉机,切碎机,1.5L,1
1328490,269.0,奔腾（POVOS）LN419,防烫可插上盖设计,四位数码显示电压力锅,1
732374,69.0,北美电器（ACA）烘焙工具四件套,1
662615,86.0,华迅仕（Fxunshi）MD-800,咖啡研磨机磨豆机,1
164974,199.0,奔腾（POVOS）电饭煲方形电脑智能电饭锅PFF40E-C(4L/4升),1
1034966,698.0,长帝（changdi）,CKTF-52GS,多功能电烤箱,52升,家用烘焙型,上下管独立控温,带炉灯,转叉,1
1337026,7999.0,美乐家（melitta）E957-101,SOLO&Perfect,milk,全自动咖啡机,（钢琴黑）,1
1260990,79.0,德尔（Deer）BL-6451PN,多功能料理机,果汁01S,4.2L电缈Grelide）,WWK-4201S,4.2L电æ©餐小蒸宝多å4L,不锈钢色,,1
1310763,169.0,小熊（Bear）JBQ-A07G1,手持式搅拌机,多功能料理棒,炖盅3.2L1锅4胆,1
972805,399.0,美的（Midea）,W13PLS501E,äª制养生豆浆,多功能豆浆机,1
1222575,99.0,小熊（Bear）绞肉机,多功能家用电动料理机,婴儿辅食绞肉搅拌机QSJ-B02D1,1
984876,398.0,忠臣（loyola）,LO-30S,电烤箱30升智能烤箱独立调温智能菜单,1
1213860,3280.0,德龙烘焙工具四件套,1
662615,86.0,华迅仕（Fxunshi）MD-8(海洋蓝)复古系列ECO310.VAZ,,1
1213862,720.0,意大利德龙（Delonghi）CTO2003.VAZ,家用0E-C(4L/4升),1
1034966,698.0,长帝（changdi）,CKTF-52GS,多
1443621,599.0,松下（Panasonic）NN-GT353M,微波炉,1
1081980,79.0,九阳（Joyoung）JYK-17C16ä¶（melitta）E957-101,SOLO&Perfect,milk,全自动咖啡机,ï（Deer）BL-6451PN,多功能料理机,果汁01S,4.2L电缈Grelide）,WWK-4201S,4.2L电æ©餐athome）原汁机慢速榨汁多功能NYZ001,,1
1892344,199.0,苏泊尔（SUPOR）电磁炉SDHCB8E45-210,,,,1
1579674,639.0,格兰仕（Galanz）R6-G238N3(S0),23L黄金容量,800W光波速热,欧式下拉门,24小时预约智能微波炉,1
1081986,179.0,九阳（Joyoung）JYS-A950多功能专业绞肉机智能打蛋机家用料理机（可碎冰）,1
1221873,298.0,格兰仕（Galanz）L2,智能触控大屏(赠汤锅+炒锅）,电磁炉,1
1221867,239.0,格兰仕（Galanz）Y1,米小姐,智能电压力锅,超值双胆,全能菜单,多功能,1
1221855,129.0,美的（Midea）HS136B,,电火锅,1
739421,159.0,奥克斯（AUX）,FR-F3001EC-3,,3L,微电4966,698.0,长帝（changdi）,CKTF-52GS,多
1443621,599.0,松伉,1
1081980,79.0,九阳（Joyoung）JYK-17C16ä¶（melitta）E957-101,SOLO&Perfect,milk,全自双57-101,SOLO&Perfect,milk,全自动咖啡机,ï（Deer）BL-6Oï2L电缈Grelide）,WWK-4201S,4.2L电æ©餐athome）原汁机慢速榨汁多功能NYZ001,,1
多功能高压电饭煲,CRP-M1001SK,5L（黑色）,1
1283090,69.04,639.0,格兰仕（Galanz）R6-G238N3(S0),23L黄金容量,800W光波速热,欧式下拉门,24å波速热,欧式下拉门,24小时预约智能微波炉,1
108150多功能专业绞肉机智能打蛋机家用料理机（可碎冰）,1
1221873,298.0,格兰ä7冰）,1
1221873,298.0,格兰仕（Galanz）L2,智能触控大å1221867,239.0,格兰仕（Galanz）Y1,米小姐,智能电压力锅,超值双胆,全能菜单,多711,电烤箱,精准控温,特有保温功能,1
349185,3399.0,飞å59.0,奥克斯（AUX）,FR-F3001EC-3,,3L,微电4966,698.0,长帝（changdi）,CKTF-52GS,多
14425（changdi）,CKTF-52GS,多
1443621,599.0,松伉,1
1081980,79.升级款NF-7920(DR),1
1363937,599.0,美的（Midea）料理原汁机多功能果汁机慢速榨汁机家用WJS20H26（原汁机）,1
1168442,2499.0,NUC,原汁机榨汁机NJ-620R,1
523219,239.0,苏泊尔（supor）电压力锅,CYYB50YA10-100电压力锅,5L,一锅双胆！,1
878479,1299.0,松下（Panasonic）,NN-GF352M,变频容量,800W光波速热,欧式下拉门,24å波速热,欧式下拉门,24小时预约智能微84,1299.0,松下（Panasonic）,NN-GF362M,平板,变频微波炉,1
机（可碎冰）,1
1221873,298.0,格兰ä7冰）,1
1221873,298.0,格兰仕（Galanz）L2,智998.0,格兰仕（Galanz）L2,智能触控大å1221867,239.0,格29½电压力锅,超值双胆,全能菜单,多711,电烤箱,精准控温,特有保温功能,1
34919066,698.0,长帝（changdi）,CKTF-52GS,多
14425（changdi）,CKTF-52GS,多
1443621,599.0,松伉,1
1081980,79.升级款NF-7920(DR),1
1363937,599.0,美的（MWS1530X-H7R,30L大容量家用专业烘焙电烤箱,1
1091194,139.ea）料理原汁机多功能果汁机慢速榨汁机家用WJS20H26（原汁机）,1
1168442,24CA26（原汁机）,1
1168442,2499.0,NUC,原汁机榨汁机NJ-620欼电压力锅,CYYB50YA10-100电压力锅,5L,一锅双胆！,1
878479,1299.0,松下（Panasonicï8479,1299.0,松下（Panasonic）,NN-GF352M,变频容量,800Wå³¢速热,欧式下拉门,24小时预约智能微84,1299.0,松下（Panasonic）,NN-GF362M,平板4,799.0,SKG,1246,搅拌机,全功能果蔬调理机,多功能破壁°）,1
1221873,298.0,格兰仕（Galanz）L2,智998.0,格兰仕（Galanz）L2,智能触控大å,1Galanz）L2,智能触控大å1221867,239.0,格29½电压力é,,电烤箱,精准控温,特有保温功能,1
34919066,698.0,长帝（changdi）,CKTF-52GS,多
10,华迅仕（Fxunshi）,MD-210C,多功能0.6L,专业泡茶机咖,79.升级款NF-7920(DR),1
1363937,599.0,美的（MWS1530X-H7R,30L大容量家用专业烘ç¯配件不包含搅拌机机身),适用于HR2872&HR2874,1
523398,199.0,苏泊尔（supor）电蒸锅,Z06YA3-S2,1
1417040,68.0,飞利浦(PHILIPS)HR2992随行杯迷你搅拌机配件(仅随行杯配件不包含搅拌机机身),适用于HR2872&HR2874,1
1417056,2399.0,飞利浦（PHILIPS）厨师机料理机和面机HR7955/01,1
982541,1299.0,飞利浦（PHILIPS）,HD9232/30,Airfryer空气炸锅,1
375836,88.0,小熊(Bear）KFJ-403,咖啡机,600ml,(黑色）,1
133559,49.0,小熊(Bear）ZDQ-201,煮蛋器,6个蛋容（黄色）,1
1168057,299.0,美的（Midea）,T3-L321B黑色,电烤箱,32L,炉灯,旋转烤叉,1
1043679,2180.0,惠人（HUROM）HU-400WN-PLUS原汁机低速榨汁机,1
1909898,109.0,东菱（Donlim）CM4278-AV,滴漏式咖啡机,咖啡壶,1
1909888,69.0,荣事达（Royalstar）DZG15H,多功能双层防烫电热锅电煮锅电热杯电火锅迷你小电锅,1
1688416,999.0,飞利浦（PHILIPS）HD3188/21,智芯IH电饭煲,源自革新的加热技术,1
1494357,199.0,小熊（Bear）电蒸锅DZG-C80A1不锈钢多功能锅,8L,1
436991,980.0,北美电器（ACA）AC-M18A,1.8L,全自动研磨咖啡机,1
1307877,1599.0,飞利浦（PHILIPS）HR1882/30原汁机榨汁机,1
1282695,399.0,澳PHILIPS）厨师机料理机和面机HR7955/01,1
982541,1299.0,飞利浦（PHILIPS）,HD9232/30（Royalstar）RDG25A,多功能分体式中药壶养生壶多功能,600ml,(黑色）,1
133559,49.0,小熊(Bear）ZDQ-201,煮蛋器,6个蛋容（黄色）,1
1168057é¸ª蛋容（黄色）,1
1168057,299.0,美的（Midea）,T3-L321é¤叉,1
1043679,2180.0,惠人（HUROM）HU-400WN-PLUS原汁机低速榨汁机,1
1909898,109.0,ä½速榨汁机,1
1909898,109.0,东菱（Donlim）CM4278-AV,滴æ69.0,荣事达（Royalstar）DZG15H,多功能双层防烫电热锅电煮锅电热杯电火锅踊海、深圳上门安装）,1
1090576,5800.0,米技（MIJI）Mij芯IH电饭煲,源自革新的加热技术,1
1494357,199.0,小熊（Bear）电蒸锅DZG-C80A1ä4（Bear）电蒸锅DZG-C80A1不锈钢多功能锅,8L,1
436991,9.8L,全自动研磨咖啡机,1
1307877,1599.0,飞利浦（PHILIPS）HR1882/30原汁机榨汁机,)DGD30-30AWD电炖锅煮粥锅3L,1
896843,178.0,尚朋堂（Sunpentown）,YS-OT0508D,三合一早餐机,1
1687629,269.0,美的（Midea）电压力锅5L智能电脑版一锅双胆WQC50A1P（12小时预约）,1
617068,99.0,苏泊尔（supor）,电水壶,,SWF17K2-180,1
1060136,49.9,志高（CHIGO）电水壶1.8L不锈钢电热滄色）,1
1168057,299.0,美的（Midea）,T3-L321é¤叉,1
10内钢双层保温防烫优质温控无缝全钢电热水壶（蓝玉1.7L),1
515277,199.0,北欧欧慕（nathome）NSH1201,电水壶1.2升不锈钢电水壶,霜枫红,1
515273,99.0,北欧欧慕（nathome）电水壶保温不锈钢热水壶NSH0801,柠檬黄,1
2³上门安装）,1
1090576,5800.0,米技（MIJI）Mij芯IH电¼1
1494357,199.0,小熊（Bear）电蒸锅DZG-C80A1ä4（Bear）电蒸锅DZG-C80A1不锈钢多DA电饭煲电饭煲4L,1
1502499,149.0,荣事达（Royalstar）RD-808S,全自动豆浆机果蔬料理机榨汁机,1
799922,199.0,天际(TONZE)ZDH-310DS电水壶电WD电炖锅煮粥锅3L,1
896843,178.0,尚朋堂（Sunpentown＋持,家用,电动,打蛋器,1
1736179,199.0,北欧欧慕（nathome）研磨机家用研磨咖啡豆、五谷杂粮等食材NYM800,1
799901,99.0,天际(TONZE)BJH-W30136,49.9,志高（CHIGO）电水壶1.8L不锈钢电热滄色）,1
1168057,299.0,美的（Mideaï,1
1168057,299.0,美的（Midea）,T3-L321é¤叉,1
10内钢0,全钢电热水壶（蓝玉1.7L),1
515277,199.0,北欧欧慕（nathome）NSH1201,电水壶1.2åe）破壁机营养料理机多功能碎冰NPB1501,1
279310,999.0,德国博朗（Braun）HT600,多士炉早餐烤面包机,吐司机三明治机,不锈钢机身,1
1044481,199.0,天际(TONZE)DGD50-50CWD电炖锅煲汤锅5L,1
1105255,199.0,欧博（OPO）,FX12-S109,电茶盘,泡茶机,加水器电水壶,自动加水,控温电茶壶,电热水壶茶具（铂金蓝）,1
1166954,199.0,小熊(Bear),JBQ-A05A1料理棒,家用多功能婴儿辅食,手持绞肉搅拌榨果汁机,1
1220072,锅煮粥锅3L,1
896843,178.0,尚朋堂（Sunpentown＋持,家ªå北欧欧慕（nathome）研磨机家用研磨咖啡豆、五谷杂粮等食材NYM800,1
799909.0,苏泊尔（SUPOR）电饭煲电饭锅CFXB50FC18-75,1
944863,25¸锈钢电热滄色）,1
1168057,299.0,美的（Mideaï,1
1168057,299.0,美的（Midea）,T3-ºè,299.0,美的（Midea）,T3-L321é¤叉,1
10内钢0,全钢UN),BL806A,料理机,搅拌机,果汁机,,绞肉机,米糊,1
1122623,999.0,美的（Midea）M3-L236£机营养料理机多功能碎冰NPB1501,1
279310,999.0,德åimei）电炖锅粥煲汤锅3.5L,D35H,1
1334448,499.0,灿坤（EUPA）TSK-1153RA,泵浦式高压å199.0,天际(TONZE)DGD50-50CWD电炖锅煲汤锅5L,1
1105255搅拌NJB0402,,1
726850,79.0,小熊（bear)电热饭盒,加热饭盒密封,不锈钢,DFH-S2016,,1.3L,1
195268,1299.0,灿坤（EUPA）TSK-1817D液晶泵浦强压å©´儿辅食,手持绞肉搅拌榨果汁机,1
1220072,锅煮粥锅3L,1
896843,178.0,尚朋堂（电热水壶,1
195248,129.0,灿坤（EUPA）TSK-8201ADY,鸳鸯电ç£¨咖啡豆、五谷杂粮等食材NYM800,1
799909.0,苏泊尔（SUPOR）电饭煲电饭锅CFXB,¼SUPOR）电饭煲电饭锅CFXB50FC18-75,1
944863,25¸锈钢ç（Mideaï,1
1168057,299.0,美的（Midea）,T3-ºè,299.0,美的（Midea）,T3-L321é¤叉,微电脑电饭煲,1.5L内锅容量,1
1139849,399.0,九阳（Joyoung）JYS-N21多功能自动面条机家用和面机九阳面条机,1
409338,259.0,SKG,MY-610,榨汁机,,1
1021846,189.0,小熊（Bear）DGJ-C632,电饼铛,煎烤机,蛋糕机,1
1297237,299.0,九阳（Joyoung）电磁炉滑控触控面板电磁炉C21-SH007（èTONZE)DGD50-50CWD电炖锅煲汤锅5L,1
1105255搅拌NJB040-D­饭盒,加热饭盒密封,不锈钢,DFH-S2016,,1.3L,1
195268,1299.0,灿坤（EUPA）TSK-1817D慲299.0,灿坤（EUPA）TSK-1817D液晶泵浦强压å©´儿辅éC1220072,锅煮粥锅3L,1
896843,178.0,尚朋堂（电热水壶,1
195248,129.0,灿坤（EUPA）TYY195248,129.0,灿坤（EUPA）TSK-8201ADY,鸳鸯电ç£¨咖啡è（IH系列、8段调压、可预约）,1
1386618,20987.0,飞利浦（PHILIPS）HD8964/05Saeco全µ饭煲电饭锅CFXB50FC18-75,1
944863,25¸锈钢ç（Midea206双层防烫1.2L电水壶,1
1255186,79.0,利仁（Liven）电火锅大礼包,8件套,1
936649,28­煲,1.5L内锅容量,1
1139849,399.0,九阳（Joyoung）JYS-N21
897723,288.0,尚朋堂（Sunpentown）,YS-AP4007S,电热水瓶,4升大容量，水胀式内胆，å,189.0,小熊（Bear）DGJ-C632,电饼铛,煎烤机,蛋糕机功能料理机,立式搅拌器,榨汁机,果汁机,1
1021100,4380.0,祈和（KPS）KS-1060,破壁æCWD电炖锅煲汤锅5L,1
1105255搅拌NJB040-D­饭盒,加ç,1.3L,1
195268,1299.0,灿坤（EUPA）TSK-1817D慲299.0,灿坤（EUPA）TSK-1817D液晶泵浦强98EUPA）TSK-1817D液晶泵浦强压å©´儿辅éC1220072,锅ç©飞（Morphyrichards）,MR7255,英国,不锈钢电热水壶,珍珠白,1
1140715,599.0,澳柯玛（AUCMA）,SZ20L2,原汁机,家用慢速榨汁机,1
1088511,10999.0,飞利浦（PHILIPS）HD8768/05SaecoMoltio全自动浓缩咖啡机,1
1464854,1999.0,飞利浦（PHILIPS）HR1883/70会做纯果冰激凌的榨汁机原汁©仁（Liven）电火锅大礼包,8件套,1
936649,28­煲,1.5L内锅容量,1
1139849,399.0,九憅锅容量,1
1139849,399.0,九阳（Joyoung）JYS-N21
897723,瓶,5L,1
386887,329.0,九阳（Joyoung）JYZ-E6果蔬原汁机低速榨汁机家用电动多功能果汁机（汁渣分离）,1
944146,129.0,小熊（Bear)电热饭盒,加热饭盒,双层真空,DFH-S2123,1
750551,499.0,飞利浦（Philips）豆浆机多功能æ锅煲汤锅5L,1
1105255搅拌NJB040-D­饭盒,加ç,1.,4L/4升,可预约定时涡轮动力多功能智能电饭锅,FS406C,1
1045240,99.0,德尔（Deer),D）TSK-1817D液晶泵浦强压å©´儿辅éC1220072,锅ç©é
,不锈钢电热水壶,珍珠白,1
1140715,599.0,澳柯玛（AUCMA）,SZ20L2,原汁机,家用慢å）,SZ20L2,原汁机,家用慢速榨汁机,1
1088511,10999.0åoMoltio全自动浓缩咖啡机,1
1464854,1999.0,飞利浦（PHILIPS）HR1883/70会做纯果冋åPS）HR1883/70会做纯果冰激凌的榨汁机原汁©仁（ï
936649,28­煲,1.5L内锅容量,1
1139849,399.0,九憅锅容量,1
1139849,399.0,九阳（Joyou¤,1
1139849,399.0,九阳（Joyoung）JYS-N21
897723,瓶,5L,1
386¼果蔬原汁机低速榨汁机家用电动多功能果汁机（汁渣分离）,1
944146,129.0,尓屁渣分离）,1
944146,129.0,小熊（Bear)电热饭盒,加烙º0551,499.0,飞利浦（Philips）豆浆机多功能æ锅煲汤锅5L,1
1105255搅拌NJB040-³æ5L,1
1105255搅拌NJB040-D­饭盒,加ç,1.,4L/4升,可é2½电饭锅,FS406C,1
1045240,99.0,德尔（Deer),D）TSK-1817D液晶泵浦强压å©´儿辅éC1é¶泵浦强压å©´儿辅éC1220072,锅ç©é
,不锈钢电¼,MR8209,多士炉,烤面包机,带烤架,柠檬黄,1
1158101,229.0,韩国现代（HYUNDAI）,BD-YS1813F,多功能养生壶,煎药壶1.8L,1
1201130,188.0,东菱（D,飞利浦（PHILIPS）HR1883/70会做纯果冋åPS）HR1883/70会做纯果冰激凌的榨汁æ：做纯果冰激凌的榨汁机原汁©仁（ï
936649,28­煲9,319.0,美的（Midea）,W13PCS603E,家用多功能电脑版电压力锅6L（双胆,24小时预约果汁机（汁渣分离）,1
944146,129.0,尓屁渣分离）,1
944146,129.0,小熊（Bear)电热饭盒,加烙º0551,499.0,飞利浦（Philips）豆浆机多å

944146,129.0,小熊（Bear)电热饭盒,加烙º0551,499.0,飞å½æ锅煲汤锅5L,1
1105255搅拌NJB040-³æ5L,1
1105255搅拌NJB040-D­饭盒,加ç,(B0),20L,1
906638,479.0,飞利浦（PHILIPS）HR1830/00Viva系列榨汁机原汁机,1
1946165,599.0,苏泊尔（SUPOR）豆浆机DJ12B-Y99,1
1281342,11800.0,松下ï©´儿辅éC1220072,锅ç©é
,不锈钢电¼,MR8209,多士ç,1
1158101,229.0,韩国现代（HYUNDAI）,BD-YS1813F,多功能养生壶,煎药壶1.8L,1
1201130¦»可做豆腐赠冰淇淋网）,1
999044,169.0,苏泊尔（SUPOR）电炖锅DNY822C-400,1
1036723,299.0,澳柯玛（AUCMA）,SD8512T8,豆浆机,1
1036724,999.0,澳æ的榨汁机原汁©仁（ï
936649,28­煲9,319.0,美的（ZG-W414F煮蛋器蒸蛋器煎蛋器多功能一体,1
1558178,199.0,九阳（Joyoung）K06-D02,多功渣分离）,1
944146,129.0,尓屁渣分离）,1
944146,129.0,å551,499.0,飞利浦（Philips）豆浆机多å

944146,129.0,小熊（Bear)电热饭盒,加烙业家用多功能上下独立控温烘焙高端F系列,1
1908296,139.0,美的（Midea）电水壶三层彩钢进口温控WHJ1507b电热水壶,1
1280737,139.0,现ä.0,飞利浦（PHILIPS）HR1830/00Viva系列榨汁机原汁æ£）豆浆机DJ12B-Y99,1
1281342,11800.0,松下ï©´儿辅éC1220072,锅ç©é
,不锈钢电¼º,自动泡豆,1
990174,259.0,华迅仕（Fxunshi）MD-315T,电子èF,多功能养生壶,煎药壶1.8L,1
1201130¦»可做豆腐赠冰淇淋网）,1
999044,169.0,è°淇淋网）,1
999044,169.0,苏泊尔（SUPOR）电炖锅DNY8270AUCMA）,SD8512T8,豆浆机,1
1036724,999.0,澳æ的榨汁机原汁©仁（ï
936649,28­煲9,/å±©仁（ï
936649,28­煲9,319.0,美的（ZG-W414F煮蛋器式咖啡机,可制作奶泡,1
638249,399.0,飞利浦（Philips）电饭煲电饭锅智能预约HD3066/05,1
1364206,339.0,美的（Midea）,M1-211A,微波炉,白色,
944146,129.0,小熊（Bear)电热饭盒,加烙业家用多功能上下独立控温烘焙高ç,意大利德龙(DeLonghi)全自动意式特浓咖啡机ESAM4200.S,EX：1欧洲新节能型（银色）,1
875254,239.0,奔腾（POVOS）电压力锅电脑智能预约高压锅LN5151（5L/升）,1
664552,2199.0,象印（ZO,JIRU婴儿辅éC1220072,锅ç©é
,不锈钢电¼º,自动泡豆,1
990174,259.0,华迅仕（Fxunsh½¬式华夫饼机,1
820434,269.0,飞利浦（Philips）,HD7450/00,¦»可做豆腐赠冰淇淋网）,1
999044,169.0,è°淇淋网）,1
999044,169.0,苏泊尔（SU盘电热水壶套装泡茶机,QLT-T1210BA,1
1227407,299.0,格兰仳æ的榨汁机原汁©仁（ï
936649,28­煲9,/å±©仁（ï
936649,28­煲9,319.0,美的ï01T-30Y33,电饭煲,3L,底盘加热,不粘内胆,1
1702002,79.0,天际(TONZE)DGD8-8PWD电炖锅煮粥锅0.8L,1
416906,249.0,九阳（Joyoung）DJ12B-A11EC,无网æ业家用多功能上下独立控温烘焙高ç,意大利SK-8219AG,多功能电火锅,1
1765127,2399.0,飞利浦（PHILIPS）榨汁机原汁机破壁微榨æ¾(DeLonghi)全自动意式特浓咖啡机ESAM4200.S,EX：1æ原汁机多功能果汁机慢速榨汁机家用WJS1241E（原汁机）,1
1097267,278.0,北美电器（ACA）ATO-HYA32YL,32L发酵型家用烘焙电烤箱,1
193µ¼º,自动泡豆,1
990174,259.0,华迅仕（Fxunsh½¬式华夫饼机,1
820434,269.0,飞利浦／熊（Bear）DBC-A10Z1,电饼铛,煎烤机,烧烤盘,大烤盘,1
1.0,è°淇淋网）,1
999044,169.0,苏泊尔（SU盘电热水壶套装泡茶机,QLT-T1210BA,1
P套装泡茶机,QLT-T1210BA,1
1227407,299.0,格兰仳æ的榨尔（SUPOR）电压力锅高压锅CYSB50YC1－100双胆,1
1254257,149.0,苏泊尔（SUPOR）电水壶SWF15E02B,1
914018,99.0,荣事达（Royalstar）养生壶煎药壶1.2L玻璃电水壶YSH12H,1
1089348,1199.0,米技（MIJI）Miji,Home,Q6,德国米技炉,电陶炉,橙色,1
1722322,798.0,九阳（Joyoung）多功能免滤豆£利浦（PHILIPS）榨汁机原汁机破壁微榨æ¾(DeLonghi)全自动意式特浓咖啡æi)全自动意式特浓咖啡机ESAM4200.S,EX：1æ原汁朳¡茶机,电磁炉茶盘,电茶壶,自动上水,电热水壶茶具套装,四合一烧水壶,黑色,Fxunsh½¬式华夫饼机,1
820434,269.0,飞利浦／熊（Bear．»璃电水壶多功能YSH1817,1
989678,79.0,科立泰（QLT）QLT-2150B大容量不锈钢电热水壶,1
1069655,2990.0,松下（Panasonic）,SR-JHD101,IH电磁加热电饭煲,3L,1
1089330,399.0,奥克斯（AUX）,AUX-Y3802,低速慢磨原汁机,低速榨汁机,1
1130627,139.0,九阳（Joyoung）DGD16-03BS电炖锅1.6L迷你100双胆,1
1254257,149.0,苏泊尔（SUPOR）电水壶SWF15E02B,1
914018,99.0,荣事达（Royal¤箱5L,1
1509590,99.0,半球（Peskoe）XR2/B17,数码显示,哑光黑晶面板电磁炉（单包）,1
1509583,169.0,半球（Peskoe）XR2/A105,四位数码显示,è¦¨æ¾(DeLonghi)全自动意式特浓咖啡æi)全自动意式特浓咖啡机ESAM4200.S,EX：1æ原汁朳¡茶机,电磁炉茶盘,电茶壶,自动上水,ç式特浓咖啡机ESAM4200.S,EX：1æ原汁朳¡茶机,电çLµ热水壶茶具套装,四合一烧水壶,黑色,Fxunsh½¬式华夫饼机,1
820434,269.0,飞利.4L,1
508983,349.0,美的（Midea）EHS15AP-PR,可爱多俏粉佳ä泰（QLT）QLT-2150B大容量不锈钢电热水壶,1
1069655,2990.0,松下（Panasonic）,S²2990.0,松下（Panasonic）,SR-JHD101,IH电磁加热电饭煲,0,¼,AUX-Y3802,低速慢磨原汁机,低速榨汁机,1
1130627,139.0,九阳（Joyoung）DGD16-03BS880,九阳（Joyoung）DGD16-03BS电炖锅1.6L迷你100双胆,1
1
9µ水壶SWF15E02B,1
914018,99.0,荣事达（Royal¤箱5L,1
1509590,99.0,半球（Peskoe）XR2/B17,ç9.0,半球（Peskoe）XR2/B17,数码显示,哑光黑晶面板998088,99.0,小熊（Bear）,SNJ-560,家用酸奶机,全自动不锈钢内胆,带4分杯定时,1
198ghi)全自动意式特浓咖啡æi)全自动意式特浓咖å,800W光波速热,欧式下拉门,24小时预约智能微波炉,1
1072241,169.0,美的（Midea）机ESAM4200.S,EX：1æ原汁朳¡茶机,电çLµ热水壶茶96²,Fxunsh½¬式华夫饼机,1
820434,269.0,飞利.4L,1
508983,349.0,美的（Midea）EHS15AP-PR,å,美的（Midea）EHS15AP-PR,可爱多俏粉佳ä泰（QLT）Mi°´壶,1
1069655,2990.0,松下（Panasonic）,S²2990.0,松下（Panasonic）,SR-JHD101,IH电磁ç1
1130627,139.0,九阳（Joyoung）DGD16-03BS880,九阳（Joyo,398.0,格兰仕（Galanz）K3,30L光波多功能专业烘焙电烤箱,1
1332419,239.0,北美电器（ACA）AHM-S300,手持搅拌器,婴儿辅食料理机,打蛋器,箱5L,1
1509590,99.0,半球（Peskoe）XR2/B17,ç9.0,半球（Peskoe）XR2/B17,数码显示,哑thskoe）XR2/B17,数码显示,哑光黑晶面板998088,99.0,小ç2,全自动不锈钢内胆,带4分杯定时,1
198ghi)全自动意式特浓咖啡æi)全自动æTO-CA32HM,32L热风循环,家用烘焙电烤箱,,1
698185,599.0,羙º能微波炉,1
1072241,169.0,美的（Midea）机ESAM4200.S,EX：1æ原汁朳¡茶机,电ç¹压式,茶道杯,（玻璃透明色）,1
1256638,139.0,小熊（Be,1
508983,349.0,美的（Midea）EHS15AP-PR,å,美的（Midea）EHS15AP-PR,可爱多俏粉佳ä量,可做蛋糕,,多功能智能电饭锅,WFS3018Q,,,,1
1011712,30.0,松下（Panasonic）,SR-JHD101,IH电磁ç1
1130627,139.0,九阳（Joyoung）DGD16-03BS880,r）豆芽机,双层全自动家用DYJ-S6365,1
968888,99.0,北美电器（ACA）AES-G5,厨房秤,电子称,烘焙秤,厨房电子秤,1
1516600,299.0,奥克斯（AUX）AUX-8066,5L,电热水瓶,六段保温,大液晶屏显示,1
14470,半球（Peskoe）XR2/B17,数码显示,哑thskoe）XR2/B17,数码显示,哑光黑晶面板9980ung）JYF-50FS69多功能电饭煲智能电脑版电饭煲,1
144731全自动意式特浓咖啡æi)全自动æTO-CA32HM,32L热风循环,家用烘焙电烤箱,,1
23942,1999.0,松下（Panasonic）SR-ANG181,IH电磁加热电饭煲5L,1
388351,339.0,美的（Midea),JCN30D,,酷彩系列煎烤机,30CM,1
1272013,239.0,美的（Mide玻璃透明色）,1
1256638,139.0,小熊（Be,1
508983,349.0,ç（Midea）EHS15AP-PR,可爱多俏粉佳ä量,可做蛋糕,,多功能智能电饭锅,WFS3018Qde功能智能电饭锅,WFS3018Q,,,,1
1011712,30.0,松下（Pana7296,99.0,小熊（bear）电热饭盒,加热保温饭盒,双层真空DFH-S2116,1
988755,239.0,利仅¨自动家用DYJ-S6365,1
968888,99.0,北美电器（ACA）AES-nic）,NC-GF1,咖啡机,1
238794,119.0,小熊(Bear),SNJ-5012,微电脑酸奶机,1000ml(不锈钢内胆)(白色),1
139209,198.0,灿坤（EUPA）TSK-1822A,蒸汽式é¼XR2/B17,数码显示,哑光黑晶面板9980ung）JYF-50FS69多功能电饭煲智能电脑版（ACA）ATO-CA38HT,38升,多功能专业,家用烘焙电烤箱,1
232HM,32L热风循环,家用烘焙电烤箱,,1
23942,1999.0,松下（Panasonic）SR-ANG181,IH电ç锅高压锅CYSB50FH3-130鲜呼吸IH加热,1
954225,269.0,美的（Midea）,FD3018,,3L/3升,,智能迷你电饭煲,1
1218558,169.0,小熊(Bear),DFH-A20D1,智能双层电热饭盒,预约定时,真空保鲜保温,2L,1
414502,249.0,灿坤（eupa),TSK-9416,和面机,1
1233783,139.0,苏泊尔（Supor）电火锅,HFK26S-130,1
1094042,99.0,伊莱特（Enaiter）,YC30H1,3L,简爱系列,多功能智能,电饭煲,,1
1031836,138.0,荣事达（Royalstar）多用途电火锅电煮锅电蒸锅电热锅RHG-50D,,1
1294758,1199.0,美的（Midea）电磁炉匀火系列彩板纤薄弧形滑控QH2108,,1
1003593,249.0,利仁（Liven）,DNG-5000D,多功能电压力锅,1
1038834,299.0,松下（Panasonic）,MX-GX1011,榨汁机,料理机,1
873478,338.0,SKG,ZZ1305,榨汁机,中国红,1
873486,129.0,利仁（Liven）,LR-3038HT,38升,多功能专业,家用烘焙电烤箱,1
232HM,32L热,大口径原汁机,1
961553,129.0,荣事达（Royalstar）养生壶煎药壶1.8L玻璃电水壶20åCYSB50FH3-130鲜呼吸IH加热,1
954225,269.0,美的（Mide炉匀火纤薄滑控RH2149（赠汤锅）,1
1156081,79.0,科立泰（QLT）YS-T1208B,自动抽水­饭盒,预约定时,真空保鲜保温,2L,1
414502,249.0,灿坡电茶壶TP-600(烤漆),1
527295,169.0,利仁(Liven)DHG-300A电火锅,1
996932,7200.0,维他美仕0,伊莱特（Enaiter）,YC30H1,3L,简爱系列,多功能智能80¾¾（Royalstar）多用途电火锅电煮锅电蒸锅电热锅RHG-50D,,1
1294758,1199.0,美的ï5-50D,,1
1294758,1199.0,美的（Midea）电磁炉匀火系列彵火锅电热锅,1L,1
1093802,499.0,SKG,SKG1326,榨汁搅拌机,多功能料理果汁机,1
796389,6038834,299.0,松下（Panasonic）,MX-GX1011,榨汁机,料理æ02250,89.0,九阳（Joyoung）JYK-17S08电热水壶1.7L不锈钢烧水壶大容量自动断电开水壶,1
1102258,199.0,,九阳（Joyoung）电磁炉一体式触控面板电磁炉C21-SC811（赠汤锅+炒锅+刀具）,1
758419,10999.0,美乐家（melitta）CAFFEO,Bistro,E960-101,全自动咖啡机（月亮银）,1
934930,139.0,小熊（Bear）DGJ-C6111,蛋糕机,全自动,1
796381,399.0,凯伍德（Kenwood）,DS400,约定时,真空保鲜保温,2L,1
414502,249.0,灿坡电茶壶TP¢Liven)DHG-300A电火锅,1
996932,7200.0,维他美仕0,伊莱特（Enaiter）,YC30H1,3L,简爱系¨上水器加水器电水壶,电热水壶茶具（黑色）,1
88097µ蒸锅电热锅RHG-50D,,1
1294758,1199.0,美的ï5-50D,,1
1294758,1199.0,美的（Midea）ç0758,1199.0,美的（Midea）电磁炉匀火系列彵火锅电烛6,榨汁搅拌机,多功能料理果汁机,1
796389,6038834,299.0,松下（Panasonic）,MX-GX10泊尔（supor）豆浆机DJ12B-Y90E,1
758335,170.0,美乐家（melitta）WATERFILTER,CAFFEO,咖啡机水质过滤芯,1
511912,399.0,美的（Midea）EM720KG1-PW微æ,199.0,,九阳（Joyoung）电磁炉一体式触控面板电ç具）,1
758419,10999.0,美乐家（melitta）CAFFEO,Bistro,E960-101,全自动咖啡机（月ä0-101,全自动咖啡机（月亮银）,1
934930,139.0,小熊ïa¨,1
796381,399.0,凯伍德（Kenwood）,DS400,约定时,真空保鲜保温,2L,1
414502,249.0,çO,E950-103,全自动咖啡机（冰灿银）,1
1286516,553.0,灿坤（EUPA）TSK-1827RB,电子式,泵浦高压咖啡机,1
1086564,1299.0,米技（MIJI）Miji,home,Cube2德国米技炉,电陶炉,西瓜红,1
1296332,139.0,北欧欧慕（nathome）电水壶保温不锈钢热水壶NSH0801,清新绿,1
1296327,799.0,北欧欧慕（nathome）破壁机电脑板破壁机营养料理机多功能碎冰NPB1801,1
1086547,3199.0,米技（MIJI）Miji,Gala,I,cook,1900,德国米技炉,电陶炉,白色,1
1086559,1599.0,米技（MIJI）Miji,home,Cube1,德国米技ç1
511912,399.0,美的（Midea）EM720KG1-PW微æ,199.0,,九阳（Joyoung）电磁炉一体式肉¼Joyoung）电磁炉一体式触控面板电ç具）,1
7584¸锈钢煎蛋器,ZDQ-2191,1
1801476,499.0,苏泊尔,（SUPOR）智能电炖锅DG40YC8-60中华炽陶,1
1216652,148.0,东菱（Donlim）,多士炉DL-8117C不锈钢è®时,真空保鲜保温,2L,1
414502,249.0,çO,E950-103,全自动咖啡机（冰灿银）,1
129,¨咖啡机（冰灿银）,1
1286516,553.0,灿坤（EUPA）TSK-èº,1
1086564,1299.0,米技（MIJI）Miji,home,Cube2德国米技炉,电陶炉,西瓜红,1
129633饭锅FN5172(5L/升大容量),1
1340231,599.0,奔腾（POVOS)电磁SH0801,清新绿,1
1296327,799.0,北欧欧慕（nathome）破壁机电脑板破壁机营养料çåº电脑板破壁机营养料理机多功能碎冰NPB1801,1
1煲,4L/4升,IH电磁加热触摸操控多功能智能电饭锅FS4089C,,1
1117635,199.0,苏泊尔（SUPOR）电饼铛煎烤机JJ30A818-130,1
1454084,33.0,科立泰ï199.0,,九阳（Joyoung）电磁炉一体式肉¼Joyoung）电磁炉一体式触控面板电ç­炉一体式触控面板电ç具）,1
7584¸锈钢煎蛋器9.0,苏泊尔（SUPOR）,DKZ50B1-300,电炖锅,1
727381,79.0,德尔（Deer）BL-711,果汁机,1
1264935,179.0,利仁（Liven）多功能电煎锅,煎烤盘JG-J3500（陶瓷釉涂层）,1
1324077,699.0,美的（Midea）料理原汁机多功能果汁机慢速榨汁机家用WJS15E26（原汁机）,1
1194169,2298.0,贝尔斯顿（Bestday）LLJ-307Z,破壁料理机破壁机原汁榨汁搅拌机,电脑版,1
1064156,179.0,天际(TONZE)DGD25-25DWG电炖锅电炖盅2.5L1锅4胆,1
1064159,249.0,天际(TONZE)CFXB-W240Y电饭煲电饭锅4L,1
727394,109.0,德尔（Deer)BL-SS303,多功能果汁机,果蔬搅拌机,1
727392,129.0,德尔（Deer)BL-747,搅拌机,1
892085,2688.0,韩国福库（CUCKOO）多功能高压电饭煲,CRP-M1051FR,5L（红色）,1
1386477,499.0,科立泰QLT-X1206隔水白瓷电炖锅电炖盅2.5L/6LJoyoung）电磁炉一体式触控面板电ç­炉一体式触控面板电ç具）,1
7584¸9.0,康雅,KY-301,多功能三层煮蛋器,蒸蛋24枚,1
1966961,127381,79.0,德尔（Deer）BL-711,果汁机,1
1264935,179.0,利仁（Liven）多功能电煎锅JK-45H01,,电火锅,1
1225097,149.0,九阳（Joyoung）JK30K08多idea）料理原汁机多功能果汁机慢速榨汁机家用WJS15E26（原汁机）,1
1194169,4L/4升,迷你立体加热定时预约智能电饭锅,MB-FS4017,1
1汁榨汁搅拌机,电脑版,1
1064156,179.0,天际(TONZE)DGD25-25DWG电炖锅电炖盅2.5L1锅4¼25DWG电炖锅电炖盅2.5L1锅4胆,1
1064159,249.0,天际(TON80
727394,109.0,德尔（Deer)BL-SS303,多功能果汁机,果蔬搅拌机,1
727392,129.0,德尔ï拌机,1
727392,129.0,德尔（Deer)BL-747,搅拌机,1
892085,2,1
1974413,199.0,小熊（Bear）电饼铛,悬浮双面加热家用煎烤机蛋糕机烙饼锅DBC-A§立泰QLT-X1206隔水白瓷电炖锅电炖盅2.5L/6LJoyoungï¥­煲国内3L,1
1224718,59.0,奥克斯（AUX）HX-A5028彩钢电水壶,2.0L,1
1676475,1299.0,酷晨（CUCHEN）CHG-100BCN,韩国电烤盘烧烤炉家用烤炉无烟烤肉锅,1
943366,239.0,奥克斯（AUX）,HX-8033,不锈钢内胆电热开水瓶,5L,1
943370,86.0,奥克斯（AUX）电热水壶不锈钢快速烧水壶4L,A速榨汁机家用WJS15E26（原汁机）,1
1194169,4L/4升,迷你立体加热定时预约智è1½ 立体加热定时预约智能电饭锅,MB-FS4017,1
1汁榨æº,出汁率高,1
186189,169.0,利仁（Liven）LG-100炉糕锅,1
1186673,699.0,九阳（Joyoung）JYF-I40FS07智能电饭煲3.1斤铁釜4L电饭锅（铁釜内胆、可预约）,1
1163602,699.0,利仁（Liven）电饼铛煎烤机电脑版饼铛LR-FD431,1
11
727392,129.0,德尔（Deer)BL-747,搅拌机,1
892085,2,1
1974招,悬浮双面加热家用煎烤机蛋糕机烙饼锅DBC-A§立泰QLT-X1206隔水白瓷电炖锿賰QLT-X1206隔水白瓷电炖锅电炖盅2.5L/6LJoyoungï¥­ç³¼AUX）HX-A5028彩钢电水壶,2.0L,1
1676475,1299.0,酷晨（CUCHEN）CHG-100BCN,韩国电烤ar）商用豆浆机12升大容量RD-900Y,1
1352269,499.0,奔腾（POVOS）FY401,三维立体加热电饭煲,液晶显示,可拆卸内盖,1
1239615,229.0,奔腾（¥¥克斯（AUX）电热水壶不锈钢快速烧水壶4L,A速榨¥­锅FN4172(4L/4升),1
1178975,499.0,澳柯玛（AUCMA）,SZ20020T2,破壁营养料理机,按键操控多功能家用养生调理机搅拌机,1
979597,339.0,美的（Midea）面包机品质不锈钢材质多功能全自动大容量AHS20AC-PASY,1
1215572,99.0,苏泊尔（supor）电饭煲,CFXB30YB7F-50,1
971097,76.0,小熊（Bear）,ZDQ-2041,双层煮蛋器,6个蛋,配蒸碗蒸盘,1
684658,399.0,九阳（Joyoung）DJ13B-D600SG,倍浓植物奶牛全钢多功能豆浆机,1
1313019,100.º烙饼锅DBC-A§立泰QLT-X1206隔水白瓷电炖锿賰QLT-X1206隔水白瓷电炖锅电炖盅2¨ï水白瓷电炖锅电炖盅2.5L/6LJoyoungï¥­ç³¼AUX）89475,1299.0,酷晨（CUCHEN）CHG-100BCN,韩国电烤ar）商用豆浆机12升大容量RD-900Y,1（Midea）电磁炉触摸式彩蝶版WT2121S（赠汤锅+炒锅ï¶²晶显示,可拆卸内盖,1
1239615,229.0,奔腾（¥¥克斯（AUX）电热水壶不锈钢快0.0,灿坤（EUPA）,TSK-2996W,点心机（松饼机）,1
1179450¯玛（AUCMA）,SZ20020T2,破壁营养料理机,按键操控多功能家用养生调理机搅æ功能家用养生调理机搅拌机,1
979597,339.0,美的ï质多功能全自动大容量AHS20AC-PASY,1
1215572,99.0,苏泊尔（supor）电饭煲,CFX¨³尔（supor）电饭煲,CFXB30YB7F-50,1
971097,76.0,小熊Ｔåª蛋,配蒸碗蒸盘,1
684658,399.0,九阳（Joyoung）DJ13B-D600SG,倍浓植物奶牛全钢强劲动力,1
261078,499.0,美的（Midea）电饭煲,商用系列,9L/9升,大容量,电饭锅,SYJ090,,,1
1629704,599.0,九阳（Joyoung）JYY-80YS1电压力锅大蒸霸压力煲8L超大容量附带双层蒸笼,1
1181337,399.0,Midea）电磁炉触摸式彩蝶版WT2121S（赠汤锅+炒锅ï¶²晶显示,可拆卸内盖,1
¥克斯,（AUX）保温电热水壶,双层防烫不锈钢电水壶,,HX-A5191,1
1322978,339.0,美的（Midea）T3-L326B橙色,电烤箱,32升,1
756539,169.0,格来德（Grelide）WWK-D1808K,数字计温电热水壶,1.7L,,,1
52145养料理机,按键操控多功能家用养生调理机搅æ功能家用养生调理机搅拌＊能家用养生调理机搅拌机,1
979597,339.0,美的ï锅）,1
1329470,169.0,韩国现代（HYUNDAI）BD-KJ139,烧烤炉,家用无烟烧烤架电烤炉,1
839706,399.0,小熊（Bear）MBJ-C6932,面包机,全自动,1
1九阳（Joyoung）DJ13B-D600SG,倍浓植物奶牛全钢强劲动力,1
261078,499.0,美的（MiP¨力,1
261078,499.0,美的（Midea）电饭煲,商用系列,9Laï1629704,599.0,九阳（Joyoung）JYY-80YS1电压力锅大蒸霸压力煲8L超大容量附带å压力煲8L超大容量附带双层蒸笼,1
1181337,399.0,Mideç1S（赠汤锅+炒锅ï¶²晶显示,可拆卸内盖,1
¥克斯,（AUX）保温电热水壶,双G¼AUX）保温电热水壶,双层防烫不锈钢电水壶,,HX-A）T3-L326B橙色,电烤箱,32升,1
756539,169.0,格来德（Grelide）WWK-D1808K,数字计温ç°»生调理机搅æ功能家用养生调理机搅拌＊能家用养生调理机搅拌机,1
979597,339.0,美的ï锅）,1
1329470,169.0,韩国现代（HYUND­¶用养生调理机搅拌机,1
979597,339.0,美的ï锅）,½®动力圆灶釜内胆智能柴火饭电饭锅,WFS4037,1
1981370,499.0,美的（Midea）ESC1500,靉©奶牛全钢强劲动力,1
261078,499.0,美的（MiP¨力,1
261078,499.0,美的（Midea）电饭煲,商用系列,9Laï1629704,599.0,九阳（Joyoung）JYY-8Z01078,499.0,美的（Midea）电饭煲,商用系列,9Laï16297生磨免滤多功能豆浆机WHC13Y41,1
1513676,599.0,格兰仕（Galanz）HC-83503FB智能镜面23L微波炉/光波炉,1
1240183,1580.0,惠人（HUROM）SJ-700A（DR）原汁机低速榨汁机,1
482705,199.0,美的（Midea）MG25NF-AD,电烤箱,,25L,家用大å©电热水壶,双层防烫不锈钢电水壶,,HX-A）T3-L32D618SG植物奶牛全钢多功能豆浆机（智能预约）,1
1033668,999.0,飞利浦（PHILIPS）H机搅æ功能家用养生调理机搅拌＊能家用养生è的ï锅）,1
1329470,169.0,韩国现代（HYUND­¶用养生调理机搅拌机,1
979597,339.0M理机搅拌机,1
979597,339.0,美的ï锅）,½®动力圆灶¼¦红,1
1223122,299.0,九阳（Joyoung）DGD40-05AK紫砂锅4L电炖锅多功能紫砂煲（炖盅煲粥、可预约）,1
1500630,139.0,小熊（bear）DSL-A20J1烤面包机多士炉,带防尘盖外置式烤架,1
985401,699.0,祈和（KPS）,KS-520,破壁料理机搅拌机,红色,,1
1998216,119.0,奔腾（POVOS）电水壶,599.0,格兰仕（Galanz）HC-83503FB智能镜面23L微波炉/光波炉,1
1240183,1580.0,惠äl波炉,1
1240183,1580.0,惠人（HUROM）SJ-700A（DR）原汁美的（Midea）MG25NF-AD,电烤箱,,25L,家用大å©电热水壶,双层防烫不锈钢电水º¢壶,双层防烫不锈钢电水壶,,HX-A）T3-L32D618SG植ç0,九阳（Joyoung）ZD07W03A,多功能煮蛋器,可蒸水蛋,7个蛋,1
1119668,1399.0,SKG,2011,原汁机,家用榨汁机,1
235893,599.0,科顺（KESUN）KP60SCK,商用榨汁机,果汁机,1
1268275,219.0,奔腾（POVOS）FN381,四位数码显示电饭煲,弧形聚能发热盘,1
724577,299.0,美的（Midea）,JSN32C电饼铛,智能双控加热微电脑煎烤机烙饼机,1
1183098,4699.0,酷晨（CUCHEN）,LX1008iDCN,韩国原装进口,语音,智能,IH压力电饭煲,1
1284087,129.0,é¶,1
985401,699.0,祈和（KPS）,KS-520,破壁料理机搅拌机,红色,,1
1998216,119.0,奔èº,红色,,1
1998216,119.0,奔腾（POVOS）电水壶,599.0,栱)豆芽机,家用全自动,微电脑智能定时,1
600316,169.0,天际(TONZE)GSD–W122B电炖锅40183,1580.0,惠人（HUROM）SJ-700A（DR）原汁美的（M7,触摸版多功能养生壶电水壶1.8L,1
1207168,1599.0,美的（Midea）,PHT5092H,,IH电磁加ç«不锈钢电水壶,,HX-A）T3-L32D618SG植ç0,九阳（PO¨榨汁机,1
235893,599.0,科顺（KESUN）KP60SCK,商用榨汁机,果汁机,1
1268275,219.0,奔腾（POVOS）FN381,四位数码显示电饭煲,弧形聚能发ç¾（POVOS）FN381,四位数码显示电饭煲,弧形聚能发热盘,1
724577,299.0,美的（Mide¥­,1
724577,299.0,美的（Midea）,JSN32C电饼铛,智能双掳1
1183098,4699.0,酷晨（CUCHEN）,LX1008iDCN,韩国原装进口,语音,智能,IH压力电饭ç.0,长帝（changdi）,HB04,西点,烤箱烘焙工具,模具,6件å理机搅拌机,红色,,1
1998216,119.0,奔èº,红色,,1
1998216,119.0,奔腾（POVOS）ç,立式原汁机,慢速榨汁机,中国红,1
1214034,1999.0,美的（Midea）电压力锅IH电磁加热5L智能触控操作PHT5093H,1
1159979,99.0,小熊（Bear）,BQL-A05T1,家用冰淇淋机,0.5L,双层保温冷冻桶,1
895911,,1599.0,美的（Midea）,PHT5092H,,IH电磁加ç«不锈钢电水壶,,HX-A）T3-L32D618SG植´ç´壶,,HX-A）T3-L32D618SG植ç0,九阳（PO¨榨汁机,1
2ZE)DGD-13EG电炖锅电炖盅1.3L1锅3胆,1
1389340,1080.0,柏翠（petrus）家用原汁机,榨汁机PE2880,,1
1183366,239.0,利仁（Liven）电饼铛煎烤机电脑版方盘饼铛LR-FA432A,1
1772780,129.0,SKG,8057,多功能养生壶加厚电玻璃全自动煎药壶花茶,1
1129217,99.0,美的（Midea）料理搅拌机二合一炫彩家用榨汁机WBL25B26（果汁机）,1
878476,2299.0,松下（Panasonic）,NN-DF392B,è¼,HB04,西点,烤箱烘焙工具,模具,6件å理机搅æLº,红色,,1
1998216,119.0,奔腾（POVOS）ç,立式原汁机,慢速榨汁机,中国红,1
1214µ热水壶,1
181619,169.0,格兰仕（Galanz）1.5L玲珑电饭煲§操作PHT5093H,1
1159979,99.0,小熊（Bear）,BQL-A05T1,家用冰淇淋机,0.5L,双层保温å9°淇淋机,0.5L,双层保温冷冻桶,1
895911,,1599.0,美的ï¤机烙饼机蛋糕机电饼档大烤盘悬浮双面,1
1018763,269.0,北美电器（ACA）ABT-MPT3-L32D618SG植ç0,九阳（PO¨榨汁机,1
2ZE)DGD-13EG电炖13,1080.0,柏翠（petrus）家用原汁机,榨汁机PE2880,,1
1183366,239.0,利仁（Liven）电80366,239.0,利仁（Liven）电饼铛煎烤机电脑版方盘饼5957,多功能养生壶加厚电玻璃全自动煎药壶花茶,1
1129217,99.0,美的（Midea）料0,29217,99.0,美的（Midea）料理搅拌机二合一炫彩家ç.0,小熊（Bear）JYH-B40Q1,煎药壶,陶瓷养生壶,全自动分体中药锅,3.5L,1
861600,179.0烤箱烘焙工具,模具,6件å理机搅æLº,红色,,1
19,T式原汁机,慢速榨汁机,中国红,1
1214µ热水壶,1
181619,169.0,格兰仕（Galanz）1.B01,2.0L,不锈钢电水壶,,1
1090578,7200.0,维他美仕（vitamiL-A05T1,家用冰淇淋机,0.5L,双层保温å9°淇淋机,0.5L,双层保温冷冻桶,1
895911,保温食品级304不锈钢烧水电水壶S1701（1.7L/升）,1
896846,128.0,尚朋堂（Sunpentown）,YS-EP1215,电热水瓶,1
555450,129.0,格兰仕（Galanz）,B401T-30F5A电饭煲,1
1856209,2480.0,松下（Panasonic）SD-PT1000,全自动变频面包机,1
141380,549.0,德国博朗（Braun）HT400,多士炉早餐烤面包机,吐司机三明治机,1
515275,99.0,北欧欧慕（nathome）电水壶保温不锈钢热水壶NSH0801,石榴红,1
1308514,2999.0,飞利浦（PHILIPS）HD4568/00¼Midea）料理搅拌机二合一炫彩家ç.0,小熊（Bearï·,模具,6件å理机搅æLº,红色,,1
19,T式原汁机,慢速榨汁机,中国红,1
1214µ热水壶,1
181619,169.0,格兰仕（Galanz）1.B01,2.0L,不锈é9.0,小熊（Bear）DRG-210GA,电煮锅,不锈钢多功能电火锅电热锅,1L,1
563095,2680.0,韩国福库（CUCKOO）,CSJ-1103W,韩国进口原汁机,(白色),,淇淋机,0.5L,双层保温冷冻桶,1
895911,保温食品级304不锈钢烧水电水壶S1701＿ï¸锈钢烧水电水壶S1701（1.7L/升）,1
896846,128.0,å79330,1399.0,德国博朗（Braun）KF610,美式咖啡机,家用全自动滴漏式,泡茶煮咖啡­煲,1
1856209,2480.0,松下（Panasonic）SD-PT1000,全自动å½博朗（Braun）HT400,多士炉早餐烤面包机,吐司机三明治机,1
515275,99.0,北欧æ.治机,1
515275,99.0,北欧欧慕（nathome）电水壶保温µ压力锅5L,,1
1220070,49.0,荣事达（Royalstar）RS-G55,加厚不锈钢内胆全自动家用酸搅拌机二合一炫彩家ç.0,小熊（Bearï·,模具,6件壶式原汁机,慢速榨汁机,中国红,1
1214µ热水壶,1
181619,169.0,格兰仕（Galanz）1.BK-131T,自动断电保温陶瓷电热水壶,1
1511169,399.0,SKG,2063,厨房机械,原汁机,低速榨汁机多功能家用果汁机,1
2015453,1799.0,松下（Panasonic）SR-ANM151-K,WIFI连接,IH电磁加热智能电饭煲4L/4升,京东微联APP控制,1
1270078,249.0,奔腾（POVOS）电压力锅特色无水焗功能高压锅LJ652（6L/升大容量）,1
1184957,129.0,MION,BVRVKT18H2-073,极光系列电水壶,红色,1
1139852,169.0,九阳（Joyoung）JYF-20FS62多功能迷你电饭煲2L智能电饭锅（陶晶内胆、可预约、可制蛋糕酸奶婴儿粥）,1
1174793,89.0,天际(TONZE)DGD20-20ZWD电炖锅紫砂锅2L,1
206181,139.0,小熊（Bear）DZG-305,电蒸锅,三层多功能预约,8L,1
1297235,1199.0,九阳（Joyoung）JYL-Y5多功能破壁料理机智能搅拌机家用果汁机（搅拌、榨汁、碎冰）,1
1740044,209.0,志高（CHIGO）ZG-519D,电压力锅5L一锅双胆,多功能,24小时智能预约,玫瑰红,1
788934,139.0,现代,（HYUNDAI）养生壶多功能钢化玻璃触摸煎药电水壶1.8L象牙白BD-YS1801,1
966848,179.0,奥克斯（AUX）电饭煲4L多功能智能预约电饭锅FB-40E,1
1464808,499.0,苏泊尔(SUPOR)密闭熬煮豆浆机DJ12B-Y97,1
990968,369.0,çS）电压力锅特色无水焗功能高压锅LJ652（6L/升大容量）,1
1184957,129.0,MION,B0,九阳（Joyoung）KL-26J601家用智能无油炸锅大容量空æoyoung）JYF-20FS62多功能迷你电饭煲2L智能电饭锅（陶晶内胆、可预约、可å陶晶内胆、可预约、可制蛋糕酸奶婴儿粥）,1
1
1140625,179.0,dostyle,EK202,玻璃不锈钢电水壶1.7L,1
1185352,699.0,摩飞（Morphyrichards２¸锅,三层多功能预约,8L,1
1297235,1199.0,九阳（Joyoun摙º能搅拌机家用果汁机（搅拌、榨汁、碎冰）,1
1740044,209.0,志高（CHIGO）ZG-¹阳（Joyoung）DJ12B-A603DG无网全钢多功能豆浆机,1
1228113,179.0,奥克斯（AUX）C2109L,数码触控,超耐磨微晶面板电磁炉,1
646202,199.0,美ç»璃触摸煎药电水壶1.8L象牙白BD-YS1801,1
966848,179.,能智能预约电饭锅FB-40E,1
1464808,499.0,苏泊尔(SUPOR)密闭熬煮豆浆机DJ12B-Y97,9,)密闭熬煮豆浆机DJ12B-Y97,1
990968,369.0,çS）电压å带烤架,苹果绿,1
1581294,88.0,荣事达（Royalstar）RD-Q80A,多功能煎蛋器,鸡蛋杯,蛋卷机煮蛋器,早餐机,1
1220286,299.0,格兰仕（Galanz）K1,30L家用烘焙上下独立控温电烤箱,1
559697,39.0,立客(LIKE),LK-S1802,不锈钢电水壶,1.8L,防干烧、自动断电,1
1235538,199.0,依立（yili）TB68C48,紫砂电炖锅4.8L,紫砂美味煲,1
1045436,1299.0,摩飞（Morphyrichards）,MR4266,不锈钢,全自动美式咖啡机,1
1946195,129.0,奥克斯（AUX）AUX-S828,智能20功能养生壶,煎药壶,玻璃烧水壶,1.8L,金色,1
1036719,289.0,澳柯玛（AUCMA）,JD30-H8,电饼铛,全自动煎烤机,1
1036728,239.0,澳柯玛（AUCMA）,JJ30-H7,电饼铛,全自动煎烤机,1
945883,169.0,天际(TONZE)BJH-W220G养药电水壶1.8L象牙白BD-YS1801,1
966848,179.,能智能é350A,多用途电火锅电蒸锅电热锅电煮锅,1
1908306,99.0,美的（Midea）电水壶全钢籆浆机DJ12B-Y97,1
990968,369.0,çS）电压å带烤架,苹,JIRUSHI）『刚火IH』,NP-HBH18C,微电脑多功能电饭煲,日本标准1.8L/国内标准5L,不¨,早餐机,1
1220286,299.0,格兰仕（Galanz）K1,30L家用烔559697,39.0,立客(LIKE),LK-S1802,不锈钢电水壶,1.8L,防干烧、自动断电,1
1235538,19¿坤（EUPA）TSK-2266BM,多功能不锈钢料理锅,1
820431,299.0,飞利浦（Philips）HR2104/90手持搅拌器榨汁机,1
269530,79.0,九阳（Joyoung）JYL-C051,料理机多功能家用电动婴儿辅食搅拌机,1
1227410,599.0,格兰仕（Galanz）P50P-C009A,电热水瓶,5L保温,预约,不锈钢内胆,1
1364065,1390.0-H8,电饼铛,全自动煎烤机,1
1036728,239.0,澳柯玛（A5L（红色）,1
1069322,199.0,依立（yili）,5903-010,紫砂,电饭煲,1
1931646,269.0,小熊（Bear）电炖锅,砂锅3L煲汤锅DSG-A30K1,1
1774428,89.0,东菱ï1
1908306,99.0,美的（Midea）电水壶全钢籆浆机DJ12B-Y97,1
990968,369.0,çS）电压ngY97,1
990968,369.0,çS）电压å带烤架,苹,JIRUSHI）『壶,1
1722317,169.0,美的（Midea）料理搅拌机不锈钢专业榨汁机家用果汁机WJE4001D（榨汁机）,1
1158689,1398.0,贝尔斯顿（Bestday）ZYJ-920,榨油机家用不锈钢内胆植物油萃取机,1
998290,169.0,欧博(OPO),FX12-S101,电子茶盘,泡茶机,电磁炉茶盘,电茶壶,自动上水,电热水壶¨榨汁机,1
269530,79.0,九阳（Joyoung）JYL-C051,料理机多功能家用电动婴儿辅食æ功能家用电动婴儿辅食搅拌机,1
1227410,599.0,格兰äyoung）DJ08B-D633SG(C)植物奶牛小米浆多功能豆浆机,1
968231,168.0,荣事达（Royalsta全自动煎烤机,1
1036728,239.0,澳柯玛（A5L（红色）,¼Galanz),微波炉,P70F23P-G5(SO),,23L,1
619043,599.0,九阳（Joyoung）DJ13B-D58SG倍浓植物奶,砂锅3L煲汤锅DSG-A30K1,1
1774428,89.0,东菱ï1
1908306,9M5¢籆浆机DJ12B-Y97,1
990968,369.0,çS）电压ngY97,1
990968,369.0,çS）电压å带烤架,èµ脑版5L一锅双胆电压力锅（24小时预约）,1
1155158,239.0,利仁（Liven）电饼铛煎烤机机械版34cm烤盘,LR-353F,1
1912967,399.0,苏泊尔（SUPOR）电饭锅电饭煲,CFXB130B2-200,1
1815858,599.0,奥克机,1
998290,169.0,欧博(OPO),FX12-S101,电子茶盘,泡茶机,电磁炉茶盘,电茶壶,自劑灶（KAMJOVE）JD-20A,超静音自吸加水,微电脑控温,电èC051,料理机多功能家用电动婴儿辅食æ功能家用电动婴儿辅食搅拌机,1
1²,µ动婴儿辅食搅拌机,1
1227410,599.0,格兰äyoung）DJ0烤机,1
1036728,239.0,澳柯玛（A5L（红色）,¼Galanz),微波炉,P70F23P-G5(SO),,23L,1
619ª动抽水壶,上水器,电子茶盘,电热水壶套装,泡茶机43,599.0,九阳（Joyoung）DJ13B-D58SG倍浓植物奶,砂锅3L煲汤锅DSG-A30K1,1
1774428,89.äµ压ngY97,1
990968,369.0,çS）电压å带烤架,èµ脑版5L一锅双胆电压力锅（24小时预约）,1
1155158,239.0,利仁（Liven）电饼铛煎烤4L/4升,智能电饭煲FS409,,1
1831720,399.0,九阳（Joyoung）原汁机JYZ-V911家用慢速原汁机,1
954230,299.0,美的（Midea）电饭煲,4L/4升,可视天窗设计多功能智能电饭锅FC4019,1
988427,6900.0,意大利德龙（Delonghi）ECAM22.110.SB,咖啡机家用全自动咖啡机,整机欧洲原装进口,1
1428670,4999.0,飞利浦（PHILIPS）HD8761/07全自动意式咖啡机,1
1094039,119.0,伊莱特（Enaiter）YC40H1,简爱系列,多功能,智能电饭煲,1
94230º¢色）,¼Galanz),微波炉,P70F23P-G5(SO),,23L,1
619ª动抽水壶,上水器,电子茶盘,电热水壶套装,泡茶机43,599.0,九阳（Joyoung）DJ13B-D58SGå水壶,上水器,电子茶盘,电热水壶套装,泡茶机43白色,1
1294751,189.0,利仁（Liven）多功能电火锅HG-B2600,（优质304不锈钢）,1
1532ngY97,1
990968,369.0,çS）电压å带烤架,èµ脑版5Lä预约）,1
1155158,239.0,利仁（Liven）电饼铛煎烤4L/4升,智能电饭煲FS409,,1
1831,ç智能电饭煲FS409,,1
1831720,399.0,九阳（Joyoung）原361MXPE,微波炉,1
1003648,99.0,九阳（Joyoung）电炖锅DGJ1502BM迷你白瓷电炖盅1.5L,1
796394,790.0,凯伍德（Kenwood）,AT970A,压面器,厨师机配件,1
1102262,239.0,九阳（Joyoung）JYY-50YL80,多功能家用电压力煲智能电压力锅5L（双胆、可预约）,1
1507152,499.0,东菱（Donlim）DL-T06GS,面包机,家用全自动智能撒果料,彩钢,1
1677308,1089.0,苏泊尔（SUPOR）CFXB40HZ）,¼Galanz),微波炉,P70F23P-G5(SO),,23L,1
619ª动抽水壶,E¶套装,泡茶机43,599.0,九阳（Joyoung）DJ13B-D58SGå水壶,上水器,电子茶盘,电热慢磨原汁机,红色,1
1801455,599.0,美的（Midea）HJ13C21,砤功能电火锅HG-B2600,（优质304不锈钢）,1
1532ngY97,1
990968,369.0,çS）电压å,ZDQ-B14A1,不锈钢煎蛋器,1
1316011,1999.0,飞利浦（PHILIPS）HD4566/00智能电饭煲智芯回漩IH,1
1102184,1298.0,虎牌（Tiger）JAX-C18C,电饭煲国内5L,1
758371,14.8,美乐家（melitta）,1X4纯白咖啡滤纸,（40片装）,,1
758348,49.0,美乐家（melitta）便携式咖啡过滤器（红色）,1
1086555,1999.0,米技（MIJI）Miji,Gala,I,1600W,德国米技炉,电陶炉,白色,1
766337,199.0,奔腾（POVOS)电磁炉整板触摸超薄电磁灶CG2184(赠送汤锅),1
1133144,399.0,东菱（Donlim）DL-T15,面包机,家用全自动撒果料(全新改版升级),1
1325045,99.0,益美（Yimei）白瓷电炖锅煲汤锅陶瓷煮ç微波炉,P70F23P-G5(SO),,23L,1
619ª动抽水壶,E¶套装,泌å13B-D58SGå水壶,上水器,电子茶盘,电热慢磨原汁机,红色,1
1801455,599.0,美ç0º,红色,1
1801455,599.0,美的（Midea）HJ13C21,砤功能ç
1247660,299.0,苏泊尔（SUPOR）电饭煲电饭锅CFXB40FC833-75立体加热,1
1463968,99.0,奥克斯（AUX）CB2007G,大线圈匀火加热,智能数码显示ç2184,1298.0,虎牌（Tiger）JAX-C18C,电饭煲国内5L,1
758371,14.8,美乐家（melitta）,JYF-40FS06多功能电饭煲4L智能电饭锅（24小时预约）,tta）便携式咖啡过滤器（红色）,1
1086555,1999.0,米技（MIJI）Miji,Gala,I,1600W,徜º,1
1264929,239.0,利仁（Liven）炫彩多功能电煎锅JG-J350炉整板触摸超薄电磁灶CG2184(赠送汤锅),1
1133144,399.0,东菱（Donlim）DL-T15,面å0,东菱（Donlim）DL-T15,面包机,家用全自动撒果料(å益美（Yimei）白瓷电炖锅煲汤锅陶瓷煮ç微波炉,P70F23P-G5(SO),,23L,1
619ª动æ0F23P-G5(SO),,23L,1
619ª动抽水壶,E¶套装,泌å13B-D58SGåµ热慢磨原汁机,红色,1
1801455,599.0,美ç0º,红色,1
1801455,599.0,美的（Midea）H）,SR-CHB18,微电脑电饭煲电饭锅,5L,1
943365,199.0,奥克斥­锅CFXB40FC833-75立体加热,1
1463968,99.0,奥克斯（AUX）CB2007G,大线圈匀火加热,æµ热锅（不锈钢）,,1
1599489,399.0,苏泊尔（SUPOR）榨汁机原汁机SJYZ25D-200,1
1171249,169.0,dostyle,HB201,手持料理榨汁机,(婴儿辅食机、碎肉、搅拌多功能),1
607978,3999.0,北欧欧慕（nathomeï5,1999.0,米技（MIJI）Miji,Gala,I,1600W,徜º,1
1264929,239.0,利仁（Liven）炫彩多功è1,利仁（Liven）炫彩多功能电煎锅JG-J350炉整板触æN632,九大烹饪功能电压力锅,特有无水焗功能,1
411943,399.0,九阳（Joyoung）JYZ-E8卧式慢速原汁机家用水果机低速榨汁机（汁渣分·煮ç微波炉,P70F23P-G5(SO),,23L,1
619ª动æ0F23P-G5(SO),,23L,1
619ª动抽水壶,E¶套è23L,1
619ª动抽水壶,E¶套装,泌å13B-D58SGåµ热慢磨å2B-A635SG家用全自动无网全钢多功能豆浆机（孕婴辅食）,1
1453401,799.0,美的,（Midea）,X3-233A金色,微波炉,变频,23L,1
1204566,599.0,九饥克斯（AUX）CB2007G,大线圈匀火加热,æµ热锅（不锈钢）,,1
1599489,399.0,苏æ¢钢）,,1
1599489,399.0,苏泊尔（SUPOR）榨汁机原汁朔¨e,HB201,手持料理榨汁机,(婴儿辅食机、碎肉、搅拌多功能),1
607978,3999.0,北æ712,家用多功能电烤箱,发酵面包家用烤箱,1
1867168,279.0,小熊（Bear）MBJ-A10R2,面包机家用全自动,多功能蛋糕机不锈钢,1
1032440,199.0,荣事达（Royalstar）养生壶煎药壶2L玻璃电水壶20大功能YSH20K,1
1274721,2680.0,海氏（Hauswirt）HO-M10,嵌入式烤箱多功能家用大烤箱高端商用电烤箱,1
1189117,199.0,利仁（Liven）,YG-D420,迷你多功能电压力锅,1
1041144,9999.0,飞利浦（PHILIPS）HD8753/15全自动浓缩咖啡抽水壶,E¶套装,泌å13B-D58SGåµ热慢磨å2B-A635SGåP401,料理机,搅拌机,碎冰机,和面机,,绞肉机,果汁机,切丝,,切片,豆浆机,1
1329481,369.0,韩国现代（HYUNDAI）QC-DT22E,电陶炉,配烤盘,1
1292633,3588.0,虎牌（Tiger）PDU-A50C,日本进口电热水瓶,1
1142868,699.0,SKG,1771,电烤1599489,399.0,苏泊尔（SUPOR）榨汁机原汁朔¨e,HB201,æDº、碎肉、搅拌多功能),1
607978,3999.0,北æ712,家用多功能电烤箱,发酵面包å¤功能电烤箱,发酵面包家用烤箱,1
1867168,279.0,小¼用全自动,多功能蛋糕机不锈钢,1
1032440,199.0,荣事达（Royalstar）养生壶煎èº¾（Royalstar）养生壶煎药壶2L玻璃电水壶20大功能Yliswirt）HO-M10,嵌入式烤箱多功能家用大烤箱高端商用电烤箱,1
1189117,199.0,利䥭煲10升大容量RZ-100B,1
1329382,299.0,九阳（Joyoung）JYY-5飞利浦（PHILIPS）HD8753/15全自动浓缩咖啡抽水壶,E¶套装,泌å13B-D58SGåµ热慀可预约）,1
350849,269.0,利仁（Liven）DNG-5000C电压力锞肉机,果汁机,切丝,,切片,豆浆机,1
1329481,369.0,韩国现代（HYUNDAI）QC-DT22E,电0Y½现代（HYUNDAI）QC-DT22E,电陶炉,配烤盘,1
1292633,358白色）,1
482669,399.0,美的（Midea）电烤箱家用烘焙MG38MD-ADRF,,1
1033665,299.0,飞利浦（PHILIPS）手持式料理机搅拌机做辅食多配件HR1608/03,1
1178223,239.0,荣事达（Royalstar）YDG20-60A9,2L智能迷你压力锅,（炫紫）,1
1751048,99.0,奥克斯（AUX）AUX-J16,双刀双速绞肉机,1.2L,家用多功能料理机,搅拌机,1
1998211,129.0,奔腾（POVOS）电水壶双层保温食品级304不锈钢电热水壶S1756（1.7L/升）,1
2098662,1490.0,德龙（Delonghi）胶囊咖啡机Genio,II-Mini限量版EDG466-Mini,1
1353146,399.0,九阳（Joyoung）JYL-C63V多功能料理机家用婴儿辅食果汁机（可切丝切片绞肉干磨搅拌）,1
1207140,299.0,汉美驰（Hamilton,Beach）25475-CN,早餐机,,汉堡包机,（银色）,1
816928,3699.0,Omega,Juicer,J8226,多功能慢速榨汁机,1
1151925,399.0,依立（yili）,TB63B48,汤大师,,营养系列,智能控制,UNDAI）QC-DT22E,电陶炉,配烤盘,1
1292633,358白色）,1
¤箱家用烘焙MG38MD-ADRF,,1
1033665,299.0,飞利浦（PHILIPS）手持式料理机搅拌机å）手持式料理机搅拌机做辅食多配件HR1608/03,1
113,YDG20-60A9,2L智能迷你压力锅,（炫紫）,1
1751048,99.0,奥克斯（AUX）AUX-J16,双刧æ¥克斯（AUX）AUX-J16,双刀双速绞肉机,1.2L,家用多al,129.0,奔腾（POVOS）电水壶双层保温食品级304不锈钢电热水壶S1756（1.7L/升ï¢电热水壶S1756（1.7L/升）,1
2098662,1490.0,德龙（De啡机意式半自动家用不锈钢锅炉(橄榄绿)复古系列ECO310.VGR,1
2168958,79.0,立客ï多功能料理机家用婴儿辅食果汁机（可切丝切çP99.0,汉美驰（Hamilton,Beach）25475-CN,早餐机,,汉堡包机,（银色）,1
816928,3699.0³º,（银色）,1
816928,3699.0,Omega,Juicer,J8226,多功能慢é（yili）,TB63B48,汤大师,,营养系列,智能控制,UNDAI）QC-DT22E,电陶炉,配烤盘,1
§¦QC-DT22E,电陶炉,配烤盘,1
1292633,358白色）,1
¤箱å19.0,飞利浦（PHILIPS）手持式料理机搅拌机å）手持式料理机搅拌机做辅食准5L,白色,1
1389350,598.0,柏翠（petrus）全自动家用面崫）,1
1751048,99.0,奥克斯（AUX）AUX-J16,双刧æ¥克斯（AUX）AUX-J16,双刀双速绞芀AUX）AUX-J16,双刀双速绞肉机,1.2L,家用多al,129.0,奔1718877,298.0,SKG,1208,多功能食品加工料理机,1200ml家用果汁机搅拌机,白色,1
134678£¶S1756（1.7L/升）,1
2098662,1490.0,德龙（De啡机意式能,可预约定时,1
608813,219.0,美的（Midea,),DE12G13,多功能全钢无网豆浆机,1
213954理机家用婴儿辅食果汁机（可切丝切çP99.0,汉ç早餐机,,汉堡包机,（银色）,1
816928,3699.0³º,（银色）,1
816928,3699.0,Omega,Jui36989,179.0,北美电器（ACA）AHM-PE350A,手持搅拌器,婴儿,智能控制,UNDAI）QC-DT22E,电陶炉,配烤盘,1
§¦QC-DT22E,电陶炉,配烤盘,1
1292633,3,电陶炉,配烤盘,1
1292633,358白色）,1
¤箱å19.0,é家用全自动搅拌揉面机,微电脑醒面,1
1145239,109.0,小熊（Bear）电热饭盒,加热饭盒,陶瓷双层1.6L,DFH-S267,1
974476,59.0,半球（Peskoe）,CFXB15-5M,电饭锅,1.5升,,1
1000543,149.0,九阳（Joyoung）JYZ-D51,营养专业榨汁机电动水果汁机（汁渣分离）,1
1167641,119.0,美的（Midea）料理搅拌机三合一炫彩家用榨汁机WBL25B36（果汁机）,1
1121697,98.0,飞利浦（PHILIPS）,HR2410/01,面条机塑型模块,意面塑型模块组合,1
939691,119.0,九阳（Joyoung）JYS-A800绞肉机多功能家用电动料理机婴儿辅食绞肉搅拌机,1
1130325,7200.0,优瑞（Jura）,ENA,Micro,1,原装进口,家用全自动咖啡机,1
1105249,269.0,欧博（OPO）,FX12-S209,电茶盘,泡茶æ0,北美电器（ACA）AHM-PE350A,手持搅拌器,婴儿,智è,配烤盘,1
§¦QC-DT22E,电陶炉,配烤盘,1
1292633,3,电陶炉,配烤盘,1
1292633,358白è,美的（Midea）X3-L232A微波炉23L,,1
1193778,369.0,松下（面,1
1145239,109.0,小熊（Bear）电热饭盒,加热饭盒,陶瓷双层1.6L,DFH-S267,1
974476G瓷双层1.6L,DFH-S267,1
974476,59.0,半球（Peskoe）,CFXB15-³¢0,九阳（Joyoung）JYZ-D51,营养专业榨汁机电动水果汁机（汁渣分离）,1
1167641¸©机（汁渣分离）,1
1167641,119.0,美的（Midea）料理æTºWBL25B36（果汁机）,1
1121697,98.0,飞利浦（PHILIPS）,HR2410/01,面条机塑型模块,ç2410/01,面条机塑型模块,意面塑型模块组合,1
93969,00绞肉机多功能家用电动料理机婴儿辅食绞肉搅拌机,1
1130325,7200.0,优瑞）J机,1
1130325,7200.0,优瑞（Jura）,ENA,Micro,1,原装进å(可预约),1
664630,899.0,象印（ZO,JIRUSHI）,CV-CSH30C,电热水瓶,浅驼色,1
1296803,129¨（ACA）AHM-PE350A,手持搅拌器,婴儿,智è,配烤盘,161,229.0,苏泊尔（SUPOR）电饭煲电饭锅CFXB20FC817-35,1
945897,199.0,天际(TONZE)DGD-32EBGç 热饭盒,陶瓷双层1.6L,DFH-S267,1
974476G瓷双层1.6Lz）P70F20CL-DG(B0),20L,智能微波炉,1
135217,166.0,德尔多功能搅拌机BL-733-4,1
875261,499.0,九阳（Joyoung）DJ06B-DS01SG植物奶牛全钢小容量多机电动水果汁机（汁渣分离）,1
1167641¸©机（汁渣分离）,1
1167641,119.0,美ç离）,1
1167641,119.0,美的（Midea）料理æTºWBL25B36ï©浦（PHILIPS）,HR2410/01,面条机塑型模块,ç2410/01,面条机塑型模块,意面塑型æ¥¶机,1L,蜜罐陶瓷分杯,1
1089347,999.0,米技（MIJI）Miji,Home,Q6,德国米技炉,电陶炉,咖啡色,1
1226996,199.0,MION,MBL-25HA9,运动型便携搅拌机,料理机榨汁机,myblend,白色,可碎冰,1
998007,1680.0,尚朋堂（Sunpentown）,YS-IC34H01,嵌入式双灶电磁炉,进口超耐温NEG面板,全屏触摸式超作,1
143611,99.0,格兰仕（galanz）A601T-40YK电饭煲,4升,1
874325,799.0,美的（Midea）,EHS15Q3-PWRY,精准预约,全自动大米智能面包机,1,陶瓷双层1.6L,DFH-S267,1
974476G瓷双层1.6Lz）P70F20CL-用电动婴儿辅食绞肉机,玻璃杯,1
1256631,298.0,东菱（Donlim）DL-K33B,立方体内胆,家用全温型多功能电烤箱,1
1447318,299.0,九阳（Joyoung7641¸©机（汁渣分离）,1
1167641,119.0,美ç离）,1
1167641,119.0,美的（Midea）æ,格兰仕（Galanz）B551T-45F16,电饭煲,1
767299,279.0,小熊ｐ陶瓷分杯,1
1089347,999.0,米技（MIJI）Miji,Home,Q6,德国米技炉,电陶炉,咖啡色,1
1226996,199.0,MION,MBL-25HA9,运动型便携搅拌机,料理æ565600,99.0,利仁(Liven)LL-A(小旋风料理机）,1
1831839,99.0,九阳（Joyoung）电饭煲家用迷你电饭锅3L/3升JYF-30YJ02,1
2151872,2380.0,松下（Pan灶电磁炉,进口超耐温NEG面板,全屏触摸式超作,1
143611,99.0,格兰仕（galanzï143611,99.0,格兰仕（galanz）A601T-40YK电饭煲,4升,1
87al3-PWRY,精准预约,全自动大米智能面包机,1,陶瓷双层1.6L,DFH-S267,1
974476G瓷双R1.6L,DFH-S267,1
974476G瓷双层1.6Lz）P70F20CL-用电动婴å¨,1
274576,399.0,格兰仕（Galanz）微波炉/光波炉,G70D20CN1P-D2(S0),20L,1
1303328,2699.0,N多功能电烤箱,1
1447318,299.0,九阳（Joyoung7641¸©机Ｎ¶ç离）,1
1167641,119.0,美的（Midea）æ,格兰仕（Galanz）B551T-45F16,电饭煲,1
IKlanz）B551T-45F16,电饭煲,1
767299,279.0,小熊ｐ陶瓷分泊尔（SUPOR）豆浆机DJ12B-Y59E,1
1102303,259.0,欧博（OPO）,FX12-S206,电茶盘,泡茶机,自动上水器加水器电水壶,热水壶,控温电茶壶,电磁炉茶盘（黑色）,1
1684744,29.9,科立泰（QLT）QLT-1251,不锈钢碗酸奶机1L,1
1086562,1799.0,米技（MIJI）Miji,Gala,I,1700W,德国米技炉,电陶屏触摸式超作,1
143611,99.0,格兰仕（galanzï143611,99.0,格兰仕（galanz）A601T-ç,格兰仕（galanz）A601T-40YK电饭煲,4升,1
87al3-PWRY,璸锅,9L,1
969855,219.0,九阳（Joyoung）JYK-50P01电热水瓶5L家用烧水壶不锈钢三段保267,1
974476G瓷双层1.6Lz）P70F20CL-用电动婴å¨,1
274,糢炉/光波炉,G70D20CN1P-D2(S0),20L,1
1303328,2699.0,N多功能电烤箱,1
1447318,299.0,九,598.0,天际(TONZE)FD40CB电饭煲电饭锅电饭煲4L,1
727476,26ea）æ,格兰仕（Galanz）B551T-45F16,电饭煲,1
IKlanz）B551T-45F16,电饭煲,1
767299,27ILI）20MX24白色,机械版,转盘,20L,1
145609,169.0,奔腾（POV3,259.0,欧博（OPO）,FX12-S206,电茶盘,泡茶机,自动上水器加水器电水壶,热水åB´器加水器电水壶,热水壶,控温电茶壶,电磁炉茶ço泰（QLT）QLT-1251,不锈钢碗酸奶机1L,1
1086562,1799.0,米技（MIJI）Miji,Gala,I,1700W,,1galanzï143611,99.0,格兰仕（galanz）A601T-ç,格兰仕ï器,不锈钢迷你打蛋机打奶油机,1
1321748,99.0,荣事达（Royalstar）多用途电火锅电煮锅电蒸锅电热锅4升HG160H,1
1196713,269.0,苏泊å01电热水瓶5L家用烧水壶不锈钢三段保267,1
974476G瓷双层1.6Lz）P70F20CL-用ç,,双层真空1.5L,DFH-A15D1,1
1127448,10300.0,优瑞（Jura）,Impressa,c5,原装进口,家用商用全自动咖啡机,1
1127585,299.0,北美电器（ACA）AC-D03A,滴漏式咖啡机,美式咖啡壶,商务家用,1
1552853,599.0,美的（Midea）MB-WFZ5099IH,IH,电磁360°循环加热智能电饭煲,,5L/5升,1
2011839,459.0,苏泊尔（SUPOR）CYSB50YSW21QJ-100,智能电压力锅,京东åº,自动上水器加水器电水壶,热水åB´器加水器电水壶,热水壶,控温电茶壶¤,DL-TM018,1
1851370,499.0,苏泊尔（SUPOR）MG20Z38全自动家ç62,1799.0,米技（MIJI）Miji,Gala,I,1700W,,1galanzï143611,99.0,格兰仕（galanz）A601Tº,99.0,格兰仕（galanz）A601T-ç,格兰仕ï器,不锈钢¼48,99.0,荣事达（Royalstar）多用途电火锅电煮锅电蒸锅电热锅4升HG160H,1
119671´æ,1
974476G瓷双层1.6Lz）P70F20CL-用ç,,双层真空1.拌机,(浅啡色),1
1500492,139.0,九阳（Joyoung）SN-15E607,酸奶机,米酒、纳豆多功能,1
1183096,4999.0,酷晨（CUCHEN）,BT1010iDCN,韩国原装进口,语音,多功能,IH压力电饭煲,1
1328492,419.0,奔腾（POVOS）LE505,九大烹饪功能电场,美式咖啡壶,商务家用,1
1552853,599.0,美的（Mideaï加热智能电饭煲,,5L/5升,1
2011839,459.0,苏泊尔（SUPOR）CYSB50YSW21QJ-100,智能电厽缉CYSB50YSW21QJ-100,智能电压力锅,京东åº,自动上水å¬叉,1
973483,66.0,半球（Peskoe）,CFXB20-5M,电饭锅,(2升）,1
663102,299.0,飞利浦（PHIL499.0,苏泊尔（SUPOR）MG20Z38全自动家ç62,1799.0,米æ原汁机榨汁机NF-170(V),1
878486,2999.0,松下（Panasonic）,NN-DS591M,变频,蒸汽烤箱微ænz）A601T-ç,格兰仕ï器,不锈钢¼48,99.0,荣事达¨机械版多功能实用电压力锅4L（可拆卸密封圈）,1
1181986,690.0,意大利德龙（Delonghi）ICM15240.BK滴滤式咖啡壶前置咖啡粉容器,1
1312220,99.0,北美电器（ACA）ABT-LP11,烤箱烘焙工具套装11件套,模具,1
1362246,2598.0,惠人（HUROM）HU19WNM,原汁机低速榨汁机,1
481007,59919.0,奔腾（POVOS）LE505,九大烹饪功能电场,美式咖啡壶,商务家用,1
1552853,5990,¡壶,商务家用,1
1552853,599.0,美的（Mideaï加热智è4,苏泊尔（SUPOR）CYSB50YSW21QJ-100,智能电厽缉CYSB50YSW21QJ-100,智能电压力锅,京äQJ-100,智能电压力锅,京东åº,自动上水å¬叉,1
97349319/21不锈钢保温电水壶,1
1230695,199.0,苏泊尔（supor）电饼铛JD30A824-130,1
654487,459.0,灿坤（EUPA）TSK-1827RA,泵浦式高压咖啡机(黑色),下（Panasonic）,NN-DS591M,变频,蒸汽烤箱微ænz）A601T-ç,格兰仕ï器,不锈钢T1ç,格兰仕ï器,不锈钢¼48,99.0,荣事达¨机械版årphyrichards）,MR9100,英国,分离式研磨杯,电动咖啡磨豆器/磨粉器,玫瑰红,1
1209ICM15240.BK滴滤式咖啡壶前置咖啡粉容器,1
1312220,9´僤箱烘焙工具套装11件套,模具,1
1362246,2598.0,惠人（HUROM）HU19WNM,原汁机低逐机榨汁机,,多功能家用营养破壁调理机,咖啡褐,1
12½电场,美式咖啡壶,商务家用,1
1552853,5990,¡壶,商务家用,1
1552853,599.0,美的ï0®¶用,1
1552853,599.0,美的（Mideaï加热智è4,苏泊尔ï电厽缉CYSB50YSW21QJ-100,智能电压力锅,京äQJ-100,智能电压力锅,京东åº,自动²,电压力锅,京东åº,自动上水å¬叉,1
97349319/21不锈YL苏泊尔（supor）电饼铛JD30A824-130,1
654487,459.0,灿坤（EUPA）TSK-1827RA,泵浦式高0,EUPA）TSK-1827RA,泵浦式高压咖啡机(黑色),下（Panas03®±微ænz）A601T-ç,格兰仕ï器,不锈钢T1ç,格兰仕ï器,不锈钢¼48,99.0,荣.0ï器,不锈钢¼48,99.0,荣事达¨机械版årphyrichards键式电磁炉,1
1123547,128.0,天际(TONZE)BJH-W180P养生壶1.8L,1
1271671,499.0,SKG电热开水瓶光控节能电水壶1152（3段保温内置散热风轮5L大å598.0,惠人（HUROM）HU19WNM,原汁机低逐机榨汁机,,多功能家用营养破壁调理殢（LIKE）LK-S1828,触摸板多功能玻璃养生壶1.8L,1
1072238,109.0,美的（Midea）WH517E2b,外塑内钢双层保温防烫进口温控电热水壶（白ç599.0,美的（Mideaï加热智è4,苏泊尔ï电厽缉CYS璺¬äQJ-100,智能电压力锅,京东åº,自动²,电压力锅,京东åº,自动上水å¬叉,15215,299.0,美的（Midea）电饭煲,5L/5升,大容量,可预约å7,459.0,灿坤（EUPA）TSK-1827RA,泵浦式高0,EUPA）TSK-1827RA,泵浦式高压咖啡机(é52,219.0,利仁（Liven）多功能电火锅HG-B2800,（优质304䒢T1ç,格兰仕ï器,不锈钢¼48,99.0,荣.0ï器,不锈钢¼48,99.0,荣事达¨机械ç¼DDZ-1081,电炖锅,电炖盅,0.8L,1
900336,199.0,格兰仕（Galanz)YB501F电脑版5L双胆压力锅,1
1265591,3998.0,贝尔斯顿（Bestday）ZYJ-9028,榨油机家用全自动加热型植物油萃取机,1
1247659,399.0,苏泊尔（SUPOR）电压力锅,CYSB50FC99-100,1
803481,179.0,九阳（Joyoung）DGW2201AS,微电脑ç828,触摸板多功能玻璃养生壶1.8L,1
1072238,109.0,美çalstar）RS-CF100T,家用自动意式滴漏式咖啡机,1
229524,199.0,九阳（Joyoung）JYY-50YL1多功能电压力锅5L家用电压力煲智能高压锅（可预约）,1
1576627,499.0,九阳（Joyoung）JYY-50C1韩式酷炫电压力锅智能调压一键旋控,5L双胆,1
2004477,399.0,美的（midea）,WQC50B1P,家用智能电脑版一锅双胆5L电压力锅（24小时预约）,1
273195,498.0,依立（Yili),KSC38-I,紫砂电炖锅3.8L,1
963588,199.0,九阳（Joyoung）C21-SC807智能触控电磁炉灶（赠汤锅+炒锅）,1
911015,99.0,富鲜（FoodSaver）,FSFSRR6113-073,全球畅销，专利真空食物保鲜带，小型,1
1058409,1898.0,LG,MH6343BDN,23L,微波炉（银色）,1
521535,249.0,荣事达（Royalstar）60-100A35,6L京东专款电脑电压力锅无水焗,1
738481,399.0,松下（Panasonic）,SR-CCM051-W,电饭煲电饭锅,1
885956,1358.0,汉美驰（Hamilton,Beach）C33567,数码渒啡机,1
229524,199.0,九阳（Joyoung）JYY-50YL1多功能电压力锅5L家用电压力煲智能高压锅（可预约）,1
1576627,499.0,九阳（Joyoung）J机榨汁机第四代双口径OM240,1
895394,226.0,尚朋堂（Sunpentown）,,YS-IC2105YD(G),进口NEG白板,触摸,双圈加热,电磁炉,1
1605570,199.0,东菱（Donlim）DL-T06A,家用全自动不锈钢面包机,涡轮动力时预约）,1
273195,498.0,依立（Yili),KSC38-I,紫砂电炖锅3.8L,1
963588,199.0,九阳ï,499.0,尚朋堂（Sunpentown）,YS-OT3613,电烤箱,1
1221374,499
911015,99.0,富鲜（FoodSaver）,FSFSRR6113-073,全球畅销，专利真空食物保鲜带，德专利真空食物保鲜带，小型,1
1058409,1898.0,LG,MH6343,é5,249.0,荣事达（Royalstar）60-100A35,6L京东专款电脑电压力锅无水焗,1
738481,3.0µ压力锅无水焗,1
738481,399.0,松下（Panasonic）,SR-CCé358.0,汉美驰（Hamilton,Beach）C33567,数码渒啡机,1
229524,199.0,九阳（Joyoung）JY¤524,199.0,九阳（Joyoung）JYY-50YL1多功能电压力锅5L実家用电烤炉,不粘电烤盘烧烤机,烤肉煎烤机,1
788948,169.0,韩国现代（HYUNDAI）BD-FG1601,电火锅多功能韩式方锅黑色,1
532641,99.0,格来德（Grelide）WWk-1801K,1.8L保温电水壶,1
646197,199.0,美的（Midea）电磁炉整版触æ,家用全自动不锈钢面包机,涡轮动力时预约）,12-I,紫砂电炖锅3.8L,1
963588,199.0,九阳ï,499.0,尚朋堂（Sunpentown）,YS-OT3613,电烸锅微电脑版智能空气炸锅电炸锅ECF-301R（经典黑）,1
1112142,399.0,奥克斯（AUX）,HX-PB1058,全食物全营养多功能破壁料理机,调理机,©保鲜带，小型,1
1058409,1898.0,LG,MH6343,é5,249.0,荣五µ陶炉,红色,1
1233121,799.0,SKG,SKG4625,空气炸锅,3L,电炸锅,无油炸锅,1
139208,188.0,ç,1
738481,399.0,松下（Panasonic）,SR-CCé358.0,汉美é¬§慕（nathome）咖啡机滴漏式咖啡煮茶机NKF6007,黑色,1
1038832,599.0,松下（Panasoni¼Joyoung）JYY-50YL1多功能电压力锅5L実家用电烤炉,nghi）BCO410家用办公室泵压滴滤意式美式咖啡机,1
926272,239.0,九阳（Joyoung）C21-SC001超薄整板触摸电磁炉灶（赠汤锅+炒锅）,1
1832014,299.0,九阳（Joyoung）压力锅JYY-20M1迷你智能预约电压力煲,1
727463,59.0,德尔（Deer),JC6888,榨橙汁机,,家用电动柠檬西柚压汁机,1
1676506,249.0,依立（yili）Magic,A480,紫砂电炖锅,4.8L,电脑控制,预约保温,煲汤煲能空气炸锅电炸锅ECF-301R（经典黑）,1
1112142,399.0功能3D电火锅,1
1329476,299.0,韩国现代（HYUNDAI）QC-YS1819,多功能养生壶,煎药壶1.8,1
1058409,1898.0,LG,MH6343,é5,249.0,荣五µ陶炉,红色,1½瓷电炖锅,1
1319498,299.0,利仁（Liven）LR-D3001,可拆洗电脑版电饼铛（煎烤机）,0,松下（Panasonic）,SR-CCé358.0,汉美é¬§慕（nathomeï½4L电饭煲,性价比超强,1
1268204,199.0,奔腾（POVOS）FE403,绚丽中国红电饭煲,指çL1多功能电压力锅5L実家用电烤炉,nghi）BCO410家烽咖啡机,1
926272,239.0,九阳（Joyoung）C21-SC001超薄整板触摸电磁炉灶（赠汤锅+,,¿触摸电磁炉灶（赠汤锅+炒锅）,1
1832014,299.0,九é你智能预约电压力煲,1
727463,59.0,德尔（Deer),JC6888,榨橙汁机,,家用电动柠æ榨橙汁机,,家用电动柠檬西柚压汁机,1
1676506,249.9.0,欧博(OPO),FX12-S104,,电子茶盘,泡茶机,电磁炉茶盘,电茶壶,自动上水,电热水壶茶具套装,三合一烧水壶,金色,1
1645370,149.0,美的（Midea）料理搅拌机大口径榨汁机家用多功能原汁机WJE25G16（榨汁机）,1
20608998.0,LG,MH6343,é5,249.0,荣五µ陶炉,红色,1½瓷电炖锅,0,-D3001,可拆洗电脑版电饼铛（煎烤机）,0,松下（Panasonic）,SR-CCé358.0,汉美驉sonic）,SR-CCé358.0,汉美é¬§慕（nathomeï½4L电饭煲P2腾（POVOS）FE403,绚丽中国红电饭煲,指çL1多功能电压力锅5L実家用电烤炉,84212,99.0,志高（CHIGO）,C20L-NLC02,电磁炉,1
1329365,199.0,东菱（Donlim）DL-KE10,玻璃电热水壶1.7L,1
877689,299.0,美的（Midea）电热水瓶大容灶（赠汤锅+炒锅）,1
1832014,299.0,九é你智能预ç3¼Deer),JC6888,榨橙汁机,,家用电动柠æ榨橙汁机,,家用电动柠檬西柚压汁机,40用电动柠檬西柚压汁机,1
1676506,249.9.0,欧博(OPO),FXµ磁炉茶盘,电茶壶,自动上水,电热水壶茶具套装,三合一烧水壶,金色,1
164537016一烧水壶,金色,1
1645370,149.0,美的（Midea）料理æ,能原汁机WJE25G16（榨汁机）,1
20608998.0,LG,MH6343,é5,249.0,荣五µ陶炉,红色,1½°´5,249.0,荣五µ陶炉,红色,1½瓷电炖锅,0,-D3001,可拆æ0,松下（Panasonic）,SR-CCé358.0,汉美驉sonic）,SR-CCé358.0,汉美é¬§慕（nathome能高压电饭煲,CCRP-G1021MP,5L（粉色）,1
977716,99.0,小熊（Bear）DDZ-108TA,电炖锅,电炖盅,BB煲,0.8L,1
1204599,1299.0,九阳（Joyoung）JYZ-V3立式原汁机低速榨汁机家用婴儿果汁机(汁渣分离),1
1221972,79.0,科顺（KESUN）CG602,磨粉机,咖啡磨豆机,研磨机,1
1350819,349.0,奔腾（POVOS）FN505,四位数码显示电饭煲,不锈钢煲身,1
